pair,direction,open_date,close_date,holding_days,net_pnl,gross_pnl,open_commission,close_commission,total_commission,return_pct,close_reason,margin_released
AU-AL,long,2024-07-10,2024-07-11,1,726.4390999995778,1356.2999999995782,314.2362200000001,315.6246800000002,629.8609000000004,0.0038529353278645897,signal,188541.73200000005
SM-SF,short,2024-08-02,2024-08-08,6,48312.2283759988,49004.2799999988,355.2719439999999,336.7796800000001,692.051624,0.22664435508215838,stop_loss,213163.16639999993
AU-AG,long,2024-08-06,2024-08-08,2,-2706.06723200102,-1928.8000000010197,387.94129600000014,389.32593599999984,777.2672319999999,-0.011625759102828362,signal,232764.77760000006
PB-SM,short,2024-08-05,2024-08-08,3,9343.138614000161,10097.130000000161,381.67698600000017,372.31440000000003,753.9913860000001,0.04079862884371096,signal,229006.19160000008
SS-SF,long,2024-08-08,2024-08-09,1,-567.6447570005721,161.9249999994281,364.2904710000002,365.27928599999996,729.5697570000002,-0.002597033604540683,signal,218574.2826000001
SN-SF,long,2024-08-08,2024-08-13,5,-70920.02959440215,-70128.77200000215,389.09616199999994,402.1614324000003,791.2575944000002,-0.303781072309841,signal,233457.69719999994
CU-SF,long,2024-08-08,2024-08-14,6,-38078.47257499853,-37298.92499999853,386.78125500000016,392.7663199999999,779.547575,-0.16408272153295242,signal,232068.75300000008
AG-SF,long,2024-08-08,2024-08-15,7,-47705.61772400183,-47020.14000000183,343.957528,341.52019599999994,685.477724,-0.2311604090646226,signal,206374.5168
AU-HC,long,2024-08-14,2024-08-19,5,14036.93358000016,14763.00000000016,361.52090999999996,364.5455099999999,726.0664199999999,0.06471240985756611,signal,216912.54599999997
PB-HC,long,2024-08-14,2024-08-19,5,12912.414816001698,13669.760000001697,376.9696159999998,380.37556800000016,757.345184,0.05708866297596473,signal,226181.76959999985
PB-HC,short,2024-08-21,2024-08-27,6,-16281.323519998467,-15506.399999998466,386.24712000000034,388.6764,774.9235200000003,-0.07025434700975226,signal,231748.27200000017
SS-HC,short,2024-08-26,2024-08-27,1,-720.9581360002892,-16.600000000289583,351.6721439999999,352.6859919999997,704.3581359999996,-0.003416809985762807,signal,211003.2863999999
AU-HC,short,2024-08-21,2024-08-28,7,1024.8288420004644,1758.1500000004644,366.872394,366.4487639999999,733.321158,0.0046557007230169905,signal,220123.43639999998
AU-ZN,long,2024-09-05,2024-09-09,4,4487.057289999824,5032.7099999998245,272.75388399999997,272.8988259999998,545.6527099999998,0.027418230336424373,signal,163652.33039999998
CU-ZN,long,2024-09-05,2024-09-09,4,-6575.869858000764,-5926.070000000764,323.7024740000001,326.097384,649.7998580000001,-0.03385758212236567,signal,194221.48440000004
AU-AG,long,2024-09-02,2024-09-10,8,-24681.07280799953,-23921.599999999533,380.9791639999999,378.49364399999996,759.4728079999999,-0.10797210250234551,signal,228587.49839999992
HC-I,short,2024-09-06,2024-09-18,12,34166.020864000544,34731.44000000054,280.024344,285.394792,565.419136,0.20335149184982138,stop_loss,168014.6064
AU-AL,long,2024-09-23,2024-09-25,2,9926.480760002134,10563.600000002134,316.6388599999999,320.4803800000002,637.1192400000001,0.05224922361078347,signal,189983.31599999993
SS-HC,short,2024-09-24,2024-09-25,1,-2952.0441629991137,-2236.0049999991134,357.35859000000005,358.68057300000004,716.0391630000001,-0.013767889572763656,signal,214415.154
AG-SN,long,2024-09-25,2024-09-27,2,-5591.437368600798,-5000.661000000799,294.36017640000017,296.41619220000007,590.7763686000003,-0.031658705994039915,signal,176616.10584000006
SM-I,short,2024-09-30,2024-10-08,8,47448.22014899989,48141.854999999894,355.00859999999983,338.6262509999999,693.6348509999998,0.22275620059626686,stop_loss,213005.1599999999
AL-I,short,2024-09-30,2024-10-08,8,70062.98209399985,70785.98999999985,368.90575399999983,354.1021519999998,723.0079059999996,0.3165351463271921,stop_loss,221343.4523999999
ZN-I,short,2024-09-30,2024-10-08,8,49140.70905000013,49689.85000000013,279.7287699999998,269.4121799999999,549.1409499999997,0.29278783784020596,stop_loss,167837.2619999999
SN-I,short,2024-09-30,2024-10-08,8,34885.93988819998,35312.58499999998,217.04049739999985,209.6046143999999,426.64511179999977,0.2678911716638925,stop_loss,130224.29843999991
PB-I,short,2024-09-30,2024-10-08,8,51651.893731999866,52300.21999999986,330.4814319999999,317.84483599999993,648.3262679999998,0.2604881279784975,stop_loss,198288.85919999995
NI-I,short,2024-09-30,2024-10-08,8,55218.36625960019,55837.57000000019,315.6144331999999,303.5893071999999,619.2037403999998,0.29159189426026233,stop_loss,189368.65991999992
AG-SF,short,2024-09-30,2024-10-08,8,19020.157836000006,19743.780000000006,365.4698640000001,358.1523000000002,723.6221640000003,0.08673837758617495,signal,219281.91840000002
CU-SF,short,2024-09-30,2024-10-08,8,-30109.655932000518,-29431.380000000518,342.52802000000014,335.74791200000004,678.2759320000002,-0.14650702119688636,signal,205516.81200000006
AG-I,short,2024-09-30,2024-10-08,8,13937.306841000669,14643.855000000669,358.25837399999983,348.289785,706.5481589999998,0.06483824641877353,signal,214955.02439999988
CU-I,short,2024-09-30,2024-10-08,8,-18988.211360000507,-18235.560000000507,380.9313160000001,371.720044,752.6513600000001,-0.08307801854057642,signal,228558.78960000002
SS-RB,short,2024-09-30,2024-10-08,8,11794.245696000664,12384.690000000664,296.38025100000016,294.0640530000001,590.4443040000003,0.06632383937079903,signal,177828.15060000008
SM-SF,short,2024-09-30,2024-10-08,8,7178.845571999662,7872.5399999996625,351.65712000000013,342.0373080000001,693.6944280000002,0.034023888439965136,signal,210994.27200000006
PB-HC,short,2024-09-24,2024-10-08,14,-70411.6815680007,-69653.4400000007,372.49144000000007,385.75012800000025,758.2415680000004,-0.31504832060928567,signal,223494.864
AU-SS,short,2024-09-30,2024-10-09,9,-17021.80488799997,-16490.77999999997,267.13736599999993,263.8875219999999,531.0248879999998,-0.10619882661167399,signal,160282.41959999994
AU-RB,short,2024-09-30,2024-10-09,9,25440.439380000396,26195.280000000395,380.075838,374.7647819999999,754.84062,0.11155861031082083,signal,228045.50279999996
AU-SF,short,2024-09-30,2024-10-09,9,-22473.737909999974,-21720.869999999974,379.14586799999995,373.72204199999993,752.8679099999999,-0.09879108019185895,signal,227487.52079999994
AU-I,short,2024-09-30,2024-10-09,9,23611.843040000073,24150.800000000072,271.96555999999987,266.99139999999994,538.9569599999998,0.14469873219731746,signal,163179.33599999992
SN-SF,short,2024-09-30,2024-10-09,9,-980.437296000063,-264.2040000000634,359.22272039999984,357.01057559999987,716.2332959999997,-0.004548883094534089,signal,215533.6322399999
AU-HC,short,2024-09-24,2024-10-09,15,6145.8279480001165,6898.020000000117,376.8218279999999,375.3702239999999,752.1920519999999,0.027182731516286255,signal,226093.0967999999
PB-SS,short,2024-09-30,2024-10-09,9,-8692.61508800034,-7998.280000000341,347.78581200000013,346.54927599999996,694.335088,-0.04165693744094971,signal,208671.48720000006
CU-AL,short,2024-10-08,2024-10-14,6,-9336.883408000289,-8891.33000000029,221.77228299999993,223.781125,445.55340799999993,-0.0701686979822774,signal,133063.36979999996
SS-HC,long,2024-10-17,2024-10-18,1,22330.7374410014,23080.635000001403,372.3345629999997,377.5629960000002,749.897559,0.09995820811027518,stop_loss,223400.73779999983
AU-RB,long,2024-10-17,2024-10-18,1,14594.841120000836,15376.620000000836,389.3157779999998,392.463102,781.7788799999998,0.062480733056756325,signal,233589.46679999988
AU-HC,long,2024-10-17,2024-10-18,1,15681.655404000932,16465.200000000932,390.0897779999998,393.454818,783.5445959999997,0.06700019793905383,signal,234053.86679999987
PB-RB,long,2024-10-17,2024-10-18,1,16201.892160000894,16996.430000000895,395.212277,399.3255630000002,794.5378400000002,0.06832569525668226,signal,237127.36619999996
HC-I,short,2024-10-17,2024-10-21,4,7461.188246001822,8074.9100000018225,302.92054599999983,310.8012080000002,613.721754,0.0410514040976817,signal,181752.32759999987
PB-HC,long,2024-10-17,2024-10-21,4,22720.409441001033,23525.025000001035,399.59827699999994,405.01728200000014,804.6155590000001,0.09476354440921442,signal,239758.96619999994
AU-ZN,short,2024-10-24,2024-10-25,1,23863.85462599955,24419.38999999955,280.22422600000004,275.31114800000006,555.535374,0.14193309269175244,stop_loss,168134.5356
CU-ZN,short,2024-10-24,2024-10-25,1,25047.19577199941,25760.67999999941,360.6453500000001,352.8388780000001,713.4842280000003,0.11575173861708095,stop_loss,216387.21000000005
SN-SF,short,2024-10-25,2024-10-28,3,20595.197617402242,21404.53700000224,402.33974759999984,406.9996350000003,809.3393826000001,0.08531428865055313,signal,241403.84855999987
SS-SF,short,2024-10-25,2024-10-28,3,-1416.9487979997248,-688.649999999725,363.4875839999998,364.8112139999999,728.2987979999997,-0.006497006868877103,signal,218092.55039999986
SM-SF,short,2024-10-25,2024-10-28,3,-832.3272359999489,-153.49999999994907,338.51416799999987,340.313068,678.8272359999999,-0.004097943870993061,signal,203108.50079999992
AG-SF,short,2024-10-25,2024-10-29,4,13529.591808000483,14251.120000000483,360.79454399999986,360.73364799999996,721.5281919999998,0.06249905952014844,signal,216476.7263999999
CU-SF,short,2024-10-25,2024-10-29,4,729.8172099982858,1559.9999999982856,414.97184000000004,415.21094999999974,830.1827899999998,0.002931191708487519,signal,248983.10400000002
AU-AL,short,2024-11-07,2024-11-13,6,22905.983659998983,23571.99999999898,336.83756999999986,329.1787700000001,666.0163399999999,0.11333842431333196,stop_loss,202102.5419999999
CU-AL,short,2024-11-07,2024-11-13,6,9110.076206999354,9556.114999999354,226.3686049999999,219.67018800000008,446.03879299999994,0.06707405536646273,signal,135821.16299999994
PB-AL,long,2024-11-12,2024-11-14,2,-13314.21354899968,-12744.94499999968,286.22566,283.0428890000001,569.2685490000001,-0.07752748623236459,signal,171735.39599999998
AU-AL,long,2024-11-18,2024-11-27,9,-12146.773899999947,-11491.599999999948,325.75530999999995,329.41858999999994,655.1738999999999,-0.06214671732186525,signal,195453.18599999996
PB-NI,short,2024-12-12,2024-12-13,1,-1316.71514299935,-484.7549999993498,416.79769900000014,415.16244400000016,831.9601430000002,-0.005265204783033722,signal,250078.61940000005
AL-SN,short,2025-01-06,2025-01-07,1,-92.33322780016033,538.3369999998395,314.4202206,316.25000719999986,630.6702277999998,-0.0004894364386190092,signal,188652.13236
CU-AL,long,2025-01-06,2025-01-07,1,-4957.678744000627,-4110.5800000006275,421.95011600000004,425.148628,847.098744,-0.019582404633508178,signal,253170.0696
AU-ZN,long,2025-01-03,2025-01-13,10,-25795.56896599972,-25199.489999999718,298.52163200000007,297.5573339999999,596.078966,-0.14401842390883374,signal,179112.9792
ZN-SM,short,2025-01-15,2025-01-17,2,28514.01848899968,29334.52499999968,406.22299300000003,414.2835180000002,820.5065110000003,0.11698836591539959,stop_loss,243733.7958
SS-SM,short,2025-01-20,2025-01-21,1,23754.294696,24541.08,392.24954399999984,394.5357599999998,786.7853039999997,0.1009318984957189,stop_loss,235349.72639999987
AU-SS,long,2025-01-20,2025-01-22,2,-10715.35043399996,-10148.68999999996,282.00188599999996,284.65854799999994,566.6604339999999,-0.06332907074954788,signal,169201.13159999996
PB-SS,long,2025-01-20,2025-01-22,2,16931.527565000375,17752.075000000375,408.0556499999999,412.491785,820.547435,0.06915530420503666,signal,244833.38999999993
AU-ZN,long,2025-02-05,2025-02-06,1,16086.405528000934,16729.480000000935,320.14528799999994,322.9291840000001,643.074472,0.08374533964717158,signal,192087.17279999994
AU-AL,long,2025-02-05,2025-02-06,1,5876.229150000115,6550.450000000114,336.7063799999999,337.51446999999996,674.2208499999999,0.02908681222494268,signal,202023.82799999992
AU-AG,long,2025-02-11,2025-02-12,1,3209.5864799999827,3674.9599999999828,233.17226399999998,232.2012559999999,465.37351999999987,0.02294145413452765,signal,139903.35839999997
CU-SM,long,2025-02-11,2025-02-17,6,-36190.265493002036,-35374.905000002036,411.2158739999999,404.14461900000003,815.3604929999999,-0.14667991429485383,signal,246729.52439999994
AL-SM,long,2025-02-11,2025-02-17,6,-20824.26277600065,-20202.12000000065,313.33932000000016,308.8034560000001,622.1427760000003,-0.11076523886841821,signal,188003.5920000001
PB-SM,long,2025-02-11,2025-02-17,6,-25500.046600000103,-24905.500000000102,298.58362600000027,295.96297400000014,594.5466000000004,-0.14233894281485754,signal,179150.17560000013
AU-SN,short,2025-03-14,2025-03-17,3,8620.685055599382,9128.197999999382,254.4896919999999,253.02325240000013,507.51294440000004,0.05645732961946049,signal,152693.81519999992
RB-SN,short,2025-03-14,2025-03-18,4,48106.1886863979,48865.6319999979,384.68021999999974,374.76309360000016,759.4433135999999,0.20842501635253446,stop_loss,230808.13199999984
HC-SN,short,2025-03-14,2025-03-18,4,47906.00790239769,48669.43199999769,386.6509919999997,376.7731056000002,763.4240975999999,0.20649978444642456,stop_loss,231990.59519999978
SM-NI,long,2025-03-18,2025-03-19,1,30452.041131198286,31291.415999998288,417.2492428000001,422.1256259999997,839.3748687999998,0.12163809224612084,stop_loss,250349.54568000004
AU-NI,long,2025-03-18,2025-03-19,1,13719.81748399869,14524.81999999869,399.6171760000002,405.38533999999987,805.002516,0.05722066979756431,signal,239770.30560000008
PB-NI,long,2025-03-18,2025-03-19,1,12884.728742999212,13724.794999999212,417.19804400000015,422.86821299999974,840.066257,0.051473270821467895,signal,250318.82640000008
AG-NI,long,2025-03-18,2025-03-21,3,3035.491721999387,3702.4399999993875,334.45745300000004,332.49082500000014,666.9482780000002,0.015126446800989598,signal,200674.4718
AL-SN,short,2025-03-14,2025-03-21,7,3276.6043899986526,4002.3499999986525,366.81210400000003,358.9335060000001,725.7456100000002,0.014887751132292027,signal,220087.2624
AU-AL,long,2025-03-28,2025-04-02,5,-21743.656519999142,-21041.99999999914,350.57545999999996,351.0810600000001,701.65652,-0.1033712614491953,signal,210345.27599999998
AU-AG,long,2025-04-01,2025-04-02,1,-40.535371999902395,456.26000000009753,248.8300599999999,247.965312,496.79537199999993,-0.0002715063981143223,signal,149298.0359999999
CU-SN,short,2025-04-02,2025-04-08,6,-6776.883866999968,-5979.752999999968,417.74826720000016,379.3825998000001,797.1308670000003,-0.027037350796699947,signal,250648.96032000007
PB-NI,long,2025-04-07,2025-04-08,1,7977.435233799671,8671.902999999671,347.11024480000015,347.3575214,694.4677662000001,0.038304041983338526,signal,208266.14688000007
SS-I,short,2025-04-07,2025-04-08,1,6332.309020001788,7137.900000001788,406.99929999999995,398.59168000000005,805.59098,0.025930875966296868,signal,244199.57999999993
SM-AG,long,2025-04-07,2025-04-09,2,24745.88898199979,25354.30999999979,303.1672940000002,305.25372399999986,608.421018,0.13604088936893358,stop_loss,181900.3764000001
SM-NI,long,2025-04-07,2025-04-09,2,4509.42573839946,4973.92199999946,232.39102060000013,232.10524099999992,464.4962616,0.03234079158736264,signal,139434.61236000006
AU-HC,long,2025-04-07,2025-04-09,2,18599.600523999907,19204.579999999907,300.54527999999993,304.43419599999993,604.9794759999999,0.10314364014189982,signal,180327.16799999995
RB-NI,long,2025-04-07,2025-04-10,3,36983.954156798296,37831.807999998295,419.9757408000001,427.87810239999976,847.8538431999998,0.1467702002912065,stop_loss,251985.44448000003
CU-SM,short,2025-04-07,2025-04-10,3,28256.47898699982,29027.804999999822,383.7989880000001,387.52702500000004,771.3260130000001,0.12270520016326798,stop_loss,230279.39280000006
AU-NI,long,2025-04-07,2025-04-10,3,730.7241719983031,1504.419999998303,381.3330720000001,392.3627559999998,773.6958279999999,0.0031937267166724306,signal,228799.84320000003
AU-SS,long,2025-04-07,2025-04-10,3,-56470.644766000056,-55833.47000000006,313.53192999999993,323.64283599999993,637.1747659999999,-0.30018550670952965,signal,188119.15799999997
CU-ZN,short,2025-04-07,2025-04-10,3,10833.579292999484,11535.594999999485,349.01054699999986,353.0051599999999,702.0157069999998,0.05173472734144187,signal,209406.3281999999
AU-I,long,2025-04-08,2025-04-10,2,50842.78504000018,51486.000000000175,316.38687999999996,326.82807999999994,643.2149599999999,0.26783024336112476,signal,189832.12799999997
AG-NI,long,2025-04-07,2025-04-11,4,12871.367399597815,13731.473999997816,424.3264208000003,435.78017959999966,860.1066003999999,0.0505560765197812,signal,254595.85248000015
SF-NI,long,2025-04-07,2025-04-11,4,10616.5380037993,11211.6769999993,295.2546524000001,299.88434379999984,595.1389962,0.05992870853178184,signal,177152.79144000006
RB-SN,long,2025-04-07,2025-04-11,4,-77587.43725319952,-76765.00999999951,418.80612759999985,403.6211255999999,822.4272531999998,-0.3087643348559241,signal,251283.67655999988
HC-SN,long,2025-04-07,2025-04-11,4,-78003.58203119966,-77177.51999999967,420.66476759999995,405.3972635999999,826.0620311999999,-0.30904886756672484,signal,252398.86055999994
AG-SN,long,2025-04-09,2025-04-11,2,-14404.587468000054,-13616.908000000054,389.9763127999998,397.7031551999999,787.6794679999997,-0.06156180514561782,signal,233985.78767999986
SM-I,long,2025-04-08,2025-04-11,3,15242.86011599999,16070.57999999999,411.4575599999999,416.262324,827.7198839999999,0.06174334689584995,signal,246874.5359999999
AU-RB,long,2025-04-07,2025-04-11,4,77555.26932399994,78170.97999999994,300.01424,315.6964359999999,615.7106759999999,0.4308421567145166,signal,180008.54399999997
AU-ZN,long,2025-03-28,2025-04-14,17,-91035.29694399968,-90367.27999999968,334.75759999999997,333.25934399999994,668.016944,-0.4532398813549451,signal,200854.55999999997
AU-CU,long,2025-04-07,2025-04-14,7,-20351.745860000563,-19755.800000000563,290.76491,305.18094999999994,595.9458599999999,-0.11665636143417127,signal,174458.94599999997
AU-AL,long,2025-04-07,2025-04-14,7,-46180.2167700009,-45490.150000000904,340.30880000000013,349.75797,690.0667700000001,-0.22616819767811316,signal,204185.28000000006
SS-SM,short,2025-04-07,2025-04-14,7,-16436.73321999924,-15851.499999999241,294.4880599999999,290.74516000000006,585.23322,-0.09302433302954764,signal,176692.83599999995
AU-ZN,long,2025-04-16,2025-04-18,2,-5817.668119999083,-5062.7999999990825,375.8801399999999,378.9879799999998,754.8681199999997,-0.02579575907716701,signal,225528.08399999994
AU-AL,long,2025-04-22,2025-04-23,1,50315.23735000053,51034.250000000524,363.68589999999983,355.32675,719.0126499999999,0.2305800937475651,stop_loss,218211.5399999999
AU-ZN,short,2025-04-23,2025-04-28,5,-6848.953280000107,-6086.8000000001075,381.40735999999987,380.74591999999996,762.1532799999998,-0.029928426481684877,signal,228844.41599999988
SF-NI,short,2025-05-06,2025-05-07,1,1167.9969829986526,1790.0469999986526,310.8875881999999,311.16242880000016,622.050017,0.006261625462766185,signal,186532.55291999996
AG-SF,long,2025-05-06,2025-05-07,1,-4563.493493997985,-3715.109999997985,423.7455180000003,424.6379759999998,848.3834940000002,-0.01794903348097864,signal,254247.31080000015
RB-SF,long,2025-05-06,2025-05-07,1,-4075.193730000406,-3282.350000000406,395.49678,397.34695,792.84373,-0.017173311878798805,signal,237298.06799999997
CU-SF,long,2025-05-06,2025-05-07,1,-7736.196770000521,-6909.700000000521,412.6357299999998,413.8610399999999,826.4967699999997,-0.03124707907222239,signal,247581.43799999988
SN-SF,long,2025-05-06,2025-05-07,1,-2718.106136198162,-1910.6009999981616,403.5031490000003,404.00198719999986,807.5051362000002,-0.011227116578620805,signal,242101.88940000013
SS-SF,long,2025-05-06,2025-05-07,1,-445.91473200004793,267.97999999995227,356.81272800000016,357.0820040000001,713.8947320000002,-0.002082860732479475,signal,214087.63680000007
SM-SF,long,2025-05-06,2025-05-07,1,-2661.1339919993884,-1871.6399999993882,393.85296000000017,395.641032,789.4939920000002,-0.011261114604798145,signal,236311.77600000007
AU-SF,long,2025-05-06,2025-05-08,2,11193.237532000006,11850.700000000006,329.85016400000006,327.6123040000001,657.4624680000002,0.05655718238984012,signal,197910.09840000002
AU-AL,long,2025-05-07,2025-05-12,5,49760.096560001024,50468.100000001024,354.9619099999999,353.04153000000014,708.00344,0.23364054545082993,stop_loss,212977.14599999992
CU-AL,long,2025-05-07,2025-05-12,5,21996.060832001865,22855.760000001865,426.4654919999998,433.233676,859.6991679999999,0.0859626442804188,stop_loss,255879.29519999988
AU-ZN,short,2025-05-12,2025-05-13,1,236.12960200093698,946.050000000937,356.113204,353.807194,709.920398,0.0011051242477047507,signal,213667.92239999995
PB-SM,short,2025-05-22,2025-05-28,6,36382.57690000145,37148.54000000145,386.69667599999974,379.26642400000003,765.9630999999997,0.1568092821327203,stop_loss,232018.0055999998
AG-SF,long,2025-06-03,2025-06-04,1,35.48827800186723,892.2900000018672,427.85937600000017,428.9423459999998,856.8017219999999,0.00013823964910169933,signal,256715.6256000001
RB-SF,long,2025-05-29,2025-06-04,6,-26855.695657999273,-26019.289999999273,420.66167,415.7439880000001,836.4056580000001,-0.10640259371226315,signal,252397.002
AU-AL,long,2025-06-03,2025-06-05,2,3597.2189999996326,4308.799999999633,355.0528200000001,356.52818,711.5810000000001,0.01688583968999144,signal,213031.69200000007
CU-SF,long,2025-05-29,2025-06-06,8,-25690.326609999793,-24855.449999999793,415.8131599999999,419.0634499999999,834.8766099999998,-0.1029722364166308,signal,249487.89599999995
SM-SF,long,2025-05-29,2025-06-06,8,-50188.93540800022,-49346.80000000022,425.32214399999987,416.813264,842.1354079999999,-0.1966702812445157,signal,255193.2863999999
CU-ZN,long,2025-06-09,2025-06-12,3,5315.901397002428,6023.255000002428,353.50224399999996,353.85135900000006,707.353603,0.02506302523406532,signal,212101.34639999995
PB-SS,long,2025-06-10,2025-06-12,2,9028.659291998023,9764.579999998023,366.48881200000017,369.43189599999994,735.9207080000001,0.04105927655620594,signal,219893.28720000008
CU-ZN,long,2025-07-01,2025-07-02,1,-3194.3057629994482,-2473.2749999994485,360.67459900000006,360.35616399999975,721.0307629999998,-0.014760792562307426,signal,216404.7594
AG-SF,short,2025-07-02,2025-07-03,1,39080.6057719998,39913.639999999796,412.8596030000002,420.174625,833.0342280000002,0.15776390443637803,stop_loss,247715.76180000012
HC-I,long,2025-07-02,2025-07-03,1,-2738.425075998925,-2248.7199999989252,243.896766,245.8083099999999,489.7050759999999,-0.01871300660596517,signal,146338.0596
CU-SF,short,2025-07-02,2025-07-03,1,-614.7101479975769,71.18000000242318,342.95667999999984,342.93346800000023,685.8901480000001,-0.002987307065514209,signal,205774.00799999986
SN-SF,short,2025-07-02,2025-07-03,1,-998.2548939984338,-170.68799999843395,414.0012827999998,413.5656112,827.5668939999998,-0.004018727056620747,signal,248400.76967999985
SM-SF,short,2025-07-02,2025-07-03,1,5839.303725002313,6661.575000002313,412.46034000000026,409.8109349999998,822.2712750000001,0.023595414955541787,signal,247476.2040000001
AG-SF,short,2025-07-10,2025-07-14,4,58227.40241500015,59079.34500000015,420.8792380000001,431.0633470000002,851.9425850000002,0.23057842233516612,stop_loss,252527.54280000005
RB-SF,short,2025-07-10,2025-07-14,4,17504.764599999777,18311.399999999776,404.9545600000002,401.6808400000002,806.6354000000003,0.0720441514886665,signal,242972.7360000001
AU-SF,short,2025-07-10,2025-07-14,4,16449.046032000588,17093.600000000588,320.69914399999993,323.85482400000006,644.5539679999999,0.08548534423278968,signal,192419.48639999994
CU-SF,short,2025-07-10,2025-07-14,4,-4663.620354998791,-3824.4249999987915,420.1889199999998,419.006435,839.1953549999998,-0.018498109354393864,signal,252113.3519999999
SN-SF,short,2025-07-10,2025-07-14,4,660.752201200042,1485.3300000000418,412.60068639999986,411.97711239999984,824.5777987999998,0.002669054378642297,signal,247560.41183999987
AU-HC,short,2025-07-10,2025-07-14,4,-17726.77917200038,-17078.30000000038,322.5557559999999,325.923416,648.4791719999998,-0.0915954262286796,signal,193533.45359999995
SM-SF,short,2025-07-10,2025-07-14,4,16249.757729999357,17091.149999999358,423.20262000000014,418.1896500000002,841.3922700000003,0.0639951840326483,signal,253921.57200000004
PB-HC,short,2025-07-10,2025-07-14,4,5587.6964579993,6441.209999999301,427.778892,425.7346500000002,853.5135420000001,0.0217701892359823,signal,256667.33519999997
CU-AL,long,2025-07-14,2025-07-15,1,130.21212399987542,571.6199999998753,220.8101959999999,220.59768,441.4078759999999,0.0009828359858276613,signal,132486.11759999994
AG-SF,short,2025-07-21,2025-07-23,2,29331.521764998906,30214.404999998907,435.9878510000002,446.895384,882.8832350000002,0.11212667852144233,stop_loss,261592.71060000008
HC-I,long,2025-07-21,2025-07-23,2,-16537.446875999998,-15880.58,326.7578999999999,330.1089759999998,656.8668759999997,-0.08435117088217305,signal,196054.7399999999
AU-RB,short,2025-07-21,2025-07-23,2,-24734.9628879996,-24078.319999999603,325.93761199999994,330.7052759999999,656.6428879999999,-0.12648107069848083,signal,195562.56719999993
RB-SF,short,2025-07-22,2025-07-23,1,-3244.68423000128,-2391.55000000128,428.09771999999987,425.0365100000002,853.1342300000001,-0.012632179050152698,signal,256858.6319999999
AU-SF,short,2025-07-21,2025-07-23,2,20205.21094399981,20858.97999999981,324.43042599999995,329.3386299999999,653.7690559999999,0.10379837670753182,signal,194658.25559999995
CU-SF,short,2025-07-22,2025-07-23,1,-5511.6235750002625,-4656.425000000263,428.05607499999985,427.1424999999998,855.1985749999997,-0.02145989702790016,signal,256833.64499999987
SN-SF,short,2025-07-21,2025-07-23,2,1342.8727381991582,2174.304999999158,414.20998640000005,417.2222753999999,831.4322617999999,0.005403349276496175,signal,248525.99184
RB-I,long,2025-07-22,2025-07-23,1,-1736.6087000004384,-1213.2000000004382,263.1828700000001,260.22583000000014,523.4087000000002,-0.010997478040018575,signal,157909.72200000004
AU-HC,short,2025-07-21,2025-07-23,2,-24564.892787999594,-23906.939999999595,326.6096999999999,331.34308799999985,657.9527879999998,-0.12535294567185032,signal,195965.81999999995
SS-SF,short,2025-07-22,2025-07-23,1,-2193.0425760027247,-1373.8200000027246,410.32554000000005,408.89703599999984,819.2225759999999,-0.008907734478347463,signal,246195.32400000002
SM-SF,short,2025-07-21,2025-07-23,2,-55018.51893000055,-54145.35000000055,431.2228800000001,441.9460500000001,873.1689300000003,-0.21264532983500528,signal,258733.72800000003
PB-RB,short,2025-07-21,2025-07-23,2,-951.6173039993573,-108.53999999935695,421.90579800000023,421.1715060000002,843.0773040000004,-0.0037592013371641982,signal,253143.47880000013
SS-RB,short,2025-07-22,2025-07-24,2,30.52956799983383,764.7199999998338,367.4123120000002,366.7781199999998,734.190432,0.00013848913515194437,signal,220447.3872000001
PB-HC,short,2025-07-21,2025-07-24,3,-8243.560565998874,-7386.929999998874,427.95459000000005,428.6759759999998,856.6305659999998,-0.0321044987740361,signal,256772.75400000002
SS-HC,short,2025-07-21,2025-07-24,3,-28021.707640002023,-27214.400000002024,400.9845399999998,406.3231000000001,807.30764,-0.11647044064758721,signal,240590.72399999987
HC-AG,short,2025-07-22,2025-07-24,2,1065.9341039998492,1909.079999999849,421.9438559999998,421.2020399999999,843.1458959999998,0.00421041049593989,signal,253166.31359999985
ZN-SM,short,2025-07-25,2025-07-28,3,27704.85125999843,28550.699999998433,428.8803480000001,416.9683919999999,845.8487399999999,0.10766348310274497,stop_loss,257328.20880000002
CU-SM,short,2025-07-25,2025-07-28,3,44350.16013299919,45162.01499999919,411.4361609999999,400.4187059999999,811.8548669999998,0.17965589941181342,stop_loss,246861.69659999994
RB-SF,short,2025-07-25,2025-07-28,3,47070.788040001076,47818.08000000108,382.6363320000002,364.6556280000002,747.2919600000005,0.2050283959966503,stop_loss,229581.79920000012
SS-SF,short,2025-07-25,2025-07-28,3,22666.929498000885,23346.750000000884,345.2820960000001,334.5384060000001,679.8205020000003,0.10941261150708917,stop_loss,207169.25760000004
SM-SF,short,2025-07-25,2025-07-28,3,51244.717314000955,52013.71000000095,395.40449200000023,373.5881940000001,768.9926860000003,0.21600124408804527,stop_loss,237242.69520000013
PB-SM,short,2025-07-25,2025-07-28,3,26974.864152000253,27707.730000000254,370.180437,362.68541100000016,732.8658480000001,0.12144917025963863,stop_loss,222108.26219999997
AU-SM,short,2025-07-25,2025-07-28,3,-1936.6369619992265,-1289.7299999992265,324.319708,322.5872540000001,646.906962,-0.00995230382360455,signal,194591.82479999997
SF-I,long,2025-07-25,2025-07-28,3,17065.38089600001,17657.20000000001,301.44487200000015,290.374232,591.8191040000002,0.09435324377763289,signal,180866.92320000005
SS-HC,long,2025-07-28,2025-07-30,2,27818.701746001447,28708.79000000145,440.821766,449.26648800000027,890.0882540000002,0.10517743561238402,stop_loss,264493.0596
AU-RB,long,2025-07-28,2025-07-30,2,-1374.6582440005664,-727.7800000005664,323.4879000000001,323.39034399999997,646.878244,-0.007082481518889197,signal,194092.74000000005
AG-SF,short,2025-07-25,2025-07-30,5,-28649.24730000111,-27831.78000000111,413.2399680000002,404.227332,817.4673000000003,-0.11554725872982796,signal,247943.9808000001
AU-SF,short,2025-07-25,2025-07-30,5,-6102.191065999796,-5456.049999999796,323.909328,322.23173799999995,646.1410659999999,-0.03139865871146815,signal,194345.59679999997
SS-RB,long,2025-07-28,2025-07-30,2,13848.847367998977,14579.799999998977,362.6399920000002,368.31263999999993,730.9526320000001,0.06364828146146188,signal,217583.9952000001
RB-I,long,2025-07-25,2025-07-30,5,-4919.454799999214,-4070.7999999992135,426.91392,421.7408799999999,848.6547999999999,-0.019205490730618533,signal,256148.352
AU-HC,long,2025-07-28,2025-07-30,2,-1124.5091600004307,-476.40000000043074,324.0782200000001,324.03094,648.1091600000001,-0.005783115981487588,signal,194446.93200000006
PB-RB,long,2025-07-28,2025-07-30,2,6970.12393199738,7862.38999999738,444.9477950000003,447.3182729999998,892.2660680000001,0.026108395974848302,signal,266968.67700000014
AL-SM,short,2025-07-25,2025-07-30,5,13283.564912000184,13898.400000000183,310.29218399999996,304.542904,614.835088,0.07134976642961025,signal,186175.31039999996
PB-HC,long,2025-07-28,2025-07-30,2,8854.61705999874,9710.99999999874,426.84237000000013,429.54056999999995,856.3829400000001,0.03457411011001063,signal,256105.42200000005
SS-RB,long,2025-07-31,2025-08-01,1,-6023.878739999242,-5303.059999999241,360.31583200000006,360.50290800000005,720.8187400000002,-0.027863882206537998,signal,216189.49920000002
AU-HC,long,2025-07-31,2025-08-01,1,376.27651600088893,1021.060000000889,322.265636,322.51784800000013,644.783484,0.0019459956526923904,signal,193359.38159999996
PB-RB,long,2025-07-31,2025-08-01,1,-3483.5171329995046,-2603.284999999505,439.9773949999998,440.2547379999999,880.2321329999997,-0.013195818590481247,signal,263986.43699999986
PB-HC,long,2025-07-31,2025-08-01,1,-1470.6862789986476,-576.934999998648,446.53433299999966,447.21694599999995,893.7512789999996,-0.005489261669675647,signal,267920.5997999998
SS-HC,long,2025-07-31,2025-08-01,1,-2077.844724997144,-1196.9649999971443,439.89970199999976,440.98002300000024,880.879725,-0.00787241847611415,signal,263939.82119999983
HC-I,long,2025-07-25,2025-08-04,10,15030.14762999935,15560.96999999935,268.5710819999999,262.25128799999993,530.8223699999999,0.09327231310033197,signal,161142.6491999999
AU-RB,long,2025-07-31,2025-08-04,4,21815.448508000347,22463.14000000035,321.575432,326.11606000000006,647.691492,0.11306548084390743,signal,192945.25919999994
AG-SF,long,2025-07-31,2025-08-04,4,-10347.957541999334,-9493.119999999335,426.8904509999998,427.9470909999998,854.8375419999995,-0.04040051929700398,signal,256134.27059999987
RB-SF,long,2025-07-31,2025-08-04,4,-10270.866719999343,-9437.399999999343,417.07881999999984,416.3878999999999,833.4667199999997,-0.04104286858776217,signal,250247.2919999999
CU-SF,short,2025-07-25,2025-08-04,10,-13728.350300000282,-12880.850000000282,427.26682500000004,420.23347499999994,847.5002999999999,-0.053551042333637305,signal,256360.095
SN-SF,short,2025-07-25,2025-08-04,10,-22609.597056197123,-21771.74299999712,424.39222839999974,413.46182780000026,837.8540562000001,-0.08879206365864867,signal,254635.3370399998
SM-SF,long,2025-07-31,2025-08-04,4,-12413.324224000116,-11576.640000000116,418.5899519999997,418.0942719999999,836.6842239999996,-0.049425156069362305,signal,251153.9711999998
AU-SF,long,2025-07-31,2025-08-05,5,-25422.21117400065,-24776.73000000065,320.23186,325.24931400000014,645.4811740000001,-0.1323114819264634,signal,192139.11599999998
RB-I,short,2025-07-31,2025-08-05,5,-13253.035600000536,-12424.400000000536,410.83304000000015,417.8025599999999,828.6356000000001,-0.053764888692174204,signal,246499.82400000008
AG-SF,short,2025-08-06,2025-08-07,1,15991.919866001834,16867.500000001834,436.7120679999998,438.86806600000034,875.5801340000002,0.0610315164834642,signal,262027.24079999985
RB-SF,short,2025-08-06,2025-08-07,1,9532.213662999453,10390.274999999452,430.60116399999987,427.46017300000017,858.0613370000001,0.03689498333930598,signal,258360.6983999999
AU-SF,short,2025-08-06,2025-08-07,1,2445.6042940003294,3098.2700000003297,326.12268000000006,326.5430260000001,652.6657060000002,0.012498386057256783,signal,195673.608
CU-SF,short,2025-08-06,2025-08-07,1,3300.0618149974143,4143.224999997415,421.2964050000003,421.86677999999984,843.1631850000001,0.013055186229266987,signal,252777.84300000014
SN-SF,short,2025-08-06,2025-08-07,1,7629.350628198677,8462.040999998677,415.8477707999999,416.8426009999997,832.6903717999996,0.030577498000937058,signal,249508.66247999994
SM-SF,short,2025-08-06,2025-08-07,1,9491.43218399922,10355.63999999922,434.0986559999999,430.10916000000014,864.2078160000001,0.03644114862221252,signal,260459.1935999999
SS-SF,short,2025-08-06,2025-08-12,6,19099.467759000418,19778.89500000042,338.667315,340.7599260000002,679.4272410000001,0.09399326375797647,signal,203200.38899999997
AG-SF,long,2025-08-19,2025-08-19,1,-1839.2706020000005,-975.0,432.1548010000002,432.1158010000002,864.2706020000004,-0.007093409575087269,forced,259292.8806000001
RB-SF,long,2025-08-19,2025-08-19,1,-3206.8447840000003,-2310.0,448.3233920000002,448.5213920000002,896.8447840000003,-0.011921620424094814,forced,268994.0352000001
AU-SF,long,2025-08-19,2025-08-19,1,-764.0911519999457,-119.99999999994543,322.04557600000015,322.04557600000015,644.0911520000003,-0.0039543634449219775,forced,193227.34560000006
CU-SF,long,2025-08-19,2025-08-19,1,-1744.83862,-900.0,422.47931,422.35931,844.83862,-0.006883329663331127,forced,253487.58599999998
SN-SF,long,2025-08-19,2025-08-19,1,-1249.8513888000002,-420.0,414.92569440000005,414.92569440000005,829.8513888000001,-0.005020382386808389,forced,248955.41664000004
SM-SF,long,2025-08-19,2025-08-19,1,-3101.93322,-2250.0,425.83161000000007,426.10161000000005,851.9332200000001,-0.012140687958791974,forced,255498.96600000001
