date,kalman_beta,ols_beta,z_score,R
2021-04-19,1.1661648429596698,0.5095580791690829,-0.1461558315131503,2.179089783691788e-05
2021-04-20,1.166158660865159,0.5145929413505473,-0.000781011131645669,2.176911693908096e-05
2021-04-21,1.1651797634779775,0.5190627311349615,-0.1230156923294138,2.174735782214188e-05
2021-04-22,1.164243778052601,0.5236876365021648,-0.1157920471212373,2.172562046431974e-05
2021-04-23,1.162653879134052,0.5255653446092615,-0.1940616381345557,2.170390484385542e-05
2021-04-26,1.164850942207902,0.5252911155405673,0.2737396395602872,2.1682210939011565e-05
2021-04-27,1.1649366636121388,0.5399909479723048,0.01047230070808474,2.1660538728072555e-05
2021-04-28,1.16524609177805,0.5464416031720633,0.03902819953583826,2.1638888189344482e-05
2021-04-29,1.163361169837726,0.5422533454710272,-0.22758097005380587,2.161725930115514e-05
2021-04-30,1.1603925347162503,0.5156433723220657,-0.3665842548500904,2.1595652041853984e-05
2021-05-06,1.1590327556660591,0.4771657937717145,-0.16433449963236663,2.1574066389812132e-05
2021-05-07,1.1579394199157245,0.4435572422983558,-0.13129850375443594,2.1552502323422322e-05
2021-05-10,1.1563810123856446,0.41053532418290495,-0.1862673365685325,2.15309598210989e-05
2021-05-11,1.1577743101902822,0.3800405560532151,0.1806611001171583,2.1509438861277804e-05
2021-05-12,1.1576224461972635,0.3552855940185474,-0.018891732700343288,2.1487939422416525e-05
2021-05-13,1.1571510790701895,0.32184667013014573,-0.06043097066276908,2.146646148299411e-05
2021-05-14,1.1592797299566746,0.2892214492962865,0.27365555917017936,2.1445005021511116e-05
2021-05-17,1.1586022014250632,0.26394822931164497,-0.08198195382942673,2.1423570016489604e-05
2021-05-18,1.1621417907719758,0.2682911049614311,0.4407166945229439,2.1402156446473116e-05
2021-05-19,1.1627477596638052,0.27861459869808264,0.07841170557175764,2.1380764290026644e-05
2021-05-20,1.1625042197117472,0.2919862578057926,-0.030783399885490226,2.1359393525736618e-05
2021-05-21,1.1647407398248493,0.30879427239206614,0.28967146523213205,2.133804413221088e-05
2021-05-24,1.1672732783977835,0.3209917904528592,0.33433778472377307,2.131671608807867e-05
2021-05-25,1.165400087279892,0.3231308843930609,-0.22806164247017394,2.1295409371990593e-05
2021-05-26,1.1671534058004118,0.3251979625138958,0.22206630360047827,2.1274123962618602e-05
2021-05-27,1.1666984769327287,0.3281329288258721,-0.05543418543400235,2.1252859838655983e-05
2021-05-28,1.167452631425279,0.3357778114143525,0.09253838299665094,2.1231616978817327e-05
2021-05-31,1.165802151105278,0.34891874498109443,-0.20315274504130196,2.121039536183851e-05
2021-06-01,1.1662425150370013,0.3599935718108368,0.05469158806472301,2.1189194966476672e-05
2021-06-02,1.1681942782807797,0.3578376709145132,0.24938600863823948,2.1168015771510198e-05
2021-06-03,1.168258828243083,0.35553940722785426,0.008187732335009816,2.1146857755738687e-05
2021-06-04,1.1675536264073183,0.35022770529059044,-0.08916043620943287,2.112572089798295e-05
2021-06-07,1.1660450432609892,0.34606314294548984,-0.18573492031678274,2.110460517708497e-05
2021-06-08,1.1675673863182685,0.3375916486258278,0.19298530845066325,2.1083510571907884e-05
2021-06-09,1.1675032296907086,0.3395513809443327,-0.007914644637902838,2.1062437061335978e-05
2021-06-10,1.1659871787659968,0.34484329029674543,-0.18855644268939437,2.1041384624274644e-05
2021-06-11,1.162665130267416,0.35043523696449175,-0.38977567653914774,2.102035323965037e-05
2021-06-15,1.1628486153453683,0.34841981950728906,0.02335457689449841,2.099934288641072e-05
2021-06-16,1.164347930999407,0.34681821456894674,0.19314747194352436,2.097835354352431e-05
2021-06-17,1.1651118224553039,0.3430351643246077,0.09440228735175461,2.0957385189980785e-05
2021-06-18,1.1639746755028513,0.3365856446295984,-0.14591140480898293,2.0936437804790804e-05
2021-06-21,1.1626823314759274,0.34403907692345037,-0.162889288297105,2.0915511366986013e-05
2021-06-22,1.1611024924046158,0.34988475402272085,-0.19130851281290406,2.0894605855619027e-05
2021-06-23,1.1612939846714139,0.3497014298200285,0.023700150290994367,2.087372124976341e-05
2021-06-24,1.1611916116913583,0.3427084855256541,-0.012849899907577749,2.085285752851365e-05
2021-06-25,1.1595969604467629,0.3338963081919283,-0.1940149578455497,2.0832014670985136e-05
2021-06-28,1.1597603569169448,0.3315103422860686,0.0204542613388609,2.081119265631415e-05
2021-06-29,1.1609400436471546,0.3356889450196411,0.14818990387310155,2.0790391463657838e-05
2021-06-30,1.161370122004495,0.33308962360091504,0.05375461514494583,2.0769611072194182e-05
2021-07-01,1.1633954408288931,0.3228051591947202,0.2566773374047611,2.074885146112199e-05
2021-07-02,1.161043066195791,0.3098871454491497,-0.28735804063918907,2.0728112609660866e-05
2021-07-05,1.1595456966208657,0.3059538733968891,-0.18123814724751405,2.0707394497051207e-05
2021-07-06,1.1607220704983001,0.3106851406234274,0.14841246707786837,2.0686697102554156e-05
2021-07-07,1.1620792107097753,0.3236998423599298,0.1720367901367147,2.0666020405451602e-05
2021-07-08,1.1624515223641592,0.334581498975338,0.04717115465465605,2.064536438504615e-05
2021-07-09,1.1625113570254182,0.3269873635629476,0.0073971550980101155,2.0624729020661104e-05
2021-07-12,1.1606271414934144,0.2994905848518533,-0.23174541350052108,2.0604114291640443e-05
2021-07-13,1.1585250369916698,0.2625486611004778,-0.2579961081246091,2.0583520177348802e-05
2021-07-14,1.1568825828464362,0.2358827922040866,-0.20076240488602967,2.0562946657171456e-05
2021-07-15,1.1581498498394671,0.22297011905297617,0.15946689097921066,2.0542393710514285e-05
2021-07-16,1.159225145519763,0.2201550871776511,0.1333902102397088,2.052186131680377e-05
2021-07-19,1.1604467682538824,0.20990461875830987,0.15487280258302288,2.0501349455486967e-05
2021-07-20,1.1617856406436802,0.1806209552697915,0.1697908897997557,2.048085810603148e-05
2021-07-21,1.1614279414407025,0.14445733384176257,-0.04541497971749408,2.046038724792545e-05
2021-07-22,1.159951878326441,0.1138446545550344,-0.18048661213159817,2.0439936860677522e-05
2021-07-23,1.1587272118854273,0.09781466734725582,-0.15004177586710365,2.0419506923816846e-05
2021-07-26,1.158348890287826,0.09723283884950369,-0.04649069237863319,2.039909741689303e-05
2021-07-27,1.158292965822522,0.09345647642901674,-0.00697820648002489,2.0378708319476135e-05
2021-07-28,1.1587114610657405,0.09062073151815826,0.052947114255951125,2.035833961115666e-05
2021-07-29,1.1574038967589095,0.08987434240674448,-0.15920411963206013,2.0337991271545505e-05
2021-07-30,1.1555925086774728,0.09993241261916239,-0.21904030029295218,2.031766328027396e-05
2021-08-02,1.1566683347444822,0.1065057541535325,0.1356537789993273,2.0297355616993686e-05
2021-08-03,1.1559888573910884,0.07074158932621064,-0.0863364063229039,2.0277068261376694e-05
2021-08-04,1.155418650302357,0.0498910104986233,-0.07091785157703662,2.0256801193115318e-05
2021-08-05,1.1556306995305627,0.028364198208104385,0.026487478341318323,2.0236554391922202e-05
2021-08-06,1.1568815147756755,0.05299736110296998,0.15411172916362634,2.021632783753028e-05
2021-08-09,1.1561847503047333,0.05930015349265492,-0.08706663138264348,2.019612150969275e-05
2021-08-10,1.156101978806504,0.06113080158704821,-0.010297947879410851,2.017593538818306e-05
2021-08-11,1.1555901414506897,0.038769354459737095,-0.06310416784943161,2.015576945279488e-05
2021-08-12,1.1569008812016919,0.05473686806225729,0.16380117536618158,2.0135623683342086e-05
2021-08-13,1.1547618684980814,0.05322606551637298,-0.2660541935316627,2.0115498059658745e-05
2021-08-16,1.154768855698346,0.05620517181733847,0.000870422797001249,2.0095392561599086e-05
2021-08-17,1.154322121270217,0.07256505035920438,-0.05418084392475593,2.0075307169037486e-05
2021-08-18,1.1554807347524652,0.07799805589256131,0.1482666674199813,2.005524186186845e-05
2021-08-19,1.1558628384911678,0.08067554160550809,0.048585307664211125,2.0035196620006582e-05
2021-08-20,1.1550618467966491,0.09063913571503578,-0.09878998791399543,2.0015171423386578e-05
2021-08-23,1.15258631272437,0.09726971509466571,-0.3027089607991841,1.9995166251963193e-05
2021-08-24,1.1528018344787059,0.10204614601384186,0.026805519887679805,1.997518108571123e-05
2021-08-25,1.1529393801512529,0.11825766663377484,0.01693433848769564,1.995521590462552e-05
2021-08-26,1.1536140013114595,0.14173663144023504,0.08538147918307544,1.9935270688720894e-05
2021-08-27,1.1502974585694492,0.15638409919205795,-0.3994549087496364,1.9915345418032174e-05
2021-08-30,1.1479813090531577,0.16945379282867815,-0.2766333478396254,1.9895440072614144e-05
2021-08-31,1.1473324636713391,0.1637028251760395,-0.08161631044646456,1.9875554632541532e-05
2021-09-01,1.1481646502091007,0.16242990607315072,0.10629580836912751,1.9855689077908993e-05
2021-09-02,1.1465575096909137,0.1642572185109962,-0.19520495596428183,1.9835843388831086e-05
2021-09-03,1.1482890196651885,0.16761627809394317,0.2194462096275939,1.9816017545442256e-05
2021-09-06,1.1464520955107607,0.1698890172198135,-0.22158400239903878,1.9796211527896813e-05
2021-09-07,1.1460842541850083,0.16910557737821236,-0.045893380071353525,1.9776425316368918e-05
2021-09-08,1.1455899080109815,0.1725833660101109,-0.06083700616720821,1.975665889105255e-05
2021-09-09,1.144189918903675,0.18985804793391092,-0.16842476819383134,1.97369122321615e-05
2021-09-10,1.143165638865818,0.19205282849785063,-0.1262150023861757,1.971718531992934e-05
2021-09-13,1.1380638426424592,0.17512158425920588,-0.59974222371003,1.969747813460941e-05
2021-09-14,1.1426332848166068,0.16293439911828786,0.6234113699619659,1.9677790656474802e-05
2021-09-15,1.1416538973062733,0.1531665941051418,-0.1207046239726566,1.965812286581833e-05
2021-09-16,1.141472054540157,0.1405744477504766,-0.022714549430996808,1.963847474295251e-05
2021-09-17,1.142058182830062,0.13605418459949972,0.07261210393583718,1.961884626820956e-05
2021-09-22,1.1396367450262368,0.1298005169866467,-0.2928082934230139,1.959923742194135e-05
2021-09-23,1.136983987441648,0.12121775595015191,-0.32208624567411903,1.9579648184519408e-05
2021-09-24,1.1402124503012345,0.12294781147069328,0.4136631663622436,1.9560078536334888e-05
2021-09-27,1.1421039256050796,0.12838945249909062,0.2419740624923691,1.9540528457798554e-05
2021-09-28,1.1410405816415699,0.12520267708180724,-0.13309163599717083,1.9520997929340755e-05
2021-09-29,1.1402310664467357,0.12338165810576687,-0.10007416454347658,1.9501486931411416e-05
2021-09-30,1.14007938617046,0.11862231680529206,-0.01925387333679556,1.9481995444480004e-05
2021-10-08,1.1416338542726168,0.1238820365481395,0.19152895608107348,1.9462523449035525e-05
2021-10-11,1.141137535145582,0.13189122922923957,-0.060497889958007894,1.944307092558649e-05
2021-10-12,1.1413143506380719,0.15141793543301285,0.021509234986179748,1.9423637854660905e-05
2021-10-13,1.1418388257349605,0.17120109354717555,0.0649424581954424,1.9404224216806243e-05
2021-10-14,1.1485833911598928,0.21491465342902058,0.8410424110579847,1.9384829992589437e-05
2021-10-15,1.1450173676941644,0.2597063203565732,-0.42539382867995035,1.9365455162596847e-05
2021-10-18,1.1508034702238137,0.33895319349741615,0.7060487282706712,1.9346099707434252e-05
2021-10-19,1.1509097936277357,0.40005928921572487,0.013559305786813055,1.932676360772682e-05
2021-10-20,1.1512631666106297,0.4249475587155506,0.04885696797177971,1.9307446844119093e-05
2021-10-21,1.1508336881263872,0.4528215464499544,-0.053412869816885485,1.9288149397274976e-05
2021-10-22,1.1544534652357548,0.46444510615171486,0.49711535997553835,1.9268871247877702e-05
2021-10-25,1.154316645631317,0.4741611560750971,-0.016991459173777177,1.9249612376629824e-05
2021-10-26,1.1552614946777189,0.47710655026069126,0.12153986338545157,1.9230372764253195e-05
2021-10-27,1.1588793650808322,0.4669259306235607,0.49276432643358553,1.9211152391488944e-05
2021-10-28,1.1600367469534234,0.45222703005578724,0.14705837507905642,1.9191951239097456e-05
2021-10-29,1.158536907538053,0.4409609675461427,-0.18782961000014553,1.917276928785836e-05
2021-11-01,1.1600678837260883,0.4241451672148529,0.18841748984442314,1.9153606518570503e-05
2021-11-02,1.1580122539862705,0.4114666020136662,-0.25580038826534135,1.9134462912051932e-05
2021-11-03,1.1569359435166364,0.40300765131926514,-0.13120942844566574,1.911533844913988e-05
2021-11-04,1.1603122673569783,0.37955254723209453,0.44134421534247137,1.9096233110690742e-05
2021-11-05,1.1625666606933756,0.35428554201140044,0.30991103510115975,1.9077146877580052e-05
2021-11-08,1.1610163419597166,0.33446524913807896,-0.18863976272553842,1.905807973070247e-05
2021-11-09,1.162007436146185,0.31728309167223806,0.12347941889849944,1.903903165097177e-05
2021-11-10,1.1633321710932114,0.29522261071182393,0.16691153397717437,1.9020002619320797e-05
2021-11-11,1.1609712192626531,0.2783166417568996,-0.28295539264408553,1.9000992616701478e-05
2021-11-12,1.1599921199905325,0.26664494540236794,-0.12270862047335343,1.8982001624084777e-05
2021-11-15,1.1600163235862233,0.25920355249765054,0.0030452345656718015,1.896302962246069e-05
2021-11-16,1.1613112580147895,0.2518787280758729,0.16915502068826926,1.8944076592838233e-05
2021-11-17,1.1628709487074746,0.24075039895515096,0.1957646112560653,1.8925142516245396e-05
2021-11-18,1.1613665602984384,0.2423507314800574,-0.19039909919289175,1.890622737372915e-05
2021-11-19,1.1589997846994615,0.238613385545016,-0.2784349347009926,1.888733114635542e-05
2021-11-22,1.1601201549290328,0.23159957862284455,0.14105703016169724,1.8868453815209064e-05
2021-11-23,1.1632467401994084,0.21633636116404406,0.38873417215470313,1.8849595361393857e-05
2021-11-24,1.1627767149784123,0.20193310593239977,-0.05812395207981739,1.8830755766032463e-05
2021-11-25,1.1610133323232887,0.19086762286889866,-0.2147001578686711,1.881193501026643e-05
2021-11-26,1.1630749833556149,0.18178734309846598,0.2703239349050898,1.8793133075256165e-05
2021-11-29,1.1604279130256798,0.1788563465931507,-0.3289360848437948,1.877434994218091e-05
2021-11-30,1.1608875844910203,0.17801979239144314,0.057925221696193796,1.8755585592238728e-05
2021-12-01,1.160240830935199,0.17884336825089636,-0.0792258256573508,1.873684000664649e-05
2021-12-02,1.1617315449772716,0.1804868454386354,0.1916111875452615,1.8718113166639846e-05
2021-12-03,1.1620404747042063,0.1779062808828577,0.03790216603832001,1.8699405053473206e-05
2021-12-06,1.1612921761482171,0.1826447105545215,-0.09544550820715894,1.8680715648419733e-05
2021-12-07,1.1614853709518997,0.1849232138942086,0.023972063250279518,1.8662044932771315e-05
2021-12-08,1.1623343964062673,0.18675263103129286,0.10518824222219955,1.8643392887838546e-05
2021-12-09,1.1643510372156873,0.1862275174853146,0.2539602830834831,1.862475949495071e-05
2021-12-10,1.163302576496201,0.18777226150836532,-0.12935177245562882,1.860614473545576e-05
2021-12-13,1.1627196269566586,0.18966089935259484,-0.07085541636116881,1.8587548590720302e-05
2021-12-14,1.1618903072288311,0.19442289915209313,-0.1035046111896164,1.856897104212958e-05
2021-12-15,1.161186630603808,0.2090473823928882,-0.0897224981926402,1.855041207108745e-05
2021-12-16,1.1613501438728397,0.21680045203220755,0.020008706657207206,1.8531871659016365e-05
2021-12-17,1.1613391984943562,0.2253565738938507,-0.001309746377080947,1.851334978735735e-05
2021-12-20,1.1594303050492227,0.23713466264493696,-0.24082029972261518,1.8494846437569994e-05
2021-12-21,1.1594751501194929,0.24850406101789924,0.00559477005976677,1.8476361591132423e-05
2021-12-22,1.158757954190134,0.2651142717243689,-0.08639995049917969,1.845789522954129e-05
2021-12-23,1.159373043961944,0.2905644794945761,0.07540930343273396,1.843944733431175e-05
2021-12-24,1.1594786651862123,0.30990115288701187,0.013308073876300891,1.842101788697744e-05
2021-12-27,1.1609374466464524,0.3259029748315346,0.18977151173700063,1.8402606869090463e-05
2021-12-28,1.1604697038242753,0.34747038275240527,-0.057542794001624195,1.8384214262221374e-05
2021-12-29,1.1601411470797678,0.37431660971830427,-0.0408192228740191,1.8365840047959154e-05
2021-12-30,1.157172014857518,0.4057648574328014,-0.3556202352074089,1.8347484207911196e-05
2021-12-31,1.1574601068164947,0.4356836339070685,0.03613983399729767,1.8329146723703286e-05
2022-01-04,1.1580499687623187,0.4712592114121658,0.07455687752632309,1.8310827576979584e-05
2022-01-05,1.1586199153857957,0.5124413155624609,0.07023103752459267,1.8292526749402604e-05
2022-01-06,1.156788051623717,0.5590462208098748,-0.2234301058356371,1.8274244222653204e-05
2022-01-07,1.1548361277400916,0.5705588947483629,-0.23617164257940038,1.825597997843055e-05
2022-01-10,1.1533965272745124,0.6004759444425817,-0.17842096610213118,1.823773399845212e-05
2022-01-11,1.1517868605083394,0.5623566667948126,-0.1970618323240965,1.821950626445367e-05
2022-01-12,1.1537200029992716,0.5290852642129965,0.23897232111036276,1.8201296758189217e-05
2022-01-13,1.1546078938063689,0.5388192900685332,0.11269926109039237,1.818310546143103e-05
2022-01-14,1.1564940427608676,0.5628083447796512,0.23925254745319022,1.8164932355969598e-05
2022-01-17,1.1548676652647174,0.5694907983626174,-0.20327635385734982,1.814677742361363e-05
2022-01-18,1.1541880982863582,0.5748930755474566,-0.08378557195465577,1.8128640646190015e-05
2022-01-19,1.153717061005879,0.5804225018422198,-0.0578270356718195,1.8110522005543826e-05
2022-01-20,1.155464096678444,0.5901912251243938,0.2189534082304693,1.8092421483538283e-05
2022-01-21,1.155863272631829,0.5992291668360141,0.050037892136144346,1.8074339062054746e-05
2022-01-24,1.1566040523230472,0.6046350225878523,0.09523700772487109,1.805627472299269e-05
2022-01-25,1.155983131496538,0.6061437034303995,-0.0772889221546226,1.80382284482697e-05
2022-01-26,1.1543057876613736,0.6075028998294872,-0.20249855304673342,1.8020200219821432e-05
2022-01-27,1.1536798452520782,0.6072360190353371,-0.07800600603816346,1.800219001960161e-05
2022-01-28,1.1534108180016305,0.6083208413018466,-0.03259840901126143,1.798419782958201e-05
2022-02-07,1.1508585216655864,0.5951037568125057,-0.3120816606112789,1.796622363175243e-05
2022-02-08,1.1505142206284795,0.5858716508150594,-0.04183821829537283,1.7948267408120676e-05
2022-02-09,1.1486495686074856,0.5706392142037792,-0.2301340066665558,1.7930329140712555e-05
2022-02-10,1.148558663197014,0.5662740807400797,-0.011035801651917374,1.7912408811571842e-05
2022-02-11,1.1506511309214382,0.5653225834039738,0.27196887547351983,1.789450640276027e-05
2022-02-14,1.1500252884183344,0.5597499630040296,-0.07788912704547958,1.787662189635751e-05
2022-02-15,1.1489713057538784,0.5485019814941189,-0.13182256277934673,1.7858755274461155e-05
2022-02-16,1.1489574577300528,0.534387664671619,-0.0017373412061215657,1.7840906519186694e-05
2022-02-17,1.1485672588224005,0.5233000236614489,-0.048803579479564964,1.7823075612667507e-05
2022-02-18,1.1487108434398634,0.5069910584286026,0.017603576316334395,1.780526253705484e-05
2022-02-21,1.1481385909781519,0.49158299166717345,-0.07252590548974812,1.7787467274517786e-05
2022-02-22,1.146464065253116,0.47429366292790537,-0.20435921869969392,1.776968980724327e-05
2022-02-23,1.1479828626633621,0.47211644746488407,0.19109158110431654,1.7751930117436026e-05
2022-02-24,1.1458315939098638,0.4632863313170685,-0.2659997180913191,1.773418818731859e-05
2022-02-25,1.1478529051466835,0.4580118293171801,0.2596461153820561,1.771646399913127e-05
2022-02-28,1.1473895799817644,0.4547213153259151,-0.056528308389953076,1.769875753513214e-05
2022-03-01,1.1486026159427225,0.44649678678102556,0.15268434161658437,1.7681068777597006e-05
2022-03-02,1.1496504168078105,0.44311464978325216,0.12883802332827507,1.766339770881941e-05
2022-03-03,1.146961223639807,0.44175351159146836,-0.31858470596415855,1.764574431111059e-05
2022-03-04,1.1469570200096322,0.4366292318813083,-0.0005311293888667564,1.762810856679948e-05
2022-03-07,1.1473379508756076,0.44401650138479354,0.04617760378982096,1.761049045823268e-05
2022-03-08,1.156969554994455,0.46287976748670795,1.274964348660091,2.1689459034276734e-05
2022-03-09,1.1559386085736574,0.45797882207903473,-0.14064474312726943,2.166777957524246e-05
2022-03-10,1.1543636544578026,0.4548349719680235,-0.19844278522513784,2.1646121795667216e-05
2022-03-11,1.1528809290673057,0.4599352139717824,-0.18151410434180776,2.162448567387155e-05
2022-03-14,1.1528898479736276,0.4612662343265791,0.0011264088507369125,2.160287118819768e-05
2022-03-15,1.1540397326084963,0.46520485597278666,0.146301408508485,2.1581278317009483e-05
2022-03-16,1.152912628256139,0.46588207915228047,-0.13715821185200286,2.1559707038692474e-05
2022-03-17,1.1510643676017607,0.45346647383451516,-0.22701094305942718,2.153815733165378e-05
2022-03-18,1.1487208575259429,0.44676145341241025,-0.2806581091754839,2.1516629174322128e-05
2022-03-21,1.147358316648671,0.45018227851006054,-0.1669718529035362,2.1495122545147807e-05
2022-03-22,1.1479590677650602,0.4391381474399647,0.0757188967407173,2.147363742260266e-05
2022-03-23,1.1481951589556543,0.42929005772915174,0.02919740725662981,2.1452173785180057e-05
2022-03-24,1.1491710345181574,0.43185587041180135,0.12095052521832093,2.143073161139488e-05
2022-03-25,1.150538867934994,0.44574817183248333,0.17184396358600978,2.1409310879783485e-05
2022-03-28,1.1505675408399723,0.4572630178373537,0.003590487409227697,2.13879115689037e-05
2022-03-29,1.1518840155135228,0.47121164794771014,0.1649650063676299,2.13665336573348e-05
2022-03-30,1.152773084868929,0.4897396053999828,0.11124038084398462,2.1345177123677463e-05
2022-03-31,1.1537670182212436,0.5067311542232499,0.12559594646468222,2.1323841946553785e-05
2022-04-01,1.1545597653453015,0.5131838660415293,0.09955055403066514,2.1302528104607232e-05
2022-04-06,1.1568449499805191,0.5199419204256175,0.2871062947060865,2.1281235576502626e-05
2022-04-07,1.1600090624667292,0.4955176622884141,0.4151704518299045,2.1259964340926124e-05
2022-04-08,1.1595488100542326,0.47856917549373806,-0.05744080007317843,2.12387143765852e-05
2022-04-11,1.1640140034206188,0.39235061950052447,0.5917487901992871,2.1217485662208614e-05
2022-04-12,1.1659128875747071,0.29224249540472697,0.23593211689791938,2.1196278176546405e-05
2022-04-13,1.166705514256349,0.18933168183349006,0.09745705103740371,2.1175091898369858e-05
2022-04-14,1.1637504677195987,0.11608122448084708,-0.36419815470753375,2.115392680647149e-05
2022-04-15,1.16328508438175,0.07605386631727343,-0.05647810218606134,2.113278287966502e-05
2022-04-18,1.1637936711931036,0.023911747034383892,0.06361992109846214,2.1111660096785356e-05
2022-04-19,1.1637312247026672,-0.028382171998869415,-0.007744754501129539,2.109055843668857e-05
2022-04-20,1.1648709107418829,-0.11326230592789989,0.14347256991618876,2.1069477878251884e-05
2022-04-21,1.164053384709566,-0.19318736181078308,-0.10217761206169321,2.1048418400373632e-05
2022-04-22,1.1634625203471987,-0.2533188957724401,-0.0730437531795295,2.102737998197326e-05
2022-04-25,1.166908658817567,-0.32628066916387466,0.4708817411987033,2.1006362601991285e-05
2022-04-26,1.1665698212882307,-0.3884846929415365,-0.04226174614493232,2.0985366239389293e-05
2022-04-27,1.1663928654173876,-0.4786617226224688,-0.02201374640813808,2.0964390873149905e-05
2022-04-28,1.1666303431540808,-0.5775857402224571,0.029304756166053065,2.0943436482276757e-05
2022-04-29,1.166947510955842,-0.6343691319930853,0.039641436052967514,2.092250304579448e-05
2022-05-05,1.1671963736977946,-0.659024835217447,0.031933995054360474,2.0901590542748686e-05
2022-05-06,1.1678909138902436,-0.6056431901408896,0.090272450300233,2.0880698952205938e-05
2022-05-09,1.1668273801617928,-0.5181759215119636,-0.13525545477911524,2.0859828253253733e-05
2022-05-10,1.1646911657952406,-0.43526631324794385,-0.2652126309958603,2.083897842500048e-05
2022-05-11,1.1618139610629052,-0.37968256842321957,-0.3477372515004754,2.081814944657548e-05
2022-05-12,1.1625223037516739,-0.32537417605508373,0.08991286013736723,2.0797341297128906e-05
2022-05-13,1.1609417598430474,-0.28268106093976686,-0.19369359071682346,2.0776553955831776e-05
2022-05-16,1.1593801088126232,-0.24880098009755247,-0.1913113051792251,2.0755787401875944e-05
2022-05-17,1.1617602723466234,-0.21465894824262924,0.30274439526753955,2.0735041614474067e-05
2022-05-18,1.1603778618239844,-0.17901395962287087,-0.17172203988989118,2.0714316572859593e-05
2022-05-19,1.1593294968663685,-0.14890938698302159,-0.12888858430544461,2.0693612256286736e-05
2022-05-20,1.1586201184060207,-0.12666488805028156,-0.08684715733382768,2.067292864403045e-05
2022-05-23,1.1575236313289914,-0.10138205697296221,-0.13627170854738913,2.065226571538642e-05
2022-05-24,1.1591039306879427,-0.06305484022569159,0.20324034960287918,2.0631623449671032e-05
2022-05-25,1.160323956589181,-0.035347641224859824,0.1519826696632813,2.061100182622136e-05
2022-05-26,1.1592687650250633,0.0029338431429739398,-0.13158310223168135,2.059040082439514e-05
2022-05-27,1.1595090859200694,0.02547774916584759,0.029381502882250863,2.0569820423570747e-05
2022-05-30,1.1603938727001646,0.04928742077262415,0.11049813106194034,2.0549260603147178e-05
2022-05-31,1.160843267085849,0.0687446944235374,0.05600727609127783,2.0528721342544033e-05
2022-06-01,1.1634176857032577,0.08563462895621596,0.33379715380476743,2.050820262120149e-05
2022-06-02,1.1620077218623046,0.10207681559637509,-0.17116368152458422,2.048770441858029e-05
2022-06-06,1.161565507265911,0.12340814386523798,-0.05401524835354133,2.046722671416171e-05
2022-06-07,1.1607385514623916,0.1378254512924774,-0.10495427454603362,2.0446769487447546e-05
2022-06-08,1.1610392061828243,0.10658032131688704,0.0374352149433949,2.04263327179601e-05
2022-06-09,1.1612973931475303,0.10976515664997985,0.0319953656570234,2.0405916385242142e-05
2022-06-10,1.161257125661472,0.1193265702513391,-0.00511573719028998,2.0385520468856902e-05
2022-06-13,1.1635602522141422,0.13955468052399927,0.3012894881247046,2.0365144948388045e-05
2022-06-14,1.1643716549534393,0.15477060946424243,0.10126370729359498,2.0344789803439657e-05
2022-06-15,1.1645823003036655,0.1700059645285075,0.02669593048151153,2.032445501363622e-05
2022-06-16,1.1644362100428038,0.1860306178250723,-0.01797916024376655,2.0304140558622583e-05
2022-06-17,1.1645815642041777,0.21408403616756166,0.018455635143378855,2.028384641806396e-05
2022-06-20,1.1644388391412968,0.2646903401817341,-0.018296663692290677,2.0263572571645897e-05
2022-06-21,1.1630804392841225,0.32220613695901046,-0.16600799550379336,2.0243318999074252e-05
2022-06-22,1.164825545073445,0.38172128134270444,0.22417822734586626,2.022308568007518e-05
2022-06-23,1.1641594466987273,0.4457991779626412,-0.08278718444390061,2.0202872594395104e-05
2022-06-24,1.1625280066414543,0.5387828259732115,-0.21293994469454444,2.018267972180071e-05
2022-06-27,1.159919800856846,0.6304289680268238,-0.3189824691525266,2.016250704207891e-05
2022-06-28,1.1604072570606518,0.7146756531074149,0.059328099474690095,2.014235453503683e-05
2022-06-29,1.1605290821600918,0.8012507009526297,0.015412133448028026,2.0122222180501795e-05
2022-06-30,1.16072832858269,0.8941630655155782,0.025336785777469256,2.0102109958321292e-05
2022-07-01,1.1580171565374244,1.0078868970377857,-0.3429853031941068,2.008201784836297e-05
2022-07-04,1.156826562611464,1.1259321266352746,-0.14766589630658924,2.0061945830514607e-05
2022-07-05,1.1611223288591557,1.1960123965065588,0.5599601447522361,2.0041893884684093e-05
2022-07-06,1.1608747993456636,1.2257181248660165,-0.03133966486926559,2.002186199079941e-05
2022-07-07,1.1624062885915298,1.244022951674437,0.19055119371180176,2.000185012880861e-05
2022-07-08,1.1631075005054738,1.2285802855384598,0.08745409385439044,1.9981858278679804e-05
2022-07-11,1.1644754782431468,1.1973294164931882,0.17346534267460637,1.9961886420401125e-05
2022-07-12,1.1678239949692029,1.1291080459212062,0.4419893165682701,1.9941934533980723e-05
2022-07-13,1.166843273586349,1.0887564888512349,-0.12679414379599707,1.9922002599446744e-05
2022-07-14,1.1636021869506372,1.0828546093456761,-0.40342892238843303,1.99020905968473e-05
2022-07-15,1.1627586893975763,1.0818084248421131,-0.10625602821086405,1.9882198506250453e-05
2022-07-18,1.1625095201653626,1.0787345639126973,-0.029306570089484518,1.9862326307744203e-05
2022-07-19,1.1600152344767,1.0813369301249305,-0.3074501900190483,1.984247398143646e-05
2022-07-20,1.1623678856224853,1.075830190866496,0.29470371113851085,1.9822641507455024e-05
2022-07-21,1.1615025005273227,1.0757377924043294,-0.10769889429019562,1.980282886594757e-05
2022-07-22,1.161582335693792,1.0686196989919334,0.009918369856619364,1.978303603708162e-05
2022-07-25,1.1628997534661976,1.0564954692941615,0.16723553006780242,1.976326300104454e-05
2022-07-26,1.163084874275942,1.0428270638448007,0.022660753781563223,1.9743509738043496e-05
2022-07-27,1.162037646928944,1.0294011304209412,-0.13008588470049284,1.9723776228305452e-05
2022-07-28,1.1615192226778015,1.0126266128099177,-0.06107941924530706,1.9704062452077147e-05
2022-07-29,1.1629096928011378,0.9966827477480492,0.17336722101974397,1.968436838962507e-05
2022-08-01,1.1664909048359744,0.9758823257313057,0.46858463740673273,1.9664694021235443e-05
2022-08-02,1.166719822631423,0.9585440180223759,0.02891466871081868,1.9645039327214207e-05
2022-08-03,1.1646986964075743,0.9497508491390794,-0.24861219946657656,1.9625404287886994e-05
2022-08-04,1.1648989946781483,0.9432328853059991,0.02514414831441558,1.9605788883599107e-05
2022-08-05,1.1669421632543113,0.933516888697794,0.2483184798473054,1.958619309471551e-05
2022-08-08,1.1664865075929212,0.9271088705549678,-0.05739251672264582,1.9566616901620792e-05
2022-08-09,1.1654921496964206,0.9278474492602891,-0.1230071372572548,1.9547060284719173e-05
2022-08-10,1.1669357106313345,0.9212750064037987,0.17799794880130165,1.9527523224434456e-05
2022-08-11,1.168176928903667,0.9179014084255895,0.15429135479182512,1.9508005701210022e-05
2022-08-12,1.167898314178934,0.9188479431678133,-0.03481917388053161,1.9488507695508813e-05
2022-08-15,1.1696058719240454,0.912677256617262,0.22656204490770415,1.9469029187813305e-05
2022-08-16,1.170595643997883,0.9131977141521929,0.12174761094167018,1.9449570158625492e-05
2022-08-17,1.1692635052341023,0.9161446258195504,-0.1605366279316902,1.9430130588466868e-05
2022-08-18,1.1678503703814223,0.9142596895719747,-0.1813400175633736,1.9410710457878402e-05
2022-08-19,1.1683758046955708,0.9179211064569992,0.06517195706907725,1.9391309747420524e-05
2022-08-22,1.168404299457856,0.9244690748407055,0.003504413250153173,1.9371928437673105e-05
2022-08-23,1.1684847899821225,0.9297071914529303,0.00993727721097064,1.935256650923543e-05
2022-08-24,1.1665747179726953,0.9394914948369072,-0.2308433606806407,1.9333223942726196e-05
2022-08-25,1.1678713434551493,0.9365829433891534,0.1634110300042642,1.931390071878347e-05
2022-08-26,1.1686660066595727,0.939620751309796,0.09947575745773053,1.9294596818064687e-05
2022-08-29,1.1677169723131489,0.9430666831205856,-0.12004475001202984,1.9275312221246623e-05
2022-08-30,1.168844132586863,0.9513165218505052,0.14456252853394275,1.9256046909025377e-05
2022-08-31,1.168881022896021,0.9618685249517595,0.004579921778319534,1.9236800862116353e-05
2022-09-01,1.1693497655151481,0.9610329711239552,0.06133767002718136,1.9217574061254237e-05
2022-09-02,1.1655367218088686,0.981320531095501,-0.46754106974022075,1.9198366487192985e-05
2022-09-05,1.1657777774696654,0.9807778003647356,0.029461978196294106,1.917917812070579e-05
2022-09-06,1.1655063005868476,0.972823643997449,-0.03348673349232597,1.9160008942585085e-05
2022-09-07,1.1645585909948395,0.9646004469865235,-0.1205346746766769,1.91408589336425e-05
2022-09-08,1.1642212459763328,0.9525138145050205,-0.041106250441970194,1.912172807470886e-05
2022-09-09,1.1641319132101227,0.9420399704009552,-0.01081183087777296,1.910261634663415e-05
2022-09-13,1.1656653768534635,0.9418774328656813,0.19467732398266813,1.9083523730287515e-05
2022-09-14,1.1660750480687219,0.9553236418620007,0.0515973303336307,1.9064450206557228e-05
2022-09-15,1.1642183179245946,0.9487077312513572,-0.22715317430596524,1.9045395756350673e-05
2022-09-16,1.1635991709716729,0.9454340344542466,-0.07830962420868168,1.902636036059432e-05
2022-09-19,1.1643432275632242,0.9619967808779079,0.09305927523874175,1.9007344000233727e-05
2022-09-20,1.1647816789553795,1.013839312340129,0.05498204568047728,1.8988346656233495e-05
2022-09-21,1.165587572025165,1.0883181643496822,0.10033376428944332,1.896936830957726e-05
2022-09-22,1.165969800845676,1.166320960121224,0.04773398917021973,1.8950408941267686e-05
2022-09-23,1.1658288721615109,1.232622106587354,-0.01766841876378755,1.893146853232642e-05
2022-09-26,1.1670931460135543,1.3019485047043287,0.16584537818218756,1.8912547063794094e-05
2022-09-27,1.1663794045462572,1.4177479170055252,-0.08782060193450116,1.88936445167303e-05
2022-09-28,1.1653558815484317,1.4284780000034105,-0.13144245101810753,1.887476087221357e-05
2022-09-29,1.166670895042214,1.4205353621931274,0.1624772072882916,1.885589611134136e-05
2022-09-30,1.1643722127230847,1.4267348645044373,-0.28010591347949165,1.8837050215230018e-05
2022-10-10,1.1649720876580474,1.4285489268044067,0.0730200078704401,1.881822316501479e-05
2022-10-11,1.1665417762387613,1.4277482048851922,0.1976802031303209,1.8799414941849775e-05
2022-10-12,1.167208650845091,1.466170529288371,0.0840567690961006,1.8780625526907927e-05
2022-10-13,1.1669962445473487,1.528988595921521,-0.026534749964326983,1.876185490138102e-05
2022-10-14,1.1656500184316596,1.5153825967801788,-0.16144726083187846,1.8743103046479637e-05
2022-10-17,1.1666250424751052,1.475931390941935,0.12593976410391614,1.872436994343316e-05
2022-10-18,1.1662631580814151,1.4187523479198407,-0.045653815736851996,1.8705655573489725e-05
2022-10-19,1.1679961333388718,1.3159940637557765,0.21698310028040257,1.8686959917916236e-05
2022-10-20,1.1675125219289526,1.250293929135594,-0.0594781801266267,1.866828295799832e-05
2022-10-21,1.1656895731105459,1.1652029228257637,-0.22618760633299292,1.864962467504032e-05
2022-10-24,1.1658016585856839,1.081231935279487,0.013919830846922806,1.863098505036528e-05
2022-10-25,1.1660727398089776,0.9729618912135327,0.03399065018801075,1.8612364065314917e-05
2022-10-26,1.163817195849121,0.8839011176748461,-0.2779964246891792,1.8593761701249603e-05
2022-10-27,1.1647008189774624,0.7901148504430998,0.1110634053149825,1.8575177939548354e-05
2022-10-28,1.1645021945480243,0.8896112967780859,-0.02569524430980203,1.8556612761608808e-05
2022-10-31,1.1638508848016624,1.0633600583855336,-0.08577822314100564,1.85380661488472e-05
2022-11-01,1.1616245818826263,1.1509005161672146,-0.2687194534798576,1.8519538082698353e-05
2022-11-02,1.1629010007896263,1.2158298768217777,0.1602487086576381,1.8501028544615654e-05
2022-11-03,1.1606311226703219,1.2695778803071427,-0.2778770157443078,1.8482537516071038e-05
2022-11-04,1.1613492932381513,1.2678742026436407,0.08737284945584445,1.8464064978554968e-05
2022-11-07,1.1630365226781674,1.2808862137766435,0.2124787526569709,1.8445610913576414e-05
2022-11-08,1.1623019868440907,1.277652750531914,-0.09022481895134336,1.842717530266284e-05
2022-11-09,1.161698857328361,1.2495829902129771,-0.07402861042961621,1.8408758127360176e-05
2022-11-10,1.1607656459680533,1.2167185455676206,-0.1169865586923052,1.8390359369232816e-05
2022-11-11,1.1612744879495736,1.1467001459452064,0.06252304596730744,1.8371979009863582e-05
2022-11-14,1.1614216097963155,1.0790521287277972,0.018297151981375354,1.835361703085372e-05
2022-11-15,1.1625221303676594,1.0870171338895718,0.1357877304933549,1.8335273413822866e-05
2022-11-16,1.1625186249637136,1.0919280755427043,-0.0004384192134074782,1.8316948140409042e-05
2022-11-17,1.161725337556931,1.022740955622653,-0.09799437037674229,1.8298641192268632e-05
2022-11-18,1.1606556745608279,0.9606509654755266,-0.1319689899912612,1.8280352551076363e-05
2022-11-21,1.161167182525312,0.9328106669833491,0.06515449786673908,1.826208219852529e-05
2022-11-22,1.1595437358458287,0.8833956235231039,-0.20373810497245667,1.8243830116326763e-05
2022-11-23,1.1593271369325657,0.8210625877553025,-0.026956153680162843,1.8225596286210437e-05
2022-11-24,1.1591319277953784,0.7229312266494938,-0.024014121569641333,1.8207380689924226e-05
2022-11-25,1.16023037985621,0.6471652236972912,0.13858185881205015,1.8189183309234303e-05
2022-11-28,1.1608924862190644,0.5832308385360668,0.0840164190696076,1.8171004125925068e-05
2022-11-29,1.1605345184021703,0.5399219246884507,-0.043456190496054155,1.8152843121799144e-05
2022-11-30,1.1613389787561375,0.5398359113042461,0.1023491488874677,1.8134700278677347e-05
2022-12-01,1.1621052057084662,0.5541849994469583,0.09317819707736497,1.811657557839867e-05
2022-12-02,1.1621375824410658,0.6129836347058042,0.004002946019663319,1.8098469002820272e-05
2022-12-05,1.161021371488047,0.6106506564175683,-0.13846085191582092,1.8080380533817452e-05
2022-12-06,1.162184932436469,0.6231700498616023,0.14692112710658672,1.8062310153283635e-05
2022-12-07,1.1623495326290803,0.632144746904384,0.02061484147740355,1.8044257843130353e-05
2022-12-08,1.1627034018120765,0.6452543423585652,0.04381594889234685,1.8026223585287224e-05
2022-12-09,1.1630979208828005,0.6647009866624803,0.04913244345733781,1.8008207361701938e-05
2022-12-12,1.1646197609912086,0.6654794187836589,0.1976925202188072,1.7990209154340235e-05
2022-12-13,1.1651652931697427,0.6683012579859235,0.0683142661705488,1.7972228945185896e-05
2022-12-14,1.165179523163285,0.6781246136607164,0.0017675032649940288,1.795426671624071e-05
2022-12-15,1.1642719379984128,0.679481739331241,-0.11333681549484226,1.793632244952447e-05
2022-12-16,1.1627941688422088,0.6789027906132581,-0.18564737013696697,1.7918396127074946e-05
2022-12-19,1.1627180058874587,0.6791643968417493,-0.009663598228529847,1.790048773094787e-05
2022-12-20,1.1611361942047986,0.6816692167871197,-0.19740379559680662,1.7882597243216924e-05
2022-12-21,1.1609024565808719,0.6795483558554748,-0.028957727442180392,1.7864724645973706e-05
2022-12-22,1.1605132278699,0.6786446044755545,-0.04868055172305691,1.7846869921327734e-05
2022-12-23,1.1598175776147448,0.6785630417918215,-0.0866453272073404,1.7829033051406408e-05
2022-12-26,1.1610104880499001,0.7001936132407676,0.1481506363013225,1.7811214018355002e-05
2022-12-27,1.159459585446031,0.6965592923376034,-0.18676026514892552,1.7793412804336647e-05
2022-12-28,1.1619116025630654,0.6966980496495272,0.313913893838045,1.7775629391532312e-05
2022-12-29,1.1618912727034407,0.7214949830460303,-0.0025593861857014597,1.775786376214078e-05
2022-12-30,1.161742733444742,0.7230816768763296,-0.01853666987870091,1.7740115898378642e-05
2023-01-03,1.1629723278056532,0.7313423836021511,0.159176378018264,1.7722385782480265e-05
2023-01-04,1.1638966473249706,0.7515845671535044,0.11953730567985771,1.7704673396697787e-05
2023-01-05,1.163905014448446,0.7767343564984147,0.0010404291681030415,1.768697872330109e-05
2023-01-06,1.1644731927221748,0.7915064380681643,0.07120143922912425,1.766930174457779e-05
2023-01-09,1.1649774240622275,0.7692492955028908,0.062280036273538994,1.7651642442833213e-05
2023-01-10,1.164615733915488,0.7740149265522801,-0.044322222575184415,1.763400080039038e-05
2023-01-11,1.163936648007033,0.7865793371192806,-0.08426736917654508,1.7616376799589992e-05
2023-01-12,1.16379301997303,0.8151196498139649,-0.017775495372392466,1.7598770422790403e-05
2023-01-13,1.1643734231260052,0.8318216376712273,0.07140160349778743,1.7581181652367613e-05
2023-01-16,1.1650205200863057,0.8361409275670447,0.08086473140061079,1.7563610470715246e-05
2023-01-17,1.1635627309766978,0.8432008515526915,-0.18026826407941351,1.754605686024453e-05
2023-01-18,1.1621776673098023,0.8589889276613931,-0.1674513280424027,1.7528520803384287e-05
2023-01-19,1.1616038823366357,0.8622999237083151,-0.07116526464675692,1.7511002282580902e-05
2023-01-20,1.1610427046064928,0.8716961545773576,-0.0679418679010154,1.749350128029832e-05
2023-01-30,1.1613123930776648,0.8827437090489364,0.03491371557652135,1.7476017779018024e-05
2023-01-31,1.1622666550213638,0.8775248513588625,0.11981355030575448,1.7458551761239008e-05
2023-02-01,1.1614247583554445,0.8464578253001489,-0.10307241355733052,1.744110320947777e-05
2023-02-02,1.160492636660574,0.820276117062797,-0.1169134232105539,1.7423672106268293e-05
2023-02-03,1.1604109906148088,0.7650952405452269,-0.010188102932012775,1.7406258434162026e-05
2023-02-06,1.1580301008860003,0.7232557110134764,-0.2979214613786292,1.7388862175727866e-05
2023-02-07,1.157236887836,0.6876409752424089,-0.09878408449658414,1.7371483313552137e-05
2023-02-08,1.157120723670077,0.6469039758895678,-0.014392966316741652,1.7354121830238586e-05
2023-02-09,1.1578661804323813,0.6310452803469631,0.09497991971973248,1.733677770840835e-05
2023-02-10,1.1594037892633802,0.6277034527080668,0.19665007515180824,1.731945093069994e-05
2023-02-13,1.158686994373993,0.6439763191944996,-0.09007656302531451,1.730214147976924e-05
2023-02-14,1.159398593274004,0.654023997809207,0.08849359166745785,1.728484933828947e-05
2023-02-15,1.1596463978547709,0.6808500513389533,0.031637119919390604,1.726757448895118e-05
2023-02-16,1.1586490533604366,0.6992469032428947,-0.12280196404224104,1.7250316914462232e-05
2023-02-17,1.158448838486748,0.7155722623976319,-0.024948635199003106,1.7233076597547772e-05
2023-02-20,1.1589753208212328,0.7162194865155856,0.06432472378259049,1.7215853520950223e-05
2023-02-21,1.1598597105126778,0.7160686082391341,0.11033853508648786,1.7198647667429274e-05
2023-02-22,1.1599558399290442,0.719009524097708,0.012010368182764412,1.7181459019761844e-05
2023-02-23,1.1603262703015722,0.7263350493714511,0.04657761511932276,1.716428756074208e-05
2023-02-24,1.1605243559319973,0.7422871981491777,0.02480991545518877,1.714713327318134e-05
2023-02-27,1.15950798972269,0.7695837475570254,-0.12976786441354704,1.7129996139908158e-05
2023-02-28,1.1601355391987023,0.780301802577908,0.07774211982347537,1.7112876143768252e-05
2023-03-01,1.1603703161536394,0.7856336438730321,0.028757788354078648,1.7095773267624484e-05
2023-03-02,1.1606810379738124,0.7875877450717536,0.038897262250032615,1.707868749435686e-05
2023-03-03,1.159574720102039,0.7739947108502434,-0.13660164600931268,1.7061618806862503e-05
2023-03-06,1.1598666531555017,0.7593224072190792,0.0370138617008935,1.7044567188055642e-05
2023-03-07,1.1605839132386946,0.7512247216979521,0.08938408630813487,1.7027532620867588e-05
2023-03-08,1.1600857811195067,0.737028420636762,-0.0625373886435659,1.7010515088246722e-05
2023-03-09,1.16000291761849,0.7237810722489275,-0.010376358161191567,1.6993514573158475e-05
2023-03-10,1.1600909076447423,0.7089202298602573,0.011199840399162844,1.6976531058585316e-05
2023-03-13,1.159452620932933,0.6705074744831436,-0.07852787725387861,1.695956452752673e-05
2023-03-14,1.1599602169370529,0.6794993376140329,0.06431726065859057,1.6942614962999202e-05
2023-03-15,1.1587127203431813,0.6899853778660061,-0.15434777548573447,1.6925682348036203e-05
2023-03-16,1.1572888104354064,0.7380803738772079,-0.1815492149545588,1.6908766665688167e-05
2023-03-17,1.158601155531523,0.7547036516595047,0.16237972516555166,1.689186789902248e-05
2023-03-20,1.1592988809070577,0.7939780201214127,0.08890589805799072,1.687498603112346e-05
2023-03-21,1.1587924483417376,0.8317105439056179,-0.0625420752262549,1.6858121045092335e-05
2023-03-22,1.1582514514423932,0.8653859870808883,-0.0672547860862543,1.6841272924047244e-05
2023-03-23,1.1567615117020449,0.9020403537503041,-0.18464534141284394,1.6824441651123198e-05
2023-03-24,1.15807753928113,0.9089240132431686,0.1609280694709884,1.6807627209472077e-05
2023-03-27,1.1575065114517895,0.9184192545336212,-0.07131875272761908,1.6790829582262606e-05
2023-03-28,1.1562741282405025,0.9088517803744585,-0.15107586693082048,1.6774048752680345e-05
2023-03-29,1.1569196625612346,0.9067444191598243,0.08051645606187056,1.6757284703927665e-05
2023-03-30,1.15742548743934,0.8897966497671446,0.06308768822665753,1.674053741922374e-05
2023-03-31,1.1569041143321446,0.8748065247298429,-0.06497236340558328,1.6723806881804518e-05
2023-04-03,1.1560691969620278,0.8633993932563411,-0.10476641833302576,1.6707093074922713e-05
2023-04-04,1.155689440583977,0.8708512951674657,-0.0472844824284199,1.669039598184779e-05
2023-04-06,1.1548008493586954,0.9245882026347119,-0.11179426702350995,1.6673715585865944e-05
2023-04-07,1.1541029124234314,0.9726534832790937,-0.08630557131030611,1.6657051870280078e-05
2023-04-10,1.1544932353666055,1.066605179379533,0.049035870514074854,1.6640404818409798e-05
2023-04-11,1.1551837669966563,1.1951704827354137,0.08712021868128686,1.662377441359139e-05
2023-04-12,1.154924598237524,1.3065418992344617,-0.03257566949163174,1.6607160639177797e-05
2023-04-13,1.1546570497015964,1.3944243094222004,-0.033185015602380866,1.659056347853862e-05
2023-04-14,1.1550557688973995,1.4330779435039454,0.04877654687054202,1.6573982915060083e-05
2023-04-17,1.1551949539342874,1.4385979741037007,0.017292730816502812,1.6557418932145024e-05
2023-04-18,1.1531974000566703,1.3972908113983575,-0.2445220442545585,1.654087151321288e-05
2023-04-19,1.1528214803570656,1.3249923701846658,-0.04674956872298377,1.6524340641699665e-05
2023-04-20,1.1505622391252175,1.1415558703520916,-0.2780355648282207,1.6507826301057965e-05
2023-04-21,1.1518839849056666,1.045145483256168,0.16928223723820163,1.6491328474756908e-05
2023-04-24,1.1500738739382674,0.8861797988732452,-0.22694687982625902,1.647484714628215e-05
2023-04-25,1.149853005510179,0.7818032042406492,-0.027640221217145378,1.645838229913587e-05
2023-04-26,1.1498084323799733,0.6968972934655951,-0.005604857620631768,1.6441933916836735e-05
2023-04-27,1.1507228078747362,0.6324718316326294,0.11687377926888051,1.64255019829199e-05
2023-04-28,1.1512531928371574,0.5739127065146116,0.06602064956252077,1.640908648093698e-05
2023-05-04,1.1507532639261155,0.5201041172913512,-0.06267595801909444,1.6392687394456045e-05
2023-05-05,1.1522658705971285,0.5337789638679897,0.1905828432549161,1.6376304707061588e-05
2023-05-08,1.1525459788307557,0.510979245724122,0.034549307739894695,1.6359938402354527e-05
2023-05-09,1.1534273497557221,0.5041076778441389,0.11189286923172206,1.6343588463952174e-05
2023-05-10,1.1530796499111748,0.5226689786128286,-0.04331602047650677,1.6327254875488222e-05
2023-05-11,1.1528686263042995,0.6653905337170518,-0.02700184531331518,1.6310937620612734e-05
2023-05-12,1.1523227821027167,0.85604451882616,-0.06916438751084722,1.6294636682992122e-05
2023-05-15,1.151862612853936,0.9466700680157989,-0.05625459489496109,1.627835204630913e-05
2023-05-16,1.1507704732457116,1.0865597661744775,-0.1366736755279396,1.626208369426282e-05
2023-05-17,1.1503604641281664,1.1423905817466244,-0.050108524414206525,1.624583161056856e-05
2023-05-18,1.150344591663547,1.1739914243418952,-0.00196600145653808,1.622959577895799e-05
2023-05-19,1.1497259865872271,1.1869843130770328,-0.07755669665064774,1.6213376183179034e-05
2023-05-22,1.149139301880082,1.2602404339030147,-0.0751833500701064,1.6197172806995856e-05
2023-05-23,1.1471948425321268,1.3692691061024012,-0.24384561262299229,1.618098563418886e-05
2023-05-24,1.1486322345685573,1.496063327107296,0.18660146192700022,1.6164814648554672e-05
2023-05-25,1.1458034274638236,1.6485579395052097,-0.35093299388471977,1.614865983390612e-05
2023-05-26,1.1436577728939017,1.7488615945933859,-0.2561722483172325,1.6132521174072216e-05
2023-05-29,1.1453892038022324,1.8396571675329172,0.21946550709750753,1.6116398652898144e-05
2023-05-30,1.1453055545265352,1.9016575899002173,-0.010523667213447828,1.6100292254245247e-05
2023-05-31,1.1446121331438506,1.958515744211412,-0.08624289720641672,1.6084201961991002e-05
2023-06-01,1.1432399966488929,1.9770135481986977,-0.16727918242925602,1.6068127760029013e-05
2023-06-02,1.1418890519704747,1.9591619493421033,-0.1656176305799065,1.6052069632268984e-05
2023-06-05,1.1431269093830156,2.0072896311260697,0.16034420654018394,1.6036027562636716e-05
2023-06-06,1.144968393615491,2.0378648094117393,0.2298601778958475,1.602000153507408e-05
2023-06-07,1.1457996602089766,2.058904286680115,0.10383317159117424,1.6003991533539006e-05
2023-06-08,1.1459247370448233,2.104207053143811,0.01545745817159377,1.5987997542005468e-05
2023-06-09,1.1456567534811903,2.101068970260592,-0.032831231633821914,1.5972019544463462e-05
2023-06-12,1.146211159884718,2.1414481445983764,0.07081578915535487,1.5956057524919e-05
2023-06-13,1.145751263677454,2.155509628552289,-0.05661653858189906,1.594011146739408e-05
2023-06-14,1.1457141594930063,2.1877286193747953,-0.004554903286994916,1.5924181355926687e-05
2023-06-15,1.1474561884386991,2.211629196566144,0.2188637863971313,1.590826717457076e-05
2023-06-16,1.1472350530370359,2.2816773425155787,-0.027147489777513474,1.589236890739619e-05
2023-06-19,1.147985914210838,2.334377789594555,0.09550636084392054,1.5876486538488797e-05
2023-06-20,1.1470737544090839,2.3739771797336076,-0.11307090091560354,1.586062005195031e-05
2023-06-21,1.1467609861265349,2.3989117417393837,-0.03942311390062621,1.584476943189836e-05
2023-06-26,1.1475420325064567,2.374761240294742,0.09963855261443481,1.582893466246646e-05
2023-06-27,1.1474908978821792,2.3590819707046777,-0.0063001817418577395,1.5813115727803994e-05
2023-06-28,1.1472545905472824,2.3329003835732136,-0.029597360588489482,1.579731261207619e-05
2023-06-29,1.1479262398893808,2.2888227678464723,0.08451268212185949,1.5781525299464114e-05
2023-06-30,1.1480427649906177,2.2383154371031013,0.01450213902757578,1.576575377416465e-05
2023-07-03,1.1479210891492693,2.1933125405085017,-0.015051771798085778,1.5749998020390486e-05
2023-07-04,1.148344303377513,2.1474275461820374,0.053429285207123735,1.5734258022370097e-05
2023-07-05,1.1492820683366187,2.078281042079802,0.11866225683833607,1.5718533764347728e-05
2023-07-06,1.1490731845159905,2.0288055472290654,-0.025960354184721052,1.570282523058338e-05
2023-07-07,1.1486887566278532,1.9818889662894483,-0.048160668715699774,1.56871324053528e-05
2023-07-10,1.1475888119467728,1.9496784895796584,-0.13561174315378877,1.5671455272947447e-05
2023-07-11,1.1479906492019738,1.919042167625111,0.04949135713517247,1.56557938176745e-05
2023-07-12,1.1473955963833722,1.8973972489671496,-0.07463128609710755,1.564014802385683e-05
2023-07-13,1.148517440243871,1.8673887506318745,0.13738687515446454,1.5624517875832975e-05
2023-07-14,1.1480406191803247,1.813624537580734,-0.05945671636647581,1.5608903357957144e-05
2023-07-17,1.1473474996519666,1.7493103907871361,-0.08712855697016895,1.5593304454599187e-05
2023-07-18,1.1472258968020657,1.7035281015248775,-0.015113495268610208,1.557772115014459e-05
2023-07-19,1.1470988063737624,1.6552171682115238,-0.015884729802052765,1.5562153428994445e-05
2023-07-20,1.1467786189430489,1.6820295447488003,-0.03984870858475704,1.5546601275565453e-05
2023-07-21,1.1470793460619504,1.6265036275446743,0.03736881386094693,1.5531064674289888e-05
2023-07-24,1.1463139717059745,1.6156599837757724,-0.09570137349057192,1.5515543609615597e-05
2023-07-25,1.1476584103882312,1.6054939765368765,0.16567153265736928,1.5500038066005982e-05
2023-07-26,1.1490255300295067,1.6118745969883377,0.17156031140558897,1.5484548027939977e-05
2023-07-27,1.1488194806992698,1.5783255291254419,-0.025523902021858218,1.5469073479912036e-05
2023-07-28,1.1486222052822468,1.526129158561876,-0.02470915286680505,1.5453614406432123e-05
2023-07-31,1.1497489315268854,1.51030785926631,0.14065945327656398,1.543817079202569e-05
2023-08-01,1.1500278723213802,1.5010195547903267,0.03426772097574689,1.5422742621233668e-05
2023-08-02,1.1497041887614665,1.4501250962756067,-0.04056371040499348,1.5407329878612436e-05
2023-08-03,1.1488858385546317,1.4189987134497584,-0.10273250713162137,1.5391932548733823e-05
2023-08-04,1.149458598715729,1.4019219714119142,0.07122682669504735,1.537655061618509e-05
2023-08-07,1.149127590065425,1.4618966385478438,-0.041379686118771485,1.5361184065568906e-05
2023-08-08,1.1491212401773419,1.5699521070561422,-0.0007939522183872701,1.5345832881503338e-05
2023-08-09,1.148690664747562,1.5972327992143338,-0.05351488320179279,1.5330497048621836e-05
2023-08-10,1.1495182495677219,1.6408802750146771,0.10365454367616281,1.5315176551573215e-05
2023-08-11,1.148542310103624,1.6328324933153204,-0.12247130336785907,1.529987137502164e-05
2023-08-14,1.1482351857869777,1.6109040343560534,-0.039047870647506915,1.528458150364662e-05
2023-08-15,1.1474923817818636,1.5904722071815864,-0.09082927221884782,1.5269306922142977e-05
2023-08-16,1.1447340982135028,1.5756588238813225,-0.34639757299608404,1.5254047615220835e-05
2023-08-17,1.1451341914701476,1.5526221778278577,0.0499304402269067,1.5238803567605615e-05
2023-08-18,1.144877358942043,1.637608991277968,-0.03218688809650928,1.522357476403801e-05
2023-08-21,1.1459448035449589,1.6168628539390706,0.13241068511105844,1.5208361189273972e-05
2023-08-22,1.1453514490126084,1.5321634968281548,-0.07290714061750467,1.51931628280847e-05
2023-08-23,1.145150797243258,1.4303195298107303,-0.02486603010582977,1.5177979665256616e-05
2023-08-24,1.1464366824196,1.3683539665814026,0.16164955611171117,1.516281168559136e-05
2023-08-25,1.1474596074277443,1.3105641274216846,0.12755862262972067,1.5147658873905768e-05
2023-08-28,1.1470327321630513,1.27294707302598,-0.05316980792843756,1.5132521215031864e-05
2023-08-29,1.1470616761551016,1.290175408421847,0.0035838891033685536,1.5117398693816832e-05
2023-08-30,1.1475715654981347,1.2060583443058182,0.06309972550594986,1.5102291295123016e-05
2023-08-31,1.1462409370548332,1.1117870551093698,-0.1632952816111022,1.5087199003827893e-05
2023-09-01,1.1456524125005971,1.0170184057828509,-0.07143768427266914,1.5072121804824066e-05
2023-09-04,1.1476506881078419,1.0126188302548333,0.25733452334457674,1.5057059683019242e-05
2023-09-05,1.1474810397813717,1.016731134918683,-0.0211649011687634,1.5042012623336224e-05
2023-09-06,1.1475142389757453,1.0098618617659871,0.004096523686291547,1.5026980610712888e-05
2023-09-07,1.1470544773455469,0.9985221067866448,-0.05716639363065283,1.5011963630102177e-05
2023-09-08,1.1477125146938987,1.0055875381159403,0.08355497275476359,1.4996961666472075e-05
2023-09-11,1.1476053414191703,1.0156240336537925,-0.013186679706097068,1.4981974704805602e-05
2023-09-12,1.1483261454865126,1.0414019166078088,0.08924173766376192,1.4967002730100797e-05
2023-09-13,1.148179401222073,1.0568942201436855,-0.018506935726137198,1.4952045727370697e-05
2023-09-14,1.1489536651230357,1.0844058333069,0.09540463078116741,1.4937103681643326e-05
2023-09-15,1.1486737746797722,1.0995647658570278,-0.03488422414602571,1.4922176577961683e-05
2023-09-18,1.14913856101314,1.116463237832868,0.058702996282067425,1.4907264401383722e-05
2023-09-19,1.1482532865129012,1.1224335708627704,-0.11006540826363183,1.4892367136982339e-05
2023-09-20,1.147352565114878,1.1142108620834668,-0.1117323533965541,1.4877484769845358e-05
2023-09-21,1.1468307426667659,1.1047648422932645,-0.0646130638685883,1.4862617285075514e-05
2023-09-22,1.1478040101707299,1.1117688333610372,0.11982555647105973,1.4847764667790439e-05
2023-09-25,1.1476708103147772,1.1144448422375648,-0.01674045749429251,1.4832926903122648e-05
2023-09-26,1.148421374520626,1.1309045391450423,0.09378108074888053,1.4818103976219527e-05
2023-09-27,1.1465241108799575,1.1369930703366282,-0.23526597621855902,1.4803295872243308e-05
2023-09-28,1.1463930014681558,1.1393378122573599,-0.016332537478364058,1.4788502576371065e-05
2023-10-09,1.1493450953218873,1.1705004769341083,0.3777301698357447,1.4773724073794694e-05
2023-10-10,1.1472041117435756,1.1687195977824794,-0.2706925724225092,1.47589603497209e-05
2023-10-11,1.1470416451684584,1.169743089029479,-0.02014831524766013,1.4744211389371178e-05
2023-10-12,1.147253887955954,1.1655078534034464,0.026512281712059646,1.4729477177981808e-05
2023-10-13,1.1477841775901478,1.1750918094366973,0.06711722450624648,1.4714757700803826e-05
2023-10-16,1.1479236154821488,1.181320615666785,0.017319726398595907,1.4700052943103023e-05
2023-10-17,1.1469498044433175,1.1789886370584453,-0.12379114155023724,1.468536289015992e-05
2023-10-18,1.14758866348267,1.1751847966228222,0.078934165338952,1.467068752726976e-05
2023-10-19,1.1467153383087458,1.1665770187238296,-0.10853798366141516,1.4656026839742492e-05
2023-10-20,1.1464467898092245,1.154187348014089,-0.033654968196229276,1.464138081290275e-05
2023-10-23,1.146627425937222,1.1477749910660466,0.02270370636923919,1.4626749432089847e-05
2023-10-24,1.1473598677129788,1.1294631478802382,0.09083673248882443,1.4612132682657758e-05
2023-10-25,1.1468821422414248,1.124874574218617,-0.05854404629430271,1.4597530549975102e-05
2023-10-26,1.1469166504273887,1.1383862399798714,0.004323448566469882,1.4582943019425127e-05
2023-10-27,1.1472641250434263,1.1504454531770874,0.04370679429646812,1.4568370076405703e-05
2023-10-30,1.1466264353084643,1.1552898506400557,-0.0777911049062189,1.4553811706329299e-05
2023-10-31,1.1458537953716847,1.168946054375483,-0.0963318151909892,1.453926789462297e-05
2023-11-01,1.1446519519101088,1.1643072709468276,-0.14988456224787516,1.4524738626728347e-05
2023-11-02,1.1477158238163312,1.1908293978034021,0.38349992423705104,1.451022388810162e-05
2023-11-03,1.1473942929770662,1.2111070474652479,-0.04015195311307498,1.4495723664213519e-05
2023-11-06,1.1470795971558227,1.234863453094928,-0.0391269522547795,1.4481237940549305e-05
2023-11-07,1.1478696633692727,1.264358201230002,0.09907793761165395,1.4466766702608756e-05
2023-11-08,1.1482785558346367,1.302399497812336,0.05062782848813357,1.4452309935906148e-05
2023-11-09,1.1489116050290014,1.3349699318727466,0.07978551615846434,1.4437867625970242e-05
2023-11-10,1.1489785580745944,1.3842539805338507,0.008383501561050435,1.4423439758344273e-05
2023-11-13,1.1499863700933155,1.4119672853462075,0.12823824075846982,1.4409026318585929e-05
2023-11-14,1.1496314219912098,1.4692632777089085,-0.043988471342170564,1.4394627292267343e-05
2023-11-15,1.1506133552705213,1.4935336982007668,0.12227512455895216,1.4380242664975077e-05
2023-11-16,1.149615931364218,1.4473136909821314,-0.12473446079342156,1.4365872422310103e-05
2023-11-17,1.1493411147787538,1.3886839043736112,-0.034620699344450036,1.4351516549887794e-05
2023-11-20,1.1487076792399236,1.311821887653434,-0.07846091937082132,1.4337175033337908e-05
2023-11-21,1.1479948547207675,1.2592524606460527,-0.08929062350011396,1.432284785830457e-05
2023-11-22,1.1474489570287,1.1917982593890224,-0.06878549386663302,1.4308535010446267e-05
2023-11-23,1.1476982712436365,1.1189809595552769,0.031197031941246733,1.4294236475435822e-05
2023-11-24,1.1481389700050402,1.0589606220452457,0.054802886803971045,1.4279952238960387e-05
2023-11-27,1.1478729703315045,1.034239845399486,-0.03285422260416358,1.4265682286721427e-05
2023-11-28,1.1483883859541766,0.9781533250963513,0.06487156096502884,1.4251426604434707e-05
2023-11-29,1.1488987656944387,0.9101709063852489,0.0652167070391195,1.4237185177830273e-05
2023-11-30,1.1476334586448296,0.9152486760369087,-0.1569544286501694,1.4222957992652444e-05
2023-12-01,1.1473543137547597,0.9412581247842343,-0.03509385857153127,1.4208745034659792e-05
2023-12-04,1.1477191122321364,0.9914420416838895,0.0453225450403342,1.4194546289625132e-05
2023-12-05,1.146955964623543,1.0360369921193635,-0.09658296365243249,1.4180361743335509e-05
2023-12-06,1.1482393332622651,1.0294571043715692,0.1599187153721922,1.4166191381592173e-05
2023-12-07,1.1483970901446774,1.0228992545439561,0.019775922539840902,1.4152035190210583e-05
2023-12-08,1.1481378153055237,1.0269764014729044,-0.03217361251020622,1.4137893155020373e-05
2023-12-11,1.148239123939464,1.0254508143208068,0.012774079964342754,1.4123765261865353e-05
2023-12-12,1.149014429271635,1.00759398031399,0.09647509324734695,1.4109651496603488e-05
2023-12-13,1.1486685060661048,0.9953273035924626,-0.043593808454683504,1.4095551845106886e-05
2023-12-14,1.1480265974661514,0.9956816407989448,-0.078234218613863,1.4081466293261779e-05
2023-12-15,1.1476356369940295,0.9876320292808675,-0.04827120549414881,1.4067394826968518e-05
2023-12-18,1.1467089456787012,0.9799384237957334,-0.11376786379021109,1.405333743214155e-05
2023-12-19,1.1460850981801078,0.9695567986652082,-0.07709395035396294,1.403929409470941e-05
2023-12-20,1.1473096890750794,0.9640346484657749,0.1519895870332571,1.40252648006147e-05
2023-12-21,1.1471148605644796,0.9642082739372522,-0.02435181784704102,1.4011249535814087e-05
2023-12-22,1.146357991821996,0.9620483430005846,-0.09307044434768934,1.3997248286278274e-05
2023-12-25,1.147091415964499,0.9482762396042238,0.09201918649012243,1.3983261037991996e-05
2023-12-26,1.1469083699205656,0.9370218499833525,-0.022608596124907503,1.3969287776954005e-05
2023-12-27,1.1464590263280694,0.9061241673274016,-0.0556826289965629,1.3955328489177051e-05
2023-12-28,1.1456961912945558,0.8916384005456597,-0.09380158320596085,1.3941383160687875e-05
2023-12-29,1.145859184180766,0.8837448793968774,0.020354642900651268,1.3927451777527188e-05
2024-01-02,1.144799254938345,0.8244391362311586,-0.1298542613411047,1.3913534325749662e-05
2024-01-03,1.1470493395625385,0.8306936498338069,0.2898944764834154,1.3899630791423913e-05
2024-01-04,1.1463086071861275,0.8265285071532826,-0.09342725738977252,1.388574116063249e-05
2024-01-05,1.1461504819166832,0.8202154287055438,-0.01976691127902212,1.3871865419471858e-05
2024-01-08,1.1464468800553294,0.8166336308186098,0.03716537652804716,1.3858003554052387e-05
2024-01-09,1.1472807904823301,0.8163438704392835,0.10550253780229714,1.3844155550498336e-05
2024-01-10,1.1464273578224853,0.8086134368536766,-0.10627617190901441,1.3830321394947839e-05
2024-01-11,1.1467173327090232,0.8067777988550839,0.036021292635605794,1.3816501073552892e-05
2024-01-12,1.146550910383938,0.8040221200624955,-0.020816267532956314,1.380269457247934e-05
2024-01-15,1.1479503068464372,0.8000505575307133,0.17677715997771468,1.3788901877906862e-05
2024-01-16,1.148164007830355,0.7912587023040123,0.02683618959984899,1.3775122976028955e-05
2024-01-17,1.1476708837917022,0.7896763645515942,-0.06143772383798242,1.3761357853052926e-05
2024-01-18,1.146293046591717,0.7970399462505403,-0.17245087242834703,1.3747606495199874e-05
2024-01-19,1.1466721457963207,0.8079148776732318,0.04785077936366088,1.3733868888704674e-05
2024-01-22,1.1464748712974464,0.8164816236243905,-0.024545197988555614,1.372014501981597e-05
2024-01-23,1.1476148676114446,0.8218682388048194,0.14257675639655074,1.3706434874796156e-05
2024-01-24,1.147244875249739,0.8335370711936114,-0.04488692867517964,1.369273843992136e-05
2024-01-25,1.1486792501474616,0.8564930151760984,0.18127541928647692,1.367905570148144e-05
2024-01-26,1.1477018484612274,0.8549490663401619,-0.12009768755375189,1.3665386645779958e-05
2024-01-29,1.1479878282398057,0.8564165747053963,0.0358388027977192,1.3651731259134179e-05
2024-01-30,1.1477055362194797,0.8585993224224163,-0.035374626340551316,1.3638089527875045e-05
2024-01-31,1.1475051490065278,0.8545816607219787,-0.02489482256725019,1.362446143834717e-05
2024-02-01,1.1461759035149681,0.8397764802670759,-0.16736586006313617,1.3610846976908824e-05
2024-02-02,1.1458685276945446,0.8292012667379551,-0.03864967922406216,1.3597246129931915e-05
2024-02-05,1.1450572735842142,0.8219885819500833,-0.10131677926609947,1.3583658883801984e-05
2024-02-06,1.144972137498216,0.8258941691601661,-0.010598985347297899,1.3570085224918183e-05
2024-02-07,1.144688958941645,0.8196154174076662,-0.035222584022880435,1.3556525139693265e-05
2024-02-08,1.1444147334133026,0.8063651548217443,-0.034202235651454464,1.3542978614553573e-05
2024-02-19,1.1439678002771498,0.8118604785864613,-0.056361255849979135,1.3529445635939019e-05
2024-02-20,1.1442736895302288,0.8340154414274599,0.03845654537703564,1.351592619030308e-05
2024-02-21,1.14373274784233,0.8246934891465681,-0.06613995658183662,1.3502420264112779e-05
2024-02-22,1.1443271935599644,0.8308668993973859,0.07501194209279537,1.3488927843848667e-05
2024-02-23,1.1440815833211053,0.8353008990349714,-0.03054973274844218,1.3475448916004819e-05
2024-02-26,1.145025720406078,0.843480108298348,0.11837258943467643,1.3461983467088815e-05
2024-02-27,1.1454498146761773,0.848689958279302,0.05271381430004913,1.3448531483621726e-05
2024-02-28,1.1451055863211719,0.8528448784710168,-0.043157957406979815,1.3435092952138106e-05
2024-02-29,1.1448124563838387,0.8543685334036386,-0.036197259572984336,1.3421667859185968e-05
2024-03-01,1.144346672668164,0.8694006559456394,-0.057922671820179,1.3408256191326782e-05
2024-03-04,1.144195764797981,0.8660895754550055,-0.018731686639216396,1.3394857935135457e-05
2024-03-05,1.1441984496794027,0.8581459394259486,0.00033407971122284633,1.3381473077200321e-05
2024-03-06,1.1448034861149885,0.8592783285423974,0.07550294145949611,1.3368101604123122e-05
2024-03-07,1.1456942514919428,0.8503777114746379,0.1105455112892106,1.3354743502519e-05
2024-03-08,1.1464814299191062,0.875111414613033,0.09770352906063837,1.3341398759016482e-05
2024-03-11,1.1462724356540643,0.90420908441691,-0.02613146408721599,1.3328067360257466e-05
2024-03-12,1.14687601265181,0.9355211055446376,0.07532665439398455,1.3314749292897209e-05
2024-03-13,1.1466401693594912,0.9776572313488897,-0.029284332406700756,1.3301444543604312e-05
2024-03-14,1.1472405255684879,1.0554290750208022,0.07539243079268394,1.3288153099060709e-05
2024-03-15,1.1467253009961569,1.156282922913685,-0.06354817093354363,1.3274874945961648e-05
2024-03-18,1.146089368773566,1.2086885171669446,-0.07946219090437476,1.3261610071015687e-05
2024-03-19,1.1454150069408267,1.2341125859963469,-0.08452434655930484,1.3248358460944673e-05
2024-03-20,1.1452918785954647,1.224794497277442,-0.015278203585960359,1.3235120102483729e-05
2024-03-21,1.1457006391279976,1.2093455323514724,0.05022457108191126,1.3221894982381246e-05
2024-03-22,1.1448169073031924,1.1809632819470828,-0.11096791198307057,1.3208683087398867e-05
2024-03-25,1.1440730840254127,1.135933034409089,-0.09236651315628056,1.3195484404311469e-05
2024-03-26,1.1432486727811912,1.0698948829216228,-0.10253395115667771,1.3182298919907158e-05
2024-03-27,1.1425626159385394,1.0048405984816573,-0.08611291541475036,1.3169126620987252e-05
2024-03-28,1.1426070529514412,0.9334477112980196,0.005518800928164178,1.3155967494366265e-05
2024-03-29,1.14156914229862,0.8230343369878695,-0.12730943405301814,1.31428215268719e-05
2024-04-01,1.141774085570025,0.7315028772491906,0.02546332518755453,1.3129688705345028e-05
2024-04-02,1.1419019964597772,0.6527777649650511,0.01591597187853796,1.3116569016639684e-05
2024-04-03,1.1419561806358791,0.5878647447132275,0.0066972737111822165,1.3103462447623045e-05
2024-04-08,1.142556546559811,0.5776266467710387,0.07333850353859027,1.3090368985175422e-05
2024-04-09,1.1429568157929342,0.5967004100302702,0.04985166618015402,1.3077288616190246e-05
2024-04-10,1.1449737284961639,0.6898286931542716,0.24656174004884357,1.3064221327574056e-05
2024-04-11,1.1461304767880376,0.7751079731766579,0.14479034547178007,1.3051167106246483e-05
2024-04-12,1.1453382814249835,0.8429168389807968,-0.0968552280041743,1.3038125939140236e-05
2024-04-15,1.1445462104724426,0.8717183862657605,-0.09913388546114928,1.3025097813201096e-05
2024-04-16,1.145190650140069,0.8875751633888969,0.08372204982346164,1.3012082715387896e-05
2024-04-17,1.1454064278454958,0.9093633909499795,0.026535809814282062,1.299908063267251e-05
2024-04-18,1.1459785939386398,0.9439402646360036,0.07086528668997127,1.2986091552039837e-05
2024-04-19,1.1461427084655746,0.975904114399633,0.020640605169648468,1.2973115460487797e-05
2024-04-22,1.144316994098529,0.986848845339621,-0.2250080483763265,1.296015234502731e-05
2024-04-23,1.144901996269087,0.9939246453091357,0.07479528098226257,1.2947202192682283e-05
2024-04-24,1.1459375708337312,1.0119473710520837,0.12875552537156001,1.2934264990489602e-05
2024-04-25,1.1455831118685853,1.0284302403438865,-0.04348615070733229,1.2921340725499114e-05
2024-04-26,1.1454438628316912,1.0517273419412614,-0.017192589604744665,1.2908429384773616e-05
2024-04-29,1.1463143282944004,1.0738007088795276,0.10931051394179485,1.2895530955388843e-05
2024-04-30,1.1482797483319431,1.120480317906022,0.24437864630317624,1.2882645424433455e-05
2024-05-06,1.14652274648499,1.1438632424510726,-0.21673013466229768,1.2869772779009022e-05
2024-05-07,1.1469575482954337,1.1701346554660967,0.054685452804428235,1.2856913006230013e-05
2024-05-08,1.1474752347363344,1.1961310550884174,0.06565767741005374,1.2844066093223784e-05
2024-05-09,1.1467714247777467,1.216973302784578,-0.08671648025156772,1.2831232027130561e-05
2024-05-10,1.1483205383110853,1.2450375413564228,0.1913894590332634,1.281841079510343e-05
2024-05-13,1.148486909557181,1.269927486687835,0.021009342255011894,1.2805602384308328e-05
2024-05-14,1.149311803577774,1.2940172992881867,0.10305155045601658,1.279280678192402e-05
2024-05-15,1.1504902983574208,1.3218167267936696,0.14752527395473478,1.2780023975142097e-05
2024-05-16,1.1476693119328116,1.333328704885284,-0.3451743761730049,1.2767253951166956e-05
2024-05-17,1.1474400860919876,1.34110217336096,-0.02822023700540817,1.275449669721579e-05
2024-05-20,1.1491530489027757,1.358096848747726,0.2141226076087496,1.2741752200518576e-05
2024-05-21,1.150670078907358,1.3889189387898142,0.18734223213764595,1.2729020448318058e-05
2024-05-22,1.149557470125231,1.4050926782527895,-0.13603232139500515,1.2716301427869742e-05
2024-05-23,1.1504238589099915,1.4259908525183276,0.11297357378770809,1.2703595126441873e-05
2024-05-24,1.1515587227761799,1.4512296440386994,0.14084248687471124,1.2690901531315431e-05
2024-05-27,1.1511169094147655,1.4821039160513791,-0.054879031561154396,1.2678220629784117e-05
2024-05-28,1.149984026163285,1.509678247117922,-0.13843738239935888,1.2665552409154334e-05
2024-05-29,1.150341638862466,1.5374160407657007,0.04356887017919391,1.265289685674518e-05
2024-05-30,1.1474680360133047,1.5328018019430762,-0.3568777885214912,1.2640253959888435e-05
2024-05-31,1.148357714118383,1.533427627987043,0.11128756125229385,1.2627623705928548e-05
2024-06-03,1.147449787434942,1.5313785571072172,-0.11638678607947049,1.261500608222262e-05
2024-06-04,1.1470307911107942,1.5223929161808714,-0.05144784183145679,1.2602401076140397e-05
2024-06-05,1.1468965056870644,1.52270490347225,-0.01708352251152772,1.2589808675064257e-05
2024-06-06,1.1462979095322408,1.5230607923211037,-0.07390699753445129,1.2577228866389194e-05
2024-06-07,1.146919871697708,1.5340934734386267,0.07788423590292701,1.2564661637522805e-05
2024-06-11,1.1466066707396887,1.5496511736800551,-0.04002179722041748,1.2552106975885284e-05
2024-06-12,1.1465837937300243,1.5747396471395572,-0.0028788244014222785,1.25395648689094e-05
2024-06-13,1.1480659058768745,1.6033676257506706,0.18722301039997635,1.2527035304040492e-05
2024-06-14,1.1478699024855665,1.64610515885108,-0.024599986286568863,1.2514518268736452e-05
2024-06-17,1.1481753385892406,1.6768531027198088,0.03904494948858017,1.2502013750467716e-05
2024-06-18,1.1485629657120624,1.7077217350975427,0.048042252093229064,1.2489521736717249e-05
2024-06-19,1.149866095908053,1.7406379205502385,0.161505299217158,1.2477042214980532e-05
2024-06-20,1.1492428146958507,1.7759434716416789,-0.07710864216552159,1.2464575172765552e-05
2024-06-21,1.1497003062359585,1.8040581400185527,0.0576134076904246,1.2452120597592787e-05
2024-06-24,1.1497964775277172,1.8239792584164405,0.012102059369292626,1.2439678476995195e-05
2024-06-25,1.150001964400004,1.8273087760784101,0.025712970321365575,1.24272487985182e-05
2024-06-26,1.151957457384045,1.806104811089704,0.2439964008682885,1.2414831549719682e-05
2024-06-27,1.1526819494273624,1.7493714589475626,0.091317988483921,1.2402426718169962e-05
2024-06-28,1.1541519107297604,1.6849298892019957,0.1815427504671969,1.2390034291451792e-05
2024-07-01,1.1529384835539451,1.5872447135915608,-0.1513643933488141,1.237765425716034e-05
2024-07-02,1.1528583366759553,1.4843199087833667,-0.009949613361553065,1.2365286602903181e-05
2024-07-03,1.1527014509108766,1.377012441908219,-0.01942527670641624,1.235293131630028e-05
2024-07-04,1.1535866986130252,1.2480763475307117,0.11102196038083338,1.234058838498398e-05
2024-07-05,1.1542446549552796,1.1282926345904085,0.0828686867977416,1.2328257796598997e-05
2024-07-08,1.152819718241485,1.0282654331017695,-0.17722498691073427,1.23159395388024e-05
2024-07-09,1.1523372336021773,0.9908434370149265,-0.05971328176023044,1.2303633599263598e-05
2024-07-10,1.1531385039692663,0.9189661023655251,0.10280240614166312,1.2291339965664335e-05
2024-07-11,1.1541605329830962,0.8707023172120256,0.12658919074222427,1.2279058625698672e-05
2024-07-12,1.1538320875773012,0.8137050776090584,-0.04158439620457678,1.2266789567072974e-05
2024-07-15,1.1546181239425795,0.6906298630901179,0.0986823171988225,1.2254532777505901e-05
2024-07-16,1.1552769909304146,0.5889733704970088,0.08291910718027688,1.2242288244728396e-05
2024-07-17,1.1536599350699304,0.5412421631831392,-0.20368817026137298,1.2230055956483668e-05
2024-07-18,1.1534436028049093,0.4960375139102785,-0.026937482360312473,1.2217835900527185e-05
2024-07-19,1.1531123008272335,0.48057614242451624,-0.04183037233356403,1.220562806462666e-05
2024-07-22,1.1538909635184995,0.43402284119096995,0.09840173732243716,1.2193432436562033e-05
2024-07-23,1.15343571489214,0.42787261258909104,-0.057589332660093466,1.218124900412547e-05
2024-07-24,1.1529651494827462,0.44569137197629194,-0.058590343513336696,1.2169077755121347e-05
2024-07-25,1.1517579369500373,0.4980231055153692,-0.15236073712535572,1.2156918677366227e-05
2024-07-26,1.1514648367749656,0.5360610614438411,-0.036359475792414137,1.2144771758688861e-05
2024-07-29,1.1526174679476093,0.5583967170812152,0.14447111333480925,1.2132636986930172e-05
2024-07-30,1.152810542637692,0.5938753846561792,0.02460171573942936,1.2120514349943243e-05
2024-07-31,1.1531601739124095,0.6089627813961092,0.04295388975229019,1.21084038355933e-05
2024-08-01,1.1523517697480237,0.6217149481586797,-0.10005783342316127,1.2096305431757708e-05
2024-08-02,1.1530291669340533,0.6331391549079345,0.08466281757944409,1.208421912632595e-05
2024-08-05,1.1514897317615982,0.6690815926354264,-0.19738392275705405,1.2072144907199625e-05
2024-08-06,1.151438880276139,0.702920950431819,-0.006399009687507052,1.2060082762292426e-05
2024-08-07,1.1498542192791492,0.7386269437032469,-0.19561634220681248,1.2048032679530135e-05
2024-08-08,1.14964627420329,0.7690227795063296,-0.025911034309825342,1.2035994646850606e-05
2024-08-09,1.1519631205026772,0.7824920593284305,0.2846127266132244,1.2023968652203756e-05
2024-08-12,1.1540023212669044,0.7858190649147047,0.2533046776684084,1.2011954683551554e-05
2024-08-13,1.154633800166778,0.780624931361232,0.08000582773248709,1.1999952728868003e-05
2024-08-14,1.1526542185932813,0.7800623208012152,-0.2468685264029824,1.1987962776139136e-05
2024-08-15,1.152769132629964,0.7781283267555051,0.01411927772348847,1.1975984813362998e-05
2024-08-16,1.1535119815810864,0.7737660170140267,0.09137711830234443,1.1964018828549635e-05
2024-08-19,1.1525977264198775,0.7664019170105072,-0.11236615316188724,1.1952064809721085e-05
2024-08-20,1.1519936285865062,0.7605401617046917,-0.0749505945332208,1.1940122744911365e-05
2024-08-21,1.1522611431579965,0.7547842783262847,0.033005581462844644,1.1928192622166454e-05
2024-08-22,1.152548505053763,0.7378172816362324,0.03574843946538122,1.1916274429544289e-05
2024-08-23,1.1543121531997091,0.7426718741756192,0.22133534306624034,1.1904368155114745e-05
2024-08-26,1.154376110196678,0.7424997045146275,0.00789559610936954,1.189247378695963e-05
2024-08-27,1.1536475399277628,0.7577970583197225,-0.09110043531389285,1.1880591313172671e-05
2024-08-28,1.1536590194538718,0.7799687891064416,0.0014313815186484643,1.18687207218595e-05
2024-08-29,1.1550189122469643,0.8048746851902755,0.17237127672370262,1.185686200113764e-05
2024-08-30,1.153965260288699,0.848429241015293,-0.13006404030072624,1.1845015139136504e-05
2024-09-02,1.1538961783931787,0.8894613148908886,-0.008830938959782148,1.1833180123997367e-05
2024-09-03,1.153714139327701,0.9373774825050878,-0.02279732707960595,1.182135694387337e-05
2024-09-04,1.154081595212249,0.9872347707170392,0.04641647466092862,1.1809545586929498e-05
2024-09-05,1.1517650772914674,1.0343562273065166,-0.2928627284732933,1.1797746041342568e-05
2024-09-06,1.1517044168714599,1.0835954553354306,-0.007507585377933114,1.1785958295301226e-05
2024-09-09,1.152156274931802,1.1169632275260089,0.056835485748279554,1.1774182337005925e-05
2024-09-10,1.1509660778078619,1.157657769177833,-0.14664540605779053,1.176241815466892e-05
2024-09-11,1.1513051609136726,1.1911150793983722,0.04213504588873939,1.1750665736514252e-05
2024-09-12,1.1526416028841182,1.2365263545639418,0.16330641867782264,1.1738925070777738e-05
2024-09-13,1.1534324270436311,1.2765224484692173,0.09835244897810831,1.172719614570696e-05
2024-09-18,1.152934713541089,1.3124980227035148,-0.06136133143859813,1.1715478949561254e-05
2024-09-19,1.15303070720982,1.3455187454083,0.011783344863108058,1.1703773470611693e-05
2024-09-20,1.153071191895175,1.360806321245956,0.005072833121472806,1.1692079697141082e-05
2024-09-23,1.1526920450134328,1.3677644793874972,-0.048548235814009306,1.1680397617443943e-05
2024-09-24,1.1535227599628208,1.3636587205843431,0.10177850696017837,1.16687272198265e-05
2024-09-25,1.1549169693506516,1.3832568811051198,0.1729483598195341,1.1657068492606674e-05
2024-09-26,1.1552495027341922,1.4118226082968082,0.041159530452801046,1.1645421424114068e-05
2024-09-27,1.1546487358014028,1.4416431805113998,-0.07326820919317488,1.1633786002689955e-05
2024-09-30,1.1551416310215366,1.46280271447567,0.06143225797720741,1.1622162216687265e-05
2024-10-08,1.1547934364319534,1.463711458550503,-0.04295679980754831,1.1610550054470578e-05
2024-10-09,1.1544021561236948,1.4793124793733394,-0.04926255831632807,1.1598949504416108e-05
2024-10-10,1.1529825604295842,1.482489371197619,-0.17621890978212051,1.1587360554911693e-05
2024-10-11,1.153880832661516,1.46669765243597,0.1101561318423364,1.1575783194356782e-05
2024-10-14,1.1535901937932251,1.4405296023154721,-0.036108588069817385,1.1564217411162425e-05
2024-10-15,1.1534890525252384,1.4264580998641252,-0.012874035221685069,1.1552663193751264e-05
2024-10-16,1.1543312502029324,1.418854553253654,0.10435296346176172,1.1541120530557513e-05
2024-10-17,1.152523373184144,1.3973102761372185,-0.22902252245711202,1.1529589410026956e-05
2024-10-18,1.1539658070682377,1.3935387460840107,0.17864373435248987,1.151806982061693e-05
2024-10-21,1.153211811971381,1.3765414244460132,-0.09209259155289919,1.1506561750796314e-05
2024-10-22,1.1528436906812638,1.3608565216365818,-0.04625689361537417,1.1495065189045518e-05
2024-10-23,1.1526281649223067,1.3472380457398343,-0.026822664885404187,1.1483580123856473e-05
2024-10-24,1.154728447136249,1.3541995492595427,0.25770261623815477,1.1472106543732617e-05
2024-10-25,1.1532655563146654,1.3485043960635927,-0.18700330762045658,1.1460644437188885e-05
2024-10-28,1.1522470912967993,1.3280954436790295,-0.12590486095642286,1.1449193792751698e-05
2024-10-29,1.1529265061741834,1.3149844352839268,0.08542164381704558,1.1437754598958947e-05
2024-10-30,1.1526309449442698,1.3052040068289836,-0.036716709069547895,1.142632684435999e-05
2024-10-31,1.1542391889441432,1.3114186225656042,0.20285339628367208,1.141491051751563e-05
2024-11-01,1.152179551615562,1.304631104682692,-0.2556929689876929,1.1403505606998115e-05
2024-11-04,1.1528712462306263,1.2970717225510944,0.08596324809561386,1.1392112101391118e-05
2024-11-05,1.1517817139042592,1.2844548999060992,-0.1346003113885928,1.1380729989289727e-05
2024-11-06,1.1515916594751467,1.2617701615550183,-0.023777264882338105,1.1369359259300439e-05
2024-11-07,1.1498671047186602,1.2130327533381045,-0.20839417090327447,1.1357999900041139e-05
2024-11-08,1.1479000540253879,1.1260601521341953,-0.24114228938957033,1.1346651900141098e-05
2024-11-11,1.1491450227704827,1.0622440597272502,0.15858117856751738,1.1335315248240958e-05
2024-11-12,1.150962100834881,1.0415968759554262,0.23475620095511668,1.1323989932992717e-05
2024-11-13,1.150497421645704,1.036137369078211,-0.058576059944130614,1.1312675943059725e-05
2024-11-14,1.1509234138972668,1.0413436117369486,0.05395563839495824,1.1301373267116666e-05
2024-11-15,1.1505436420368507,1.0228890855616337,-0.04665972174348236,1.129008189384955e-05
2024-11-18,1.1522226071434074,1.0146992301799045,0.2140525315359387,1.12788018119557e-05
2024-11-19,1.152364835907656,1.0146036310883175,0.017644728281447614,1.1267533010143745e-05
2024-11-20,1.1525115772978325,1.0101370011372537,0.0180248473050861,1.1256275477133603e-05
2024-11-21,1.152789907881891,1.0028814831163242,0.03495053806884398,1.124502920165647e-05
2024-11-22,1.1541521452717285,0.9986452693730974,0.1737583574005074,1.1233794172454815e-05
2024-11-25,1.1534951165845722,0.9974561257827134,-0.08077624487138854,1.122257037828236e-05
2024-11-26,1.1548439583179213,1.0073301106735728,0.16899524084331558,1.1211357807904079e-05
2024-11-27,1.1572041313262682,1.021181031534715,0.294259862315171,1.1200156450096176e-05
2024-11-28,1.1571800118348374,1.0163149876501005,-0.0030879839517939274,1.118896629364608e-05
2024-11-29,1.155781285397508,1.0178457012685989,-0.17245295813999262,1.1177787327352435e-05
2024-12-02,1.1566423106342099,1.0283021849364766,0.10751053992093924,1.1166619540025082e-05
2024-12-03,1.1560706753584498,1.0306699179770258,-0.07134921636453372,1.1155462920485059e-05
2024-12-04,1.1556376194804068,1.037827603856512,-0.05326690005630454,1.1144317457564575e-05
2024-12-05,1.1563565197466508,1.0408296771411683,0.09016235917670108,1.113318314010701e-05
2024-12-06,1.157187990920311,1.037441274086889,0.10527473501455167,1.1122059956966905e-05
2024-12-09,1.1573053804752471,0.9874334558262847,0.014627439388451844,1.1110947897009938e-05
2024-12-10,1.1582944618920552,0.9203985014044004,0.12388575670327505,1.1099846949112929e-05
2024-12-11,1.1580471132399353,0.8389200992224376,-0.030669505874298276,1.1088757102163817e-05
2024-12-12,1.1574382820182199,0.7269332750408539,-0.07515128201620482,1.1077678345061653e-05
2024-12-13,1.1579944283489976,0.5715870555934716,0.07044511964022565,1.1066610666716593e-05
2024-12-16,1.1584604114646462,0.44841516344669474,0.058727237533636865,1.1055554056049877e-05
2024-12-17,1.1594932117059624,0.30530977386146635,0.13183618601664704,1.1044508501993828e-05
2024-12-18,1.1577720058537813,0.207304816170318,-0.21478988665624651,1.1033473993491835e-05
2024-12-19,1.1580346441031664,0.15200398317352362,0.03297102846220661,1.1022450519498344e-05
2024-12-20,1.15726907255157,0.09594077023602482,-0.09461669128675525,1.1011438068978846e-05
2024-12-23,1.1578460001142459,-0.0506731731276717,0.07232109582329303,1.1000436630909867e-05
2024-12-24,1.1588925426131158,-0.1354994796437787,0.13102033929096796,1.0989446194278957e-05
2024-12-25,1.1595274865416823,-0.19444500574844686,0.07909245210440147,1.097846674808468e-05
2024-12-26,1.160165162814589,-0.22605929461491264,0.0804277504733446,1.0967498281336595e-05
2024-12-27,1.1591449527898696,-0.22030665820696413,-0.12696315861698956,1.095654078305526e-05
2024-12-30,1.1596769074751994,-0.22325034701002933,0.06634751386491175,1.0945594242272205e-05
2024-12-31,1.1602362968004192,-0.23223416684753226,0.0699639573028332,1.0934658648029933e-05
2025-01-02,1.158435485714475,-0.2307639540833667,-0.22189302188156249,1.0923733989381903e-05
2025-01-03,1.1566502526417264,-0.19661879484132383,-0.2243968136644445,1.0912820255392522e-05
2025-01-06,1.1573717003081345,-0.14516434167529926,0.09194760578826881,1.090191743513713e-05
2025-01-07,1.1563754759347813,-0.10519619545378432,-0.12330470032379495,1.0891025517701994e-05
2025-01-08,1.1553994929995215,-0.055517894044462744,-0.12146173305033624,1.0880144492184293e-05
2025-01-09,1.1537222457489429,-0.024808357012844038,-0.20593956786203702,1.0869274347692109e-05
2025-01-10,1.152608930851565,-0.004817417620532368,-0.13667582373554538,1.0858415073344417e-05
2025-01-13,1.1526653505218256,0.00586950030363147,0.006996573766929794,1.0847566658271074e-05
2025-01-14,1.1514162735250002,0.009930390659304506,-0.15535172384072157,1.0836729091612803e-05
2025-01-15,1.1500752531561855,0.03443825758325376,-0.16879162303834785,1.0825902362521192e-05
2025-01-16,1.1503177711773078,0.044718422435289416,0.030002201720218148,1.0815086460158671e-05
2025-01-17,1.1513017893135449,0.0031466356087074088,0.12131335594066905,1.0804281373698513e-05
2025-01-20,1.1515877107961503,0.0012220409485353004,0.03583289551125675,1.0793487092324815e-05
2025-01-21,1.1514267696504727,-0.0005059204927123564,-0.020059542399268313,1.078270360523249e-05
2025-01-22,1.15160889058805,0.001094401001763454,0.022885042279294405,1.077193090162726e-05
2025-01-23,1.1509523659504437,0.018637877338302997,-0.08309365359867095,1.0761168970725633e-05
2025-01-24,1.1501138229958752,0.006585693592154173,-0.10254170621858819,1.0750417801754909e-05
2025-01-27,1.1500411691792132,0.01772257035623868,-0.009170402912937237,1.0739677383953154e-05
2025-02-05,1.1484106340887228,0.02411217454238409,-0.20388304525230075,1.0728947706569201e-05
2025-02-06,1.1494383575137415,0.015138153780386262,0.12707492399910555,1.0718228758862633e-05
2025-02-07,1.1493767989974868,-0.00803108725815674,-0.0075354548130850815,1.0707520530103771e-05
2025-02-10,1.1488525688422095,-0.06074597960683817,-0.06566268678489041,1.0696823009573668e-05
2025-02-11,1.147854067877383,-0.14503659949417871,-0.12344411037973312,1.0686136186564095e-05
2025-02-12,1.1486863173439463,-0.2247871552753273,0.10466860160502094,1.0675460050377532e-05
2025-02-13,1.1487107241910472,-0.2730681269127709,0.0030508930863184483,1.0664794590327155e-05
2025-02-14,1.1492478870314575,-0.29160867857109746,0.06624055548359181,1.0654139795736829e-05
2025-02-17,1.1486314881901476,-0.3147440402236738,-0.07741736092844465,1.0643495655941093e-05
2025-02-18,1.1487527896747256,-0.3456550757018448,0.015128784598620118,1.0632862160285153e-05
2025-02-19,1.14874214397257,-0.3759759170160072,-0.0013249093721797189,1.0622239298124868e-05
2025-02-20,1.148867614397126,-0.4003468163429663,0.015502447127466411,1.0611627058826744e-05
2025-02-21,1.148321903640816,-0.4649466065093708,-0.0681175220475333,1.0601025431767917e-05
2025-02-24,1.148953897504152,-0.5166471003216978,0.07963025781064739,1.059043440633615e-05
2025-02-25,1.1482414505905763,-0.5522159603874777,-0.08999999488758871,1.0579853971929814e-05
2025-02-26,1.1475766224099124,-0.6161677954160812,-0.08238300061520416,1.0569284117957885e-05
2025-02-27,1.1474930929304115,-0.6846909397523907,-0.010421964648487398,1.0558724833839928e-05
2025-02-28,1.1468362098292422,-0.7847921970119035,-0.08187902886326436,1.0548176109006089e-05
2025-03-03,1.1479311626144857,-0.8037535113468425,0.13638549527593252,1.0537637932897084e-05
2025-03-04,1.1479324939693207,-0.838677383647239,0.00016661461247022126,1.0527110294964188e-05
2025-03-05,1.147771402373556,-0.8750265971045597,-0.02011898836696106,1.0516593184669225e-05
2025-03-06,1.147882978288117,-0.8793294632439489,0.013677702586307166,1.0506086591484556e-05
2025-03-07,1.1479404787128726,-0.9190300289590392,0.0071900118285209,1.0495590504893073e-05
2025-03-10,1.1470322058393845,-0.9490387257261055,-0.112837790185022,1.048510491438818e-05
2025-03-11,1.1473400949713752,-0.9503411531109908,0.0385927545198653,1.0474629809473793e-05
2025-03-12,1.1467440785578007,-0.9398663188665676,-0.07366372090993793,1.046416517966432e-05
2025-03-13,1.1477190229043384,-0.9124953745615898,0.12191533258083288,1.0453711014484656e-05
2025-03-14,1.1480899758830523,-0.8879679440032207,0.04621506447047947,1.0443267303470172e-05
2025-03-17,1.148623398262652,-0.8915040757354322,0.06687373233582333,1.0432834036166702e-05
2025-03-18,1.1479638956448646,-0.8923366738724513,-0.08354405572244764,1.0422411202130536e-05
2025-03-19,1.1485813845014357,-0.8740228773434793,0.07715754431302209,1.0411998790928406e-05
2025-03-20,1.147371641839189,-0.8319370712304127,-0.1489493134607913,1.0401596792137478e-05
2025-03-21,1.1480055174198835,-0.8156217406842198,0.08019823996484778,1.0391205195345342e-05
2025-03-24,1.1494878015907655,-0.7865883561666062,0.1843255726996455,1.0380823990149997e-05
2025-03-25,1.149467699174855,-0.7601496861611726,-0.0025170978595758075,1.0370453166159848e-05
2025-03-26,1.1495365182231445,-0.727029654429449,0.008576091375918068,1.0360092712993689e-05
2025-03-27,1.148814688131983,-0.676578586842648,-0.08946505838663656,1.0349742620280696e-05
2025-03-28,1.1486812228394616,-0.6249454261813167,-0.01694640312422523,1.0339402877660415e-05
2025-03-31,1.14792442804436,-0.5578438983620647,-0.09524940539221724,1.0329073474782755e-05
2025-04-01,1.14833555316958,-0.4977419586772203,0.0511551522973394,1.0318754401307972e-05
2025-04-02,1.1478554512106118,-0.40580620415690416,-0.06036257100790324,1.0308445646906664e-05
2025-04-03,1.1471224295771434,-0.27406139401554264,-0.0917570926396199,1.0298147201259759e-05
2025-04-07,1.1482691486702674,0.007799639164484678,0.1516542708327372,1.02878590540585e-05
2025-04-08,1.1474524545860076,0.2710139273802302,-0.10260477127337773,1.0277581195004441e-05
2025-04-09,1.1474600291833803,0.601375237966513,0.0009688909013343874,1.0267313613809437e-05
2025-04-10,1.148032471526149,0.766627844627079,0.06876919598698293,1.0257056300195627e-05
2025-04-11,1.1484284529702562,0.9099179798289952,0.049882477671518634,1.0246809243895432e-05
2025-04-14,1.1485541471744705,0.9899615342907899,0.015622894149337912,1.0236572434651538e-05
2025-04-15,1.1481815491481386,1.0416332307089224,-0.04684240290924571,1.0226345862216887e-05
2025-04-16,1.146677699815971,1.1081513596706247,-0.1885304143171623,1.021612951635467e-05
2025-04-17,1.146425028953397,1.1546140403698408,-0.031295574213300516,1.0205923386838317e-05
2025-04-18,1.1464472679930573,1.191478124374854,0.0027671039200671773,1.0195727463451479e-05
2025-04-21,1.1469502143235875,1.2111570631774418,0.06192708031350743,1.0185541735988027e-05
2025-04-22,1.1471740687349712,1.2223767310699987,0.02822705173253552,1.017536619425204e-05
2025-04-23,1.1472537692106994,1.232073949997143,0.00986212630134668,1.0165200828057789e-05
2025-04-24,1.1473448521463379,1.2378236312148065,0.011304053309887265,1.0155045627229732e-05
2025-04-25,1.1474438065515287,1.2458607562070865,0.012256251156303428,1.0144900581602503e-05
2025-04-28,1.1468639245938137,1.2653926015815036,-0.07287962482942614,1.01347656810209e-05
2025-04-29,1.1470380327255292,1.2705095148396588,0.021743980318284464,1.012464091533988e-05
2025-04-30,1.146627804985655,1.282639235565739,-0.05130180974752184,1.0114526274424542e-05
2025-05-06,1.1468633817137366,1.2898452827398728,0.029684448552554588,1.0104421748150118e-05
2025-05-07,1.1480978440266032,1.2784856141653629,0.15815017831707576,1.0094327326401969e-05
2025-05-08,1.1477547334411051,1.268530918575083,-0.04276295281975493,1.0084242999075569e-05
2025-05-09,1.1473342562704163,1.26648566587635,-0.052147086358261055,1.0074168756076494e-05
2025-05-12,1.146901312466169,1.2715313566383426,-0.05264457340654705,1.0064104587320418e-05
2025-05-13,1.145564790272481,1.278028551054284,-0.16538457681560162,1.0054050482733098e-05
2025-05-14,1.1456564304805315,1.277403453849154,0.011194315808652633,1.0044006432250366e-05
2025-05-15,1.1455387230292515,1.2742581690522303,-0.014766431634879068,1.0033972425818117e-05
2025-05-16,1.1453604859315591,1.2759809864807918,-0.022343697186025642,1.00239484533923e-05
2025-05-19,1.1450371163765356,1.2774692833741974,-0.04039500435445181,1.0013934504938909e-05
2025-05-20,1.1450831790899194,1.2788611178134093,0.0057647282591826434,1.000393057043397e-05
2025-05-21,1.1452035048024158,1.274341771094814,0.014889131010026086,9.993936639863536e-06
2025-05-22,1.1443805612666134,1.2731477927905346,-0.10257718830576039,9.983952703223673e-06
2025-05-23,1.1445072073076321,1.269322710070745,0.01587438861099237,9.97397875052045e-06
2025-05-26,1.1444068288226277,1.2704884746303071,-0.01253723078114771,9.964014771769931e-06
2025-05-27,1.145590164914305,1.2745674485502703,0.14892983771867527,9.954060756998162e-06
2025-05-28,1.1446764725164287,1.2797131297757784,-0.1135901807839045,9.944116696241164e-06
2025-05-29,1.1452958982535713,1.285375876349288,0.07677541289066799,9.934182579544924e-06
2025-05-30,1.1447881907901767,1.2880323743621103,-0.06402716938143714,9.92425839696538e-06
2025-06-03,1.1456244782259337,1.2909642095658729,0.10602168329331559,9.914344138568415e-06
2025-06-04,1.1457418593540514,1.2915260200034568,0.014440171379208402,9.904439794429848e-06
2025-06-05,1.1457148993621973,1.2918515167668538,-0.003378147152496264,9.894545354635419e-06
2025-06-06,1.1456256523140602,1.2903744452793324,-0.011100161979575938,9.884660809280785e-06
2025-06-09,1.1436627812037448,1.3060288554783783,-0.24588642129789615,9.874786148471505e-06
2025-06-10,1.1435905573691274,1.3196816754991776,-0.009052559084303243,9.864921362323034e-06
2025-06-11,1.1433841809879575,1.331217355662285,-0.025271074364834483,9.855066440960713e-06
2025-06-12,1.1422664471541442,1.312271765424099,-0.13803012432563122,9.845221374519752e-06
2025-06-13,1.141148552838475,1.2825338863908338,-0.1400564553783409,9.835386153145233e-06
2025-06-16,1.1412837755767173,1.2341988112965845,0.016866808398758443,9.825560766992088e-06
2025-06-17,1.1414021931863387,1.1893287888714479,0.014731903518026264,9.815745206225097e-06
2025-06-18,1.14091455571543,1.1010752718775316,-0.0599571066185854,9.805939461018873e-06
2025-06-19,1.1404933233660866,1.0181732125748681,-0.05278519325302467,9.796143521557854e-06
2025-06-20,1.1409622990912958,0.9376914858953415,0.05895366716234156,9.786357378036297e-06
2025-06-23,1.1414202166975604,0.8133404543857086,0.057159085261634525,9.776581020658261e-06
2025-06-24,1.1423477683784111,0.690093279536295,0.116229607985279,9.766814439637604e-06
2025-06-25,1.1426181929295347,0.5400218192250317,0.033643164648586965,9.757057625197967e-06
2025-06-26,1.1429681883022917,0.3563866408694273,0.04339554566816033,9.74731056757277e-06
2025-06-27,1.143032981399412,0.23106790894604595,0.008009728146208825,9.737573257005198e-06
2025-06-30,1.1434416881430414,0.15720236497914641,0.05101437226784817,9.727845683748194e-06
2025-07-01,1.1420650714939409,0.0439775505362469,-0.17122772437039693,9.718127838064445e-06
2025-07-02,1.1418615182027085,-0.0323279799711407,-0.02537038222316438,9.708419710226381e-06
2025-07-03,1.141974637670654,-0.07457001878523953,0.014059750972331576,9.698721290516155e-06
2025-07-04,1.1426231507730482,-0.0435029607428323,0.08125914314896156,9.68903256922564e-06
2025-07-07,1.1424362441891946,-0.05251805492765931,-0.023721789110395554,9.679353536656415e-06
2025-07-08,1.1415067899167133,-0.12360754924169418,-0.11500404953121308,9.66968418311976e-06
2025-07-09,1.1419430850666727,-0.11327034677181735,0.05451040598272269,9.660024498936641e-06
2025-07-10,1.1422257152911235,-0.07721127691067763,0.03480261893786061,9.650374474437705e-06
2025-07-11,1.142328131579837,-0.03802780564038395,0.01279256594768566,9.640734099963268e-06
2025-07-14,1.1431500774901635,-0.0227540312413365,0.1045403991090708,9.631103365863305e-06
2025-07-15,1.1423442443024803,-0.05124948827240333,-0.10047484243635461,9.621482262497442e-06
2025-07-16,1.1419445003483621,-0.07464350839629659,-0.04976331898462054,9.611870780234945e-06
2025-07-17,1.142425625382333,-0.08948740309810259,0.06011427620992188,9.60226890945471e-06
2025-07-18,1.142681152978134,-0.07061427912384223,0.03165828016919628,9.592676640545256e-06
2025-07-21,1.1436578464138047,0.01776207598352508,0.11900539373309049,9.58309396390471e-06
2025-07-22,1.143450558969806,0.11040504457548,-0.02576059832953502,9.573520869940806e-06
2025-07-23,1.1441290555956702,0.18739336144877472,0.08533585891556487,9.563957349070866e-06
2025-07-24,1.144484308044668,0.25777617784995327,0.04442296802572606,9.554403391721795e-06
2025-07-25,1.1439314322121066,0.31081674397296627,-0.06901627227310328,9.544858988330075e-06
2025-07-28,1.1436923114674846,0.3453885440378166,-0.03015866443154583,9.535324129341745e-06
2025-07-29,1.1437848781602193,0.37588621234501396,0.011557888727928092,9.525798805212404e-06
2025-07-30,1.1437669121962648,0.4102484502311021,-0.002238239473270251,9.516283006407192e-06
2025-07-31,1.142969186028835,0.4506926739182932,-0.10040998673526365,9.506776723400785e-06
2025-08-01,1.1429398831596396,0.493095455811914,-0.003663007931694237,9.497279946677385e-06
2025-08-04,1.1425570022142189,0.5377520511584817,-0.04773956746583739,9.48779266673071e-06
2025-08-05,1.1429269838254434,0.5902467713786603,0.046036716728311486,9.47831487406398e-06
2025-08-06,1.1424323966560397,0.6111882198647666,-0.061354217803056374,9.468846559189916e-06
2025-08-07,1.1428339353219945,0.6324636166277315,0.04973334324419416,9.459387712630727e-06
2025-08-08,1.14285702790297,0.6551809571808147,0.0028949661257378356,9.449938324918096e-06
2025-08-11,1.1430500937220778,0.6845990521747539,0.024037083078148943,9.44049838659318e-06
2025-08-12,1.143095040798278,0.7126445813624552,0.005599482907435018,9.431067888206587e-06
2025-08-13,1.1427178091002752,0.7396052704047835,-0.04688711124135858,9.42164682031838e-06
2025-08-14,1.1425529351117127,0.75847242324588,-0.020693700976070654,9.412235173498064e-06
2025-08-15,1.1423831441533623,0.7671864977681079,-0.021100820236359313,9.402832938324566e-06
2025-08-18,1.142478734902671,0.778455470750204,0.012067284132662972,9.393440105386242e-06
2025-08-19,1.1420831511869636,0.7872972209731568,-0.04953499764877111,9.384056665280856e-06
2025-08-20,1.1423973471628603,0.8278609930975114,0.039241239976956166,9.374682608615576e-06
