date,kalman_beta,ols_beta,z_score
2021-04-19,0.09828332249384157,-0.2188369096000379,8.368829622550246
2021-04-20,0.10157404343426497,-0.19590517004969116,8.064985696909606
2021-04-21,0.10504403799552531,-0.1600208961750598,7.373005705904223
2021-04-22,0.10850731522929578,-0.11328863054035647,6.648300276491202
2021-04-23,0.11197655537480582,-0.054113931067503084,6.17353959381635
2021-04-26,0.11540461268871857,-0.03088427290339133,5.804132997374703
2021-04-27,0.11861838828346842,-0.014548769373511367,5.245866244988331
2021-04-28,0.12131100808920893,-0.013982878342161173,4.2737390981198065
2021-04-29,0.1239077582621094,0.012327625670652204,4.031828869170076
2021-04-30,0.12604691448118005,-0.011621042791810378,3.2853115139426468
2021-05-06,0.12863971886560696,-0.02475962756578908,3.9273775649840292
2021-05-07,0.13089723809505013,-0.021243824340248692,3.3918789424308917
2021-05-10,0.13373048876818577,0.0033554035022654418,4.226754485309464
2021-05-11,0.1363935349469567,-0.004979103117303631,3.9673215631616623
2021-05-12,0.13884798418516567,0.08191584316557728,3.6388556618604206
2021-05-13,0.14035873080866862,0.0071339270809891815,2.2494283576709373
2021-05-14,0.14090234278154787,-0.07955896157503616,0.8084385406133134
2021-05-17,0.1411916070609281,-0.12774193740777703,0.42895073955974244
2021-05-18,0.1413952846231079,-0.09044781623682803,0.30060993012263376
2021-05-19,0.14066034500381577,-0.03789827954752975,-1.0846969405331601
2021-05-20,0.13960039879415542,-0.006373058964589138,-1.5615079171892319
2021-05-21,0.1384724699157384,0.033697961640609446,-1.6633274684265458
2021-05-24,0.13707939125363544,0.07504044847178766,-2.0566833842732604
2021-05-25,0.13575751467803593,0.1256962821569093,-1.9550313032978026
2021-05-26,0.1337716595992162,0.15552889575659284,-2.936621425683605
2021-05-27,0.1326367467162111,0.2145282207058032,-1.6797038204339176
2021-05-28,0.13196782886591246,0.28110421144742215,-0.9853933630351093
2021-05-31,0.13161472603434335,0.3121400848084121,-0.5184233056297738
2021-06-01,0.1316534132493387,0.3353250418009971,0.05687953807375442
2021-06-02,0.13127103632354076,0.328963090848379,-0.5628031123941716
2021-06-03,0.13142336708048843,0.40562710074157243,0.2243553748141401
2021-06-04,0.1315614752307384,0.45920740524729803,0.20332681675241232
2021-06-07,0.13103482941123026,0.4660389827645649,-0.7759928935978572
2021-06-08,0.13076906711238484,0.4909986045375223,-0.3923093925051579
2021-06-09,0.13064542441280888,0.4868493720231116,-0.18250412586665793
2021-06-10,0.13100531581955738,0.4857089799403007,0.5321260287387741
2021-06-11,0.13180490390665053,0.48294946166196456,1.1817212716820935
2021-06-15,0.13203635840488698,0.462541142276169,0.34254145991693946
2021-06-16,0.13176358628853882,0.4396194692519994,-0.40393824571749093
2021-06-17,0.1318105279877507,0.42680359097255527,0.06945284025623039
2021-06-18,0.13175135875847635,0.39866094907192445,-0.08757613381705592
2021-06-21,0.13111790591463843,0.37620155247977594,-0.9356607713281239
2021-06-22,0.1305436696021909,0.3332739793838497,-0.8472033009236235
2021-06-23,0.13018973717406837,0.28434652916259157,-0.5215630618272323
2021-06-24,0.1298615044644417,0.23295569979003203,-0.48344408308209624
2021-06-25,0.12999723169407898,0.19540961306764743,0.19985338869970187
2021-06-28,0.13010893270925125,0.15559618827161267,0.1644262857862026
2021-06-29,0.13012839151945754,0.11428192089886903,0.028692519201704
2021-06-30,0.1304944319561851,0.0703969174558006,0.53981529827614
2021-07-01,0.13090012309776014,0.03942960246266838,0.6009898326037179
2021-07-02,0.13117590756055944,0.03370613135054226,0.4081155720339156
2021-07-05,0.13169822319371452,0.029251405968588527,0.7717016498778245
2021-07-06,0.1324058079444288,0.01962713217778049,1.0438713018793357
2021-07-07,0.13339418618723203,0.010652937320217269,1.4573660674139322
2021-07-08,0.1341631328143941,-0.03160872063400151,1.136662241088415
2021-07-09,0.13491409187184278,-0.1162264346432144,1.1092183895946426
2021-07-12,0.13555288918968686,-0.17587132699643465,0.9430978384839638
2021-07-13,0.13619825028668875,-0.24055955289386316,0.9537482788251781
2021-07-14,0.13700209137962416,-0.2323418822298882,1.1814242806025181
2021-07-15,0.1375463696920039,-0.1905623213299819,0.7995385343718555
2021-07-16,0.13801120384996482,-0.12980427654375748,0.6826433511351185
2021-07-19,0.1384381839379933,-0.07703526686313458,0.6282491708674385
2021-07-20,0.13891113144550718,-0.02457174228148118,0.696605240396838
2021-07-21,0.13926123440151877,-0.00023678760715160741,0.5168488916242767
2021-07-22,0.13987189322866425,0.03082519592142068,0.9021326338094184
2021-07-23,0.14043647666342915,0.0846358391892095,0.8331035220716885
2021-07-26,0.14098577184659444,0.15312054284718135,0.8104813899220727
2021-07-27,0.14125673235491631,0.2050586943671781,0.3997880088778961
2021-07-28,0.14151761534100576,0.28387927228959686,0.38385586472181804
2021-07-29,0.14200228149596947,0.39127279692141603,0.7138338143941376
2021-07-30,0.14239723565892062,0.48480751653014625,0.5822386428424003
2021-08-02,0.14176257883096394,0.5101987573365855,-0.936718167483919
2021-08-03,0.14069019283815865,0.4814579424452804,-1.5835542533088127
2021-08-04,0.14046586583074738,0.5222397387852266,-0.33118106849455553
2021-08-05,0.14004929816859593,0.49389358980986187,-0.6152640237480905
2021-08-06,0.13967045633423122,0.6195136473211666,-0.5587675316011294
2021-08-09,0.13916809655085552,0.7421148017473549,-0.7407308058106887
2021-08-10,0.139130451858427,0.8633620402602323,-0.05550405977222
2021-08-11,0.1394018832597253,0.9157985922364126,0.40080680705038696
2021-08-12,0.1392308640639453,0.9341401529483526,-0.25251263073529456
2021-08-13,0.1392203274611356,0.9409733220961899,-0.015564246243296212
2021-08-16,0.13883718987887522,0.937137742729584,-0.5666983039318141
2021-08-17,0.1384763541226205,0.9114845917589365,-0.5316847055765721
2021-08-18,0.13753351307588593,0.8357348713941145,-1.3884586817409625
2021-08-19,0.13633364232031656,0.6895708380859094,-1.7677309610755878
2021-08-20,0.13558294064821114,0.5794427091133472,-1.1067872000407784
2021-08-23,0.13492739420052935,0.4795822620292382,-0.9648626865305141
2021-08-24,0.13485984923631616,0.4909830996692088,-0.09987934581716952
2021-08-25,0.13476440953559005,0.4928103687343676,-0.14095777276687216
2021-08-26,0.13431041705530292,0.4925829409140691,-0.6704705870087955
2021-08-27,0.1342227750458267,0.48411369920301217,-0.12925964829137748
2021-08-30,0.13443379846932613,0.4556324803907178,0.30974527718070144
2021-08-31,0.13439134899992453,0.38833064789399263,-0.06218671923901925
2021-09-01,0.1341551234206899,0.3077919085768189,-0.34661494331116116
2021-09-02,0.13402823391510268,0.2506134445500116,-0.18634438734060538
2021-09-03,0.13431175105332915,0.2300002437986038,0.4170797315163522
2021-09-06,0.13474237607036837,0.22934327745166264,0.6343069264312403
2021-09-07,0.13515039055050976,0.22251023081341292,0.6006010771629876
2021-09-08,0.13537900420045615,0.1975746418282363,0.33688251639706185
2021-09-09,0.13618864242562334,0.2085028177380787,1.1915317777863526
2021-09-10,0.1367962875260245,0.20653848185689094,0.8959754928078364
2021-09-13,0.13723002592652728,0.1901137588244667,0.6375744479440624
2021-09-14,0.13708293027296395,0.15279560679792528,-0.21584384319058667
2021-09-15,0.13690839952868056,0.124351804929124,-0.2553627022125678
2021-09-16,0.1368328744056007,0.10734361530760558,-0.11067681636128389
2021-09-17,0.1365963555325911,0.09194185164949167,-0.34729325562582586
2021-09-22,0.13670824989504352,0.09403188273588255,0.163424464408462
2021-09-23,0.13644177320042497,0.08277909768050631,-0.38679563344855433
2021-09-24,0.1360859756016997,0.0709426397125087,-0.5239694574509532
2021-09-27,0.13585867934221663,0.06185145828473595,-0.3323187899072036
2021-09-28,0.13569576712536766,0.0568295773776489,-0.2373570367411076
2021-09-29,0.13572252437983054,0.056764145691620284,0.03928131164606859
2021-09-30,0.13575561798591332,0.06064201981367691,0.04840050057746986
2021-10-08,0.13594926508809474,0.0679959350888874,0.28437613208430773
2021-10-11,0.13619768547228248,0.07564390436866684,0.36430693376459267
2021-10-12,0.13581255281344765,0.07308840244480264,-0.5680504910135245
2021-10-13,0.13529876778677433,0.0689394212633299,-0.7644481879887005
2021-10-14,0.1348967193311933,0.06609489688659093,-0.5950257468340808
2021-10-15,0.1346440711163355,0.06590087611945922,-0.3728984203729542
2021-10-18,0.13411728882087628,0.06219492377048334,-0.77732246480978
2021-10-19,0.13394432842448645,0.06168674498011435,-0.2544049187285639
2021-10-20,0.13325978329333654,0.05785499593507714,-1.016484028505719
2021-10-21,0.13161051286783476,0.04824937817192735,-2.445114688736894
2021-10-22,0.13010754089795634,0.04224651195795517,-2.237713653904195
2021-10-25,0.12864926703678828,0.04118176795890612,-2.174850986228584
2021-10-26,0.12757883792309735,0.040602874539773355,-1.5894418280412541
2021-10-27,0.12597503699173002,0.047437643199085465,-2.3979390241163068
2021-10-28,0.12471595425268883,0.04963488334204597,-1.8667976262052481
2021-10-29,0.12335531610970378,0.05167773337818798,-2.0145764958420442
2021-11-01,0.12165602152611542,0.056885741536856334,-2.5163701203261506
2021-11-02,0.11933065688109985,0.07012644601134821,-3.4563748826056147
2021-11-03,0.11797810171487876,0.07635089101912121,-2.0036494533667173
2021-11-04,0.11624835444091144,0.08469792645069697,-2.56666468270746
2021-11-05,0.11492746269822326,0.10545040080689004,-1.9654041852185284
2021-11-08,0.11404391200840017,0.12475236942127958,-1.3112688151445087
2021-11-09,0.11291198339250634,0.14459786930706406,-1.6754784611095648
2021-11-10,0.11181275372168699,0.16739703154891786,-1.6285291950061274
2021-11-11,0.11168268318515832,0.1885144181862514,-0.19211359374021825
2021-11-12,0.11086630599036687,0.21890977009920382,-1.206876309140117
2021-11-15,0.10983827347801219,0.25713248529001864,-1.5273891037739746
2021-11-16,0.10888271128623801,0.29889587930642414,-1.416921585301232
2021-11-17,0.10821235966898873,0.3408003470083572,-0.9935759951175567
2021-11-18,0.10732034501229493,0.3844288134354472,-1.324169368860841
2021-11-19,0.10717326640388344,0.4156256417389424,-0.21780440530497763
2021-11-22,0.1070307406553947,0.44327194251648455,-0.21075094588044258
2021-11-23,0.10692421978016399,0.4709062986115637,-0.1566311759520117
2021-11-24,0.10763103569084626,0.4915632195577058,1.0387474275781627
2021-11-25,0.10822748056707189,0.5238616206601132,0.8775990621020345
2021-11-26,0.10830504941572579,0.5589507867105679,0.11498700094252325
2021-11-29,0.10843569456364291,0.5915838373448246,0.19273089630145446
2021-11-30,0.10858149147602948,0.6256088904894016,0.21486344086750975
2021-12-01,0.10915647148116084,0.649165361158709,0.8463429439411319
2021-12-02,0.10962377668359423,0.6636521524630208,0.690084858583507
2021-12-03,0.1103229169224121,0.6742451110586722,1.0317582072968177
2021-12-06,0.11084724962182452,0.682575497393382,0.7751698980956957
2021-12-07,0.11161930390272538,0.689904057891509,1.1411980284467507
2021-12-08,0.11194556569907493,0.6994739856869212,0.4826408173745702
2021-12-09,0.11196496586513037,0.7091068177658939,0.0286534530180749
2021-12-10,0.1120516826742058,0.7181905592934186,0.12800586735790026
2021-12-13,0.11244934397191725,0.7239886691049113,0.5864771301449367
2021-12-14,0.11267234467033731,0.7321022211450289,0.3289368280879493
2021-12-15,0.11310963866930157,0.7284655656176363,0.6468621928494971
2021-12-16,0.11378227952071937,0.7175977967497288,0.9946562735261405
2021-12-17,0.11425657407856603,0.7039318029247892,0.7006916963157378
2021-12-20,0.11445980856807722,0.694936273935574,0.2989589734517834
2021-12-21,0.11461547831276897,0.6867489701365118,0.229047988231978
2021-12-22,0.11465743783126332,0.6723882274974531,0.06196963329074978
2021-12-23,0.11484795816630321,0.6615391401057484,0.2814733341527749
2021-12-24,0.1150898852330701,0.6504284414971524,0.3561185034982986
2021-12-27,0.11452880869801146,0.6429663787875705,-0.8274362328880674
2021-12-28,0.11409859794777973,0.639645406965445,-0.6347057622197869
2021-12-29,0.11365571087503633,0.6307850360573045,-0.6516893729520766
2021-12-30,0.11318867619878335,0.6258109216460552,-0.6890317197822446
2021-12-31,0.11293111333311613,0.6131143702422738,-0.3804686323830551
2022-01-04,0.11303601852768536,0.5963762804719592,0.15516944714031514
2022-01-05,0.11331206281560063,0.5822716869136636,0.4079727306847145
2022-01-06,0.11368961675768752,0.5610579243014379,0.5564817016266476
2022-01-07,0.11409602188895498,0.53785249511554,0.5987059014886442
2022-01-10,0.11428741091457574,0.5092715443427529,0.28164572705763147
2022-01-11,0.11481078799870598,0.48004347341794923,0.7710649660499761
2022-01-12,0.11540678420692717,0.42597598894576083,0.878046324423827
2022-01-13,0.11590100154952282,0.3665699535911659,0.7278268218135377
2022-01-14,0.11642341659886395,0.3427371477076592,0.7695614361477108
2022-01-17,0.1165814922342041,0.29544609674990224,0.23414723889940708
2022-01-18,0.1168646922585631,0.2467699020639053,0.418674486642062
2022-01-19,0.11749083083132071,0.16261719297340876,0.9243748779024891
2022-01-20,0.11804455083343643,0.13135933989008783,0.8173845101839176
2022-01-21,0.11856629780925071,0.04611222958218706,0.7722475444990076
2022-01-24,0.11883382504935242,-0.041066270958839086,0.39538130907219743
2022-01-25,0.11926937324655645,-0.11041429104319407,0.6438481842246533
2022-01-26,0.11955359944609013,-0.08424154943763941,0.42013747246021943
2022-01-27,0.11971659800043187,-0.11319791617045405,0.24076355649499526
2022-01-28,0.12031852238627375,0.0038901391225320265,0.8856227127777264
2022-02-07,0.12086750326715308,0.1114432434902224,0.807637883354368
2022-02-08,0.12154988314867732,0.2234055883828787,1.004770968222007
2022-02-09,0.1219168450716376,0.36486530933460076,0.5413430889005955
2022-02-10,0.12259008664824618,0.4995153389073186,0.9931552084879464
2022-02-11,0.12307361148324963,0.5469741090895711,0.7155325112403428
2022-02-14,0.12315097470005008,0.6550453707117669,0.1144186728453008
2022-02-15,0.1228843223176259,0.6016460444428327,-0.39391485827542594
2022-02-16,0.12298137503442762,0.5651379895545754,0.14320986372875896
2022-02-17,0.12257375444174182,0.4910258572282961,-0.6019997227229663
2022-02-18,0.12249466647170787,0.33358465193600906,-0.11648184160004957
2022-02-21,0.12261271842350797,0.26900026264032995,0.1737050098458442
2022-02-22,0.12235942965711404,0.1744845841163686,-0.37324775493846185
2022-02-23,0.12228999111427151,0.27991751796816783,-0.10227690637962068
2022-02-24,0.12171663609388458,0.35738277581722977,-0.8455421235418855
2022-02-25,0.12124978343075941,0.42905150496446876,-0.6908491234973387
2022-02-28,0.1210440782418616,0.3406360147573811,-0.3032192068989333
2022-03-01,0.12135160992353641,0.3936114076317604,0.4528935303766865
2022-03-02,0.12168499513866932,0.47573919210298593,0.4913969425006173
2022-03-03,0.12201168299594232,0.5906790113395016,0.48146206792568963
2022-03-04,0.12234971054928155,0.6360814421078985,0.49843371697678607
2022-03-07,0.12322044003867134,0.7444094265211268,1.2816965867896495
2022-03-08,0.12347121005928384,0.7625393359054712,0.36922280767166327
2022-03-09,0.12355050404461797,0.7705457049076926,0.1168147753159538
2022-03-10,0.12350917359073986,0.7351313128652499,-0.06082313557729514
2022-03-11,0.12358107109186835,0.7047937830502508,0.10586613875494104
2022-03-14,0.12296367691992348,0.6319318679747266,-0.9101649769831874
2022-03-15,0.12268763122674059,0.6135227147353997,-0.4078154095751695
2022-03-16,0.12289799370387329,0.6071146313429236,0.3099070519289315
2022-03-17,0.12308215759030516,0.6062744422476429,0.2717054101876677
2022-03-18,0.12340262769706577,0.6328411079319013,0.47299156086854643
2022-03-21,0.12359380987745582,0.6467257987691001,0.28228344691481244
2022-03-22,0.12377015662968331,0.654324736033055,0.2605327988151509
2022-03-23,0.12415675536960499,0.6684572433136251,0.5715762982422606
2022-03-24,0.12438198355124634,0.6622227049331108,0.3327372255244082
2022-03-25,0.12480834446138676,0.6738174059832641,0.6286056331745152
2022-03-28,0.12533902345526401,0.7019169761247204,0.7822738003754611
2022-03-29,0.12571882144201918,0.6996396722085125,0.5597990269748819
2022-03-30,0.1261274819494841,0.691904143533007,0.603349801641185
2022-03-31,0.1265676184095302,0.7208803470125398,0.6498088013710279
2022-04-01,0.12726128975774637,0.7245057814467504,1.024111108216666
2022-04-06,0.1276819595630819,0.7157064429573607,0.6195282055126496
2022-04-07,0.12793681916503266,0.6909183343483138,0.3765142503099336
2022-04-08,0.1279476563527257,0.6692872990038486,0.01597364859406716
2022-04-11,0.12752498366136444,0.6486320339804279,-0.6245703009560781
2022-04-12,0.1276772970045985,0.6466088264379337,0.2248695011555273
2022-04-13,0.12743647157920865,0.6482923012124899,-0.3556163444124901
2022-04-14,0.12749363411915718,0.6535811502936221,0.08433192092826126
2022-04-15,0.127655239415067,0.6661211273534219,0.23810403308800468
2022-04-18,0.12780519796149165,0.6811206774404573,0.22073017838975764
2022-04-19,0.12779630498032377,0.691968042101703,-0.013110429799457101
2022-04-20,0.1280731984757299,0.6825612770428592,0.4082097210751465
2022-04-21,0.1281538893990451,0.6721183110919688,0.11902153902787817
2022-04-22,0.12792745318414198,0.6626557384798245,-0.3341055856847117
2022-04-25,0.12721346482513698,0.656937225508286,-1.0584668832543105
2022-04-26,0.12676209364604007,0.6602864184483418,-0.66806662773162
2022-04-27,0.1264878697159684,0.650103348971152,-0.40546645403054904
2022-04-28,0.12619155069979296,0.655187006865598,-0.4377436080845691
2022-04-29,0.12613892447460737,0.6569178605234787,-0.0777266766882342
2022-05-05,0.126106083726234,0.6509155087017072,-0.048471692569056424
2022-05-06,0.12547623037085187,0.6602248622569503,-0.9314835623469491
2022-05-09,0.12470444649113345,0.6770851135196981,-1.1421539693194536
2022-05-10,0.12391472196576007,0.7014681435936556,-1.1700332408737248
2022-05-11,0.1234784635749749,0.712331433064121,-0.6452398986973862
2022-05-12,0.12288659235167562,0.7402585092008634,-0.8758485125228502
2022-05-13,0.12256396880515244,0.7970432783242907,-0.4765341703625695
2022-05-16,0.12227804097282013,0.8452283493518817,-0.42164151437908337
2022-05-17,0.12192173952221885,0.8725523090448993,-0.5249391164804144
2022-05-18,0.1212240295696441,0.9297544614323104,-1.0294869199125936
2022-05-19,0.1208048626008511,0.9601103442277759,-0.618845322456255
2022-05-20,0.12065075733901161,0.9711600514041114,-0.22742491916821167
2022-05-23,0.12036249180449463,0.9874606614300453,-0.42474974532471044
2022-05-24,0.1196204935750729,1.0102901739604822,-1.0936611785623946
2022-05-25,0.11924881814507535,1.0263533739751658,-0.5478697407220505
2022-05-26,0.11886086717107815,1.037117107023772,-0.5734095133596467
2022-05-27,0.11874495809374841,1.0541443190690412,-0.17083664862107092
2022-05-30,0.11879009339513023,1.0553984719010634,0.06650743434971602
2022-05-31,0.11905582330548567,1.0612676727420247,0.39180236340178337
2022-06-01,0.1193912372086917,1.0662575504065266,0.4948632561787706
2022-06-02,0.1199203494120993,1.0677419123372502,0.779880437640993
2022-06-06,0.12024078809382971,1.0719564320395998,0.4725526873776679
2022-06-07,0.12038501199332366,1.0664716592230397,0.21256690516293192
2022-06-08,0.12076585327296614,1.0679614934393016,0.5612896370925943
2022-06-09,0.12106146862870105,1.0705029784787925,0.4356207488819634
2022-06-10,0.12132782437464391,1.0956163251821114,0.3926979345941803
2022-06-13,0.1212786911128029,1.1220168070642775,-0.07269682961388538
2022-06-14,0.12099714860615522,1.1773123727614536,-0.41645037361864007
2022-06-15,0.12052893134986425,1.198168656742567,-0.6925931470642764
2022-06-16,0.11998735290336447,1.241990305446878,-0.8014399690696669
2022-06-17,0.11899590363771807,1.289941149276318,-1.4679617935211675
2022-06-20,0.11740383907115029,1.3527396224577581,-2.360923503138427
2022-06-21,0.1163329736551474,1.3827726289859341,-1.5852957618347885
2022-06-22,0.11507639794541466,1.4019546705199117,-1.8618146745370219
2022-06-23,0.11442435117141862,1.3897230268592444,-0.9645401852002848
2022-06-24,0.11370314286559502,1.379718885866426,-1.0669412012389579
2022-06-27,0.11335082599687943,1.3922270112288868,-0.5191904402775094
2022-06-28,0.11331914137025316,1.3911950689145827,-0.046708850191931946
2022-06-29,0.11333265251071575,1.3948144197388552,0.019919571765395664
2022-06-30,0.11342053794817185,1.3757338453235635,0.12975008572541488
2022-07-01,0.11307201036595106,1.3718912434099084,-0.5144497605123427
2022-07-04,0.11245103715843921,1.3533510302805112,-0.9186331715967129
2022-07-05,0.11218146962102211,1.334911221695807,-0.39851607273275685
2022-07-06,0.11192777833879904,1.3256712263099943,-0.3742512879326232
2022-07-07,0.11160302924133086,1.3236358699718125,-0.4797185026177432
2022-07-08,0.11126167386318953,1.3290162798852632,-0.5037443519286633
2022-07-11,0.1103960045970978,1.339682210232077,-1.278284096458754
2022-07-12,0.10914082340414244,1.3604517591711642,-1.858243723411474
2022-07-13,0.10808455035651589,1.353626761987915,-1.5656882582605953
2022-07-14,0.1068374486008157,1.3615372758421493,-1.847528517406441
2022-07-15,0.10478189349103557,1.3864284201518804,-3.054736974139693
2022-07-18,0.10380897086032989,1.3858357009790507,-1.4402753458791562
2022-07-19,0.1029758607244145,1.3724371331892524,-1.232999099226524
2022-07-20,0.10247623749713858,1.3682503201387501,-0.7378462961400559
2022-07-21,0.10204592545628614,1.364969385206653,-0.6359094997748882
2022-07-22,0.10175667633450504,1.3591317598576647,-0.42670096810051716
2022-07-25,0.10154047241293629,1.33276408754402,-0.3196891616069331
2022-07-26,0.10147031252749267,1.3176151808349985,-0.10351005588029907
2022-07-27,0.10152647597648311,1.298102702671452,0.08291307178534904
2022-07-28,0.10213015686916842,1.274857544260831,0.8893482524839607
2022-07-29,0.1024129702637104,1.2578554762434964,0.4168476040747673
2022-08-01,0.1029850287438471,1.246305448767675,0.8423938256879089
2022-08-02,0.10347632196839529,1.2337466503028753,0.7242078933122753
2022-08-03,0.10375262884184858,1.2249790460054364,0.40733335003761406
2022-08-04,0.10362364486647672,1.2094106428763214,-0.1906931378944554
2022-08-05,0.10377913224044027,1.1860785172402422,0.22994390498496714
2022-08-08,0.10433827989897472,1.1560575420863441,0.8260566644662626
2022-08-09,0.10459684288018234,1.140886275609661,0.3812735182593707
2022-08-10,0.10468386032638612,1.1334740408599318,0.12828881757918267
2022-08-11,0.10489739642939895,1.1302781088417293,0.3146390199953763
2022-08-12,0.10520342486518715,1.123955675138339,0.45082600404277384
2022-08-15,0.10531007688192971,1.1161081550131797,0.15723779434610735
2022-08-16,0.10550397792953826,1.1140512708618855,0.2858971543974832
2022-08-17,0.10509645892363836,1.123240521250157,-0.6025292829955365
2022-08-18,0.10482869173068389,1.1249536938701623,-0.39601489672467555
2022-08-19,0.10422012644250382,1.1210979796286515,-0.9007420712207557
2022-08-22,0.10404201414680177,1.1143729447557846,-0.2634856942124358
2022-08-23,0.10401018680903289,1.1149673718673527,-0.04695020704372746
2022-08-24,0.10403997962268616,1.1117277702455703,0.04390202843563171
2022-08-25,0.10386932431884412,1.1076396865178337,-0.2511380786360017
2022-08-26,0.10387237019038173,1.0987229936585017,0.004483542916802697
2022-08-29,0.10342586344724546,1.09122527599551,-0.6601873035453415
2022-08-30,0.10255108062800597,1.1007532355690877,-1.2916073536078474
2022-08-31,0.10186672433170492,1.0992453058628975,-1.0116536106239906
2022-09-01,0.10113297686764401,1.101597900661785,-1.0857292987775533
2022-09-02,0.10043451739464643,1.0999466964917226,-1.0336703609815203
2022-09-05,0.10003600513388558,1.0784940797924192,-0.5891774284014268
2022-09-06,0.09969198173735162,1.0638686825578807,-0.5082423300515293
2022-09-07,0.09931969361963056,1.0530758603784969,-0.550190109312582
2022-09-08,0.09918688292922845,1.0344549374362302,-0.19616576123959314
2022-09-09,0.09927232151873788,1.03778179167576,0.12563662222577301
2022-09-13,0.09934325394059612,1.052482003914787,0.1043099340899542
2022-09-14,0.09917871887331224,1.0627973488971625,-0.24239191571434313
2022-09-15,0.09894431819569621,1.0755589433230872,-0.3456251880535651
2022-09-16,0.09856496962630387,1.075648548043079,-0.5592434250398677
2022-09-19,0.09826201361164846,1.0736381140552824,-0.44653247786632483
2022-09-20,0.09782839987863555,1.0782584444985979,-0.6389029540405576
2022-09-21,0.09747275331533821,1.055505865114198,-0.5239586636162811
2022-09-22,0.09757604426675728,1.0148297220068634,0.15207726459241508
2022-09-23,0.09767099135614961,0.9512814729351202,0.13995101149207456
2022-09-26,0.09774678831291728,0.9132822311479675,0.11178783884096292
2022-09-27,0.09808036765139912,0.8802117738425728,0.4920222975925155
2022-09-28,0.09830293954209703,0.8249173288206617,0.3285189829113737
2022-09-29,0.09852799137308871,0.7561176456413194,0.331889038973199
2022-09-30,0.09853220161466962,0.6647375339958631,0.0062084723737132665
2022-10-10,0.09880115856284734,0.5496196783349463,0.3960417103647133
2022-10-11,0.09864992201818254,0.5014326827238851,-0.22340002934760483
2022-10-12,0.09844313344426354,0.49885118480421353,-0.3057152508371306
2022-10-13,0.0981048525485586,0.4899252507585873,-0.500050998661435
2022-10-14,0.09798467767205422,0.4853406147899442,-0.1775037555509427
2022-10-17,0.09752293299654535,0.4087907897473283,-0.6822059543636358
2022-10-18,0.0971601335325396,0.40888694943792875,-0.5361799514724764
2022-10-19,0.09673362727330559,0.43008069618327016,-0.6307779749594534
2022-10-20,0.0961667738724374,0.49832622817887867,-0.8391762567756158
2022-10-21,0.09583599396381368,0.5502283750646159,-0.4892692360895089
2022-10-24,0.09553130433395932,0.5990374453136382,-0.4504041085108739
2022-10-25,0.09505707901363786,0.6670609751777988,-0.700564534462159
2022-10-26,0.09468423970982458,0.7270780075292593,-0.5512298374294685
2022-10-27,0.0942949018212428,0.7920440027462102,-0.5755962083844546
2022-10-28,0.0936247506430526,0.8470381793301163,-0.9895545402129631
2022-10-31,0.09263838896486032,0.9408688489851551,-1.4594050767599427
2022-11-01,0.09222601965130461,0.9612633070210824,-0.6097217840759835
2022-11-02,0.09185577944065602,0.9813306179177305,-0.5463976160024461
2022-11-03,0.09156086610497058,0.9785937439134276,-0.4339558895381699
2022-11-04,0.09155236974856915,0.9735775258209577,-0.012491428448793614
2022-11-07,0.09147638528919516,0.9852292067423467,-0.11183661808635839
2022-11-08,0.09156577218567405,0.9977489139434603,0.13168438580922998
2022-11-09,0.09174514877141966,0.9758597485026006,0.26427520052223785
2022-11-10,0.0916768796414587,0.9664836918573276,-0.1007675529829747
2022-11-11,0.09201969166707909,0.9161554088266831,0.5047489954531157
2022-11-14,0.0923831045304396,0.8583515061579876,0.5356090575665003
2022-11-15,0.09286265214764651,0.807663986026177,0.7067491980951596
2022-11-16,0.09347811239970455,0.7512537845598253,0.9069393166228675
2022-11-17,0.09390750986942868,0.7384648421919499,0.6328979520452326
2022-11-18,0.09422355085755325,0.733543218184999,0.4657027075675256
2022-11-21,0.09430818206279866,0.7587838893683841,0.12501774201851049
2022-11-22,0.09439397059371088,0.8052178899137403,0.1270297944706416
2022-11-23,0.09452457452666561,0.8053601603683792,0.19321507575310076
2022-11-24,0.09458327735936779,0.7828450205421138,0.0864914166531303
2022-11-25,0.0948585253249296,0.748993994097323,0.4055350273386961
2022-11-28,0.09509207504809884,0.7039242699886428,0.34432273408929664
2022-11-29,0.0954551564969841,0.7138636126930521,0.5351549619358217
2022-11-30,0.09569584773980236,0.7123654207086519,0.35481504438589073
2022-12-01,0.09594184714690929,0.7213395404691562,0.3626919482918569
2022-12-02,0.09641205802325437,0.7497546394172799,0.6927618910663662
2022-12-05,0.09679772048332472,0.7884226421554391,0.5687490618167889
2022-12-06,0.09716074927425719,0.8375015958440001,0.535240573526862
2022-12-07,0.09738606799692404,0.8826736620703086,0.33239027074133354
2022-12-08,0.09781028284472155,0.9495069857268743,0.6256277168601685
2022-12-09,0.0985906788841024,1.0480392214759608,1.149265316019392
2022-12-12,0.09921129031159637,1.0721461352752206,0.9147197104979659
2022-12-13,0.09972984668484965,1.0849035858176443,0.7641707913681599
2022-12-14,0.1003517175547811,1.1058970025537131,0.9158617911282053
2022-12-15,0.10127408555909037,1.150286418327204,1.358623992717003
2022-12-16,0.10196055551709834,1.1854727659366022,1.0130319393498943
2022-12-19,0.10211455688697638,1.1897357897575176,0.22810751192786616
2022-12-20,0.10231799741040773,1.186692437254117,0.30127671197492084
2022-12-21,0.10284117528926763,1.2060763039763838,0.7730646401163708
2022-12-22,0.1029636097634446,1.2307219574969837,0.18052364625924852
2022-12-23,0.10326563019246539,1.2535798429065517,0.4458075755358563
2022-12-26,0.10351207040895562,1.2779163835998126,0.36337502670569055
2022-12-27,0.10395701525868961,1.30458530534206,0.6560622860621464
2022-12-28,0.10428089218238273,1.3275248749580773,0.47777924685304435
2022-12-29,0.10450452919813669,1.3393444021085064,0.3291606736881883
2022-12-30,0.10492631256579674,1.3654247919459381,0.6210536152501083
2023-01-03,0.10513730075639133,1.4013322343765329,0.3113150689294171
2023-01-04,0.10517060510074643,1.4174033532705406,0.049154073716962385
2023-01-05,0.10515510227344761,1.4297182318601076,-0.02288899135973826
2023-01-06,0.1055040904844206,1.4515508919975166,0.5151023276942361
2023-01-09,0.10572084852876877,1.464178090663895,0.3195164347162173
2023-01-10,0.10603015045008223,1.477758847886416,0.45603223190443476
2023-01-11,0.10644317124853744,1.4941154092328033,0.6088866032149285
2023-01-12,0.1066929970931956,1.5060339607381756,0.3683573464850902
2023-01-13,0.10704408748796065,1.52881755853003,0.5176572779674237
2023-01-16,0.10704737449788312,1.5551117311240679,0.004853536707772263
2023-01-17,0.10710310484848416,1.5603955554531426,0.08208219448203223
2023-01-18,0.10733641910391453,1.567177839840143,0.3438978307475307
2023-01-19,0.10764826514462249,1.5914099032938753,0.45952469124775086
2023-01-20,0.1078834748387332,1.6401749084602417,0.34735332476568753
2023-01-30,0.10816825514537388,1.6589711284915603,0.42038791817891125
2023-01-31,0.10821179876802875,1.6969365746911296,0.0643914373880282
2023-02-01,0.10803439333311414,1.7874765423248864,-0.2625385703528975
2023-02-02,0.10770574835260777,1.8465108077552788,-0.48579615751281613
2023-02-03,0.107484689209106,1.8196878236354932,-0.3267587177833177
2023-02-06,0.10727746314909255,1.7816328053965302,-0.30623137476493245
2023-02-07,0.10698262602756951,1.7329511418490386,-0.435642916773641
2023-02-08,0.10686479612393526,1.6983519802607316,-0.17390580416252202
2023-02-09,0.10686956649337155,1.668840923602047,0.0070346701634907615
2023-02-10,0.10685673837295288,1.60706471609185,-0.018954439698078866
2023-02-13,0.10652199735289258,1.5539421423202904,-0.49458408687120037
2023-02-14,0.10635172927189725,1.5129155554692937,-0.25125454331843816
2023-02-15,0.10635639696371539,1.4810141255339337,0.0068851174651661995
2023-02-16,0.10666458226981079,1.4640925513232594,0.45436078640276784
2023-02-17,0.10704251938836519,1.4136700008451304,0.5581396546696838
2023-02-20,0.10742965046786938,1.3780678726380324,0.5713095421432667
2023-02-21,0.10800173176201011,1.346712098160628,0.8427281132338585
2023-02-22,0.10842544485942122,1.3443844147733115,0.6245252960519434
2023-02-23,0.10875607245425202,1.3433169067219017,0.48758860923447
2023-02-24,0.10904108356451828,1.2390795184199939,0.4208616671333668
2023-02-27,0.10918946700776945,1.10061928098776,0.2193566716311987
2023-02-28,0.10924594488649764,0.9656252855979277,0.08342930108462944
2023-03-01,0.1094297083337524,0.8804117434327244,0.27105604621121837
2023-03-02,0.10962754260314352,0.7802983621535438,0.291891625487856
2023-03-03,0.1099723426338827,0.6690015713050821,0.5088456322813414
2023-03-06,0.11005034196852066,0.5748490316499224,0.11523833204992785
2023-03-07,0.11026305705851959,0.4478705798614928,0.3142369623592634
2023-03-08,0.1104346460054322,0.3458200167809221,0.2534018514502938
2023-03-09,0.11081431026143919,0.22470462407862135,0.5604223917238533
2023-03-10,0.11114242562231519,0.11389173288767382,0.4845942532919828
2023-03-13,0.1116392924179562,0.04135645662818928,0.7337802591658026
2023-03-14,0.1120976831065754,-0.02438245067095186,0.6767137567940642
2023-03-15,0.11233457736545781,-0.0677548396409042,0.3498464936305311
2023-03-16,0.11204741225040414,-0.05629228386143801,-0.4244280439451096
2023-03-17,0.11196773957425046,-0.0721045122586655,-0.1175632268083189
2023-03-20,0.11162650744506804,-0.06789447585565146,-0.5033600498834228
2023-03-21,0.11117098345735377,-0.12717886503350484,-0.6723435710591369
2023-03-22,0.1107922957278723,-0.20227348774480455,-0.5592589400517786
2023-03-23,0.11018391741820971,-0.18955024692623035,-0.898426310012323
2023-03-24,0.10976648852114891,-0.17266294394692785,-0.6158097022100738
2023-03-27,0.10940354232171945,-0.17161626944222294,-0.5353626546069115
2023-03-28,0.10923762794246861,-0.1630764369119148,-0.24472640760565637
2023-03-29,0.10919255043005985,-0.1486773160992577,-0.06660318009779466
2023-03-30,0.10920773572690541,-0.13939658601757773,0.022436717310482957
2023-03-31,0.10921778630742825,-0.1121655163971369,0.014840416917049909
2023-04-03,0.10875738486956911,-0.05980320170042535,-0.6798806448496049
2023-04-04,0.10821512141933474,0.002703667460803949,-0.8006265676817823
2023-04-06,0.10761582545313077,0.09364679517678987,-0.8858903763781292
2023-04-07,0.1073029287245742,0.1490932288253492,-0.4622015702534037
2023-04-10,0.1067398760182361,0.22192303165946659,-0.8320920798207951
2023-04-11,0.10636282487546232,0.2852405125567406,-0.5569468669306198
2023-04-12,0.10588320471020977,0.346150100733509,-0.7079887488212812
2023-04-13,0.10538193636345944,0.4016745673996722,-0.7397852380068348
2023-04-14,0.10501799386841994,0.46159444346526435,-0.5375783491580232
2023-04-17,0.10483476945593767,0.5014973880496574,-0.2708183970559811
2023-04-18,0.10474345632343325,0.5407322309577282,-0.13467849117925426
2023-04-19,0.10455229678745016,0.6154333875632133,-0.28182367566377264
2023-04-20,0.10432901142003592,0.6823112388961009,-0.3293938335829407
2023-04-21,0.1037535942036231,0.7869128635083512,-0.8513067031704837
2023-04-24,0.10284484870677854,0.8986884439259218,-1.344072688438088
2023-04-25,0.10194137682580548,1.008365287890183,-1.3360287533627648
2023-04-26,0.1012871360716391,1.076196240595701,-0.9669210279801127
2023-04-27,0.10055433232430681,1.1413740035151938,-1.0795034651202242
2023-04-28,0.09976652169545056,1.219235293001381,-1.1606365684668027
2023-05-04,0.09890955193424783,1.2990593687625018,-1.2638210352947663
2023-05-05,0.0982237660427806,1.3739897786140247,-1.012138137765513
2023-05-08,0.09813046674340863,1.4192128546223184,-0.13770421895994006
2023-05-09,0.09788138364484891,1.4771744861564948,-0.36787103549633016
2023-05-10,0.09766261722664955,1.5417353512517504,-0.3232160833024357
2023-05-11,0.09707135602207163,1.5936163626147315,-0.8735293379851552
2023-05-12,0.0964808598358983,1.649386231153613,-0.8722295148160436
2023-05-15,0.09637769938175954,1.6961523135891061,-0.15229043840986997
2023-05-16,0.0961815806533916,1.7351503386994673,-0.28982316934854685
2023-05-17,0.0963445693114524,1.7669824422002431,0.24062369759256375
2023-05-18,0.09635202559721714,1.7833624685991882,0.011000044939444219
2023-05-19,0.09617941173615939,1.8023102933539459,-0.2548936046358997
2023-05-22,0.09568630099676083,1.8556311511352532,-0.7286490724186429
2023-05-23,0.09536173995181998,1.898563423278371,-0.4796536865565409
2023-05-24,0.0945138306807572,1.971857702238821,-1.2529718559426637
2023-05-25,0.09363610335059012,2.024973422572052,-1.2965226145986457
2023-05-26,0.09318906593046404,2.0254592180484075,-0.6605204598002682
2023-05-29,0.0928856703858892,2.0403808815010396,-0.447895115465555
2023-05-30,0.09239417545610229,2.0756113020979714,-0.7260384834685812
2023-05-31,0.09200639811307479,2.075995675143713,-0.5733336898848266
2023-06-01,0.09205941561131463,2.051078565269067,0.078320089113479
2023-06-02,0.09232646510089854,2.0195029053332005,0.3941878341246741
2023-06-05,0.09273253993186341,1.9679901781597644,0.5994673227902586
2023-06-06,0.09308925323932869,1.923664697094896,0.5264860760368745
2023-06-07,0.09332373925030941,1.842800677318996,0.34656372331963103
2023-06-08,0.09367023196564397,1.748945574175072,0.5119907211599608
2023-06-09,0.09421889446949704,1.655416627295881,0.809876233075887
2023-06-12,0.09443973799277985,1.557663753282826,0.3262482479233751
2023-06-13,0.09502266012438855,1.4594655059713106,0.8604941668019723
2023-06-14,0.09552113931864635,1.3792984278460316,0.7358826474360444
2023-06-15,0.09602749729346582,1.3039055229852756,0.7470929327819776
2023-06-16,0.0966152379596399,1.2544825092944214,0.8662366369569233
2023-06-19,0.09691993069425292,1.2153299481684805,0.44921532097889416
2023-06-20,0.09714589942660734,1.1574225198058194,0.33362617841503767
2023-06-21,0.0970705229071669,1.132520379817535,-0.11116159815886685
2023-06-26,0.09693671346592264,1.099662280481071,-0.19755848943943702
2023-06-27,0.09707934274613392,1.065888962563353,0.21039241994918595
2023-06-28,0.09721385791991503,1.018339786962902,0.19847713929076696
2023-06-29,0.0972925478509509,0.9575271357684029,0.11609791594300918
2023-06-30,0.09736638228518969,0.8789857936729386,0.1090454182900572
2023-07-03,0.09762133610915612,0.7866867038763533,0.3764410707249736
2023-07-04,0.09785115085036597,0.7179164301343378,0.3392521388054071
2023-07-05,0.09798500612128748,0.6467031051435483,0.19774919891237383
2023-07-06,0.0981318011716894,0.5821616323162067,0.2168098329641433
2023-07-07,0.09785819909343867,0.5265833058084809,-0.40370716739176365
2023-07-10,0.09755612825182378,0.48832540766993143,-0.44587940740095494
2023-07-11,0.09738608948754567,0.442297216753578,-0.2506070913906437
2023-07-12,0.09740193170090786,0.3949668077725109,0.023350495590848588
2023-07-13,0.09746517349299313,0.34588096162602916,0.09324434763764505
2023-07-14,0.09771377570816782,0.29475441286647763,0.36633806883404946
2023-07-17,0.09758491530950866,0.23918485590444893,-0.19038325449772098
2023-07-18,0.09773436705290865,0.14423652798633216,0.22048579157076217
2023-07-19,0.09780865977014704,0.03739809724932589,0.10948523196845614
2023-07-20,0.09807204851394674,-0.07840339027642111,0.3881910601415703
2023-07-21,0.0984533812437322,-0.11634475360042727,0.5621873331038979
2023-07-24,0.09866805443356477,-0.1322371662381085,0.31667445870947625
2023-07-25,0.09912766434178952,-0.12993503021089448,0.6777250998898625
2023-07-26,0.09948976638312378,-0.11642895581806782,0.5335748879075433
2023-07-27,0.0998666852543559,-0.11346179811577883,0.5557806370684863
2023-07-28,0.10017137030317394,-0.09452187271047911,0.44948144046419186
2023-07-31,0.1004210143176878,-0.0346366076335687,0.36826570188408647
2023-08-01,0.10070433405583351,0.04238856006631437,0.41789127337290705
2023-08-02,0.10065042575101779,0.0724851203632905,-0.07941408968761832
2023-08-03,0.1003123691578897,0.09162113492464369,-0.4988809963820407
2023-08-04,0.10005017029476616,0.12162585295651922,-0.3866432836941656
2023-08-07,0.09980147612626869,0.194446116025065,-0.36677104099824587
2023-08-08,0.09941317864892861,0.2590164052729947,-0.5727945339277264
2023-08-09,0.09910344934218908,0.28402502277108216,-0.4565248768280523
2023-08-10,0.09874770193625344,0.29327146364994144,-0.5247143820216137
2023-08-11,0.09851254643263907,0.2851396131299423,-0.3467085077121438
2023-08-14,0.09813611298494415,0.2952058471116106,-0.5561984538822113
2023-08-15,0.0980241906109609,0.3236135539800022,-0.16525373007957445
2023-08-16,0.09801423927973776,0.3640531075569439,-0.014699767826430689
2023-08-17,0.09807987685741519,0.38986375509043547,0.09698214214141031
2023-08-18,0.09801056612946692,0.41713502064423624,-0.1023405240175068
2023-08-21,0.09779946875451963,0.4425173909219725,-0.3116854400577767
2023-08-22,0.09782617339477392,0.44533322065427805,0.03940865792505803
2023-08-23,0.09787820649502199,0.46328556853633196,0.07674178027681153
2023-08-24,0.097786132908411,0.44782258681432,-0.13588125298043227
2023-08-25,0.09784083283961754,0.3896889035937497,0.08067464354338161
2023-08-28,0.09769626705518764,0.35218530092317873,-0.21343144845197573
2023-08-29,0.09759977847583097,0.33686137467773136,-0.14252065583152826
2023-08-30,0.09762807760140013,0.31987805106154504,0.04174941937016256
2023-08-31,0.09776517015721264,0.302755846411003,0.20191510660519024
2023-09-01,0.09807615257571467,0.28349612227482895,0.45787791646917314
2023-09-04,0.09833945102824833,0.27130138642612217,0.3878645856153772
2023-09-05,0.09847747010013656,0.2679061085935344,0.20342758255497279
2023-09-06,0.09865394452748799,0.24976393835894703,0.2601081066441435
2023-09-07,0.09872654387825869,0.24788601789626089,0.10689573625267346
2023-09-08,0.0984560145807612,0.21470311718717852,-0.3987784243201721
2023-09-11,0.09839562657397764,0.20130620907082292,-0.08895168040388797
2023-09-12,0.09846117879621208,0.20269422965818412,0.096530953842597
2023-09-13,0.09850085543813361,0.20257290495335212,0.058584888121840144
2023-09-14,0.09860641523436375,0.20800961025826584,0.15579088571414237
2023-09-15,0.0988092773551915,0.21037921216475272,0.2990833296672585
2023-09-18,0.09904486361054447,0.20990087706800145,0.3473789663291431
2023-09-19,0.09917048725312744,0.2149265303475455,0.1852869853195143
2023-09-20,0.09932453889734665,0.22249681253880552,0.22734255267521647
2023-09-21,0.09916090205020388,0.21537110710799584,-0.24192333294638968
2023-09-22,0.09908371091650721,0.20905144506560233,-0.11395452739993794
2023-09-25,0.0987630824995993,0.20679842939809948,-0.4736662758204738
2023-09-26,0.09831141080805576,0.19431101556637514,-0.6665506863448274
2023-09-27,0.09796692090050284,0.18647017324587345,-0.5085710954522802
2023-09-28,0.0977398686599293,0.190935689410708,-0.33543883956480947
2023-10-09,0.09734715626804735,0.17169200628521922,-0.5809257843626133
2023-10-10,0.09688900418481212,0.15306247560139524,-0.6778454419854755
2023-10-11,0.09655108615685354,0.15572100821804183,-0.4999803702741267
2023-10-12,0.0963058156197547,0.17114096939089962,-0.3627057867104641
2023-10-13,0.09609333752858762,0.19912788405495516,-0.31430652931577047
2023-10-16,0.09609792797449915,0.22338435792110584,0.006783885313781207
2023-10-17,0.0960723564149476,0.23057901047464888,-0.037785728902119765
2023-10-18,0.09591611567372747,0.2701697874319432,-0.230834065157178
2023-10-19,0.09591203538878895,0.29188741255006395,-0.006027470469952075
2023-10-20,0.0957549105911833,0.3333785002905384,-0.23216782239403252
2023-10-23,0.09546091992371848,0.38966104906660154,-0.43427590622460843
2023-10-24,0.09546531602961672,0.42059405798468513,0.006491293059031965
2023-10-25,0.09565710343952823,0.44431043929293146,0.28287086515723847
2023-10-26,0.09585769276461567,0.45197664180120123,0.29586219927905677
2023-10-27,0.09618757029359082,0.462209395735615,0.4861248314346816
2023-10-30,0.09655151364776551,0.47349058302065716,0.5365064115918345
2023-10-31,0.0968488252306178,0.47455171983068906,0.4388661838079773
2023-11-01,0.09716784504691743,0.47254924700513407,0.47076496722679706
2023-11-02,0.09746231107363867,0.4510475748064735,0.43462450885898524
2023-11-03,0.09791536664937191,0.43988429040996496,0.6679634960983317
2023-11-06,0.09834276107367868,0.4225094504492265,0.6304623188217048
2023-11-07,0.09863780798566406,0.4117825929172224,0.4350973603825811
2023-11-08,0.09910247131415609,0.4031522337700846,0.6850172705792388
2023-11-09,0.09952494057713032,0.3927834030511102,0.6231612405480745
2023-11-10,0.09998151628197534,0.3827970464571478,0.6734959072488129
2023-11-13,0.10034193099022408,0.37076138706907813,0.5318853944666094
2023-11-14,0.100574662381482,0.3511043827512563,0.3435416986928325
2023-11-15,0.10103873924159676,0.34260747382849815,0.68436302804552
2023-11-16,0.10164664094013323,0.3347184011192386,0.8965358037905384
2023-11-17,0.1020246652029788,0.29864029753259824,0.5586417034152101
2023-11-20,0.10257235849683657,0.2304091415380088,0.8099269118570953
2023-11-21,0.1030245842070317,0.15361056134155243,0.6687965203092991
2023-11-22,0.10352284240806787,0.07277664138638351,0.7368490800197104
2023-11-23,0.10371219973153545,0.02019062848643538,0.27981329784452164
2023-11-24,0.10405388092831808,-0.04094769336861485,0.5048238368102412
2023-11-27,0.10431976166958237,-0.09545965604911108,0.3928787637173716
2023-11-28,0.104288728245009,-0.13237730573349266,-0.04585221694806781
2023-11-29,0.10425263302249796,-0.1678160746698188,-0.05333876342206126
2023-11-30,0.10429227217769768,-0.1984778472147434,0.05857596646614499
2023-12-01,0.10443672747896142,-0.23092321710625693,0.21354365476688844
2023-12-04,0.10430335905694897,-0.24997894885459412,-0.19693568418288626
2023-12-05,0.10419108420375006,-0.2660577506653516,-0.16594751137096292
2023-12-06,0.10430887961096462,-0.28973874967419794,0.17408790303726993
2023-12-07,0.10464907086394626,-0.3266468651071386,0.5024969695444816
2023-12-08,0.10500046577252904,-0.36352748068114443,0.5178376537993828
2023-12-11,0.10524233552667969,-0.3808694031771139,0.35653344629386424
2023-12-12,0.10560406467496837,-0.4133703888298836,0.5331528438876797
2023-12-13,0.10547601190722998,-0.4475198461963188,-0.18903356652382877
2023-12-14,0.10529505866455934,-0.4630119453005715,-0.26703852401736533
2023-12-15,0.10506884829943436,-0.4848935337983246,-0.33346712349215263
2023-12-18,0.10497514569464261,-0.5311136429587203,-0.13818535775239732
2023-12-19,0.10489575246901749,-0.5913656855832184,-0.11717306291339764
2023-12-20,0.10487956394308666,-0.6584909677093764,-0.02388271843991866
2023-12-21,0.10502743911091775,-0.7386151461253613,0.21798298845042036
2023-12-22,0.10521478638860435,-0.7675738157390694,0.2760938403888996
2023-12-25,0.10537080082398541,-0.8265570054788984,0.230065679387178
2023-12-26,0.10561822023131925,-0.861331671332584,0.3653515334835252
2023-12-27,0.10580780067041766,-0.8914993197236374,0.2795960844387086
2023-12-28,0.10588234678302888,-0.9257777226697761,0.11006943519758712
2023-12-29,0.10599094155650166,-0.9496227962002528,0.1605442582665021
2024-01-02,0.10625802402548525,-0.9392073206680827,0.39468455649772
2024-01-03,0.10650115317019254,-0.9146786727030485,0.35875614988229954
2024-01-04,0.10667400734158519,-0.8925497111126505,0.2551786044859314
2024-01-05,0.10654267541692503,-0.8554469378410307,-0.19389182844329939
2024-01-08,0.1063339235889583,-0.8114048319339214,-0.30844235090604494
2024-01-09,0.10612659563482453,-0.7672247507740712,-0.3062471103682747
2024-01-10,0.10572280837523884,-0.7071461613277787,-0.5963955248481025
2024-01-11,0.10553616761135617,-0.6619012112194588,-0.27552471992983724
2024-01-12,0.10528001784286285,-0.6179698012320308,-0.3780868158784998
2024-01-15,0.10503350197202468,-0.5808016081641733,-0.36380201734115625
2024-01-16,0.10482979617207519,-0.5424857933528219,-0.30060921587700173
2024-01-17,0.1044872073036587,-0.49768847102506475,-0.5055495265086231
2024-01-18,0.10442150058873396,-0.45677085725349703,-0.09690803127995506
2024-01-19,0.10437082531340634,-0.41564903742784076,-0.07472970512676816
2024-01-22,0.10427309690702824,-0.36401897577519604,-0.14423182032078088
2024-01-23,0.10432812243519843,-0.31577909655876335,0.08125541294843466
2024-01-24,0.10446920384377875,-0.2788424134492554,0.20823253204690684
2024-01-25,0.10464452134394944,-0.24279851847726722,0.25871531631392153
2024-01-26,0.10480214912678928,-0.2069230935342084,0.23235855427152127
2024-01-29,0.10491250582061999,-0.17092890235883493,0.16264747098612325
2024-01-30,0.10479228730328459,-0.13178686416076632,-0.1773577822849955
2024-01-31,0.10452887072047504,-0.06277423151167819,-0.3890973454621442
2024-02-01,0.10431947701722036,0.004161471565726727,-0.30951229152241966
2024-02-02,0.10396572265104326,0.09249553323465606,-0.5228502687347358
2024-02-05,0.10369560684150791,0.17953559236734815,-0.39916152669798
2024-02-06,0.10347629066292993,0.2771143154456567,-0.32397336246050806
2024-02-07,0.1033061776803896,0.39391483907815367,-0.2512312203990577
2024-02-08,0.1032043954665122,0.5110202339069423,-0.15012377645013797
2024-02-19,0.10292733164498553,0.6511442798477802,-0.40884775194109835
2024-02-20,0.10244870912929162,0.8079183631569417,-0.7061511782368315
2024-02-21,0.10219378065879654,0.8783685861700082,-0.3760787726367097
2024-02-22,0.10198931360269864,0.9244181935737684,-0.30150172171266726
2024-02-23,0.10178970091492158,0.9442894564353612,-0.2944065201535783
2024-02-26,0.10144132505824384,1.0135366937435646,-0.5139600402184087
2024-02-27,0.10145716742686088,1.0342005405193837,0.023371288691114437
2024-02-28,0.10140681669446364,1.0468983605931703,-0.07427247450020893
2024-02-29,0.10127109929244835,1.0787311410247322,-0.2002044688273404
2024-03-01,0.10105188810605756,1.1029957494712959,-0.32342037467865026
2024-03-04,0.10087898117685852,1.1399730559481376,-0.25533226250456575
2024-03-05,0.10056601051085408,1.198698850395267,-0.46216959511041283
2024-03-06,0.1002592002101979,1.256505752624224,-0.45305910453654424
2024-03-07,0.09998649564923356,1.3144774394327816,-0.40261651378617763
2024-03-08,0.0996891151028928,1.402300450428361,-0.43905322459304447
2024-03-11,0.09907959110051895,1.5442560352687773,-0.900624737942725
2024-03-12,0.09867687948641402,1.5935179350417046,-0.5946799229657508
2024-03-13,0.0981133383108159,1.6685424735186725,-0.8321190573392611
2024-03-14,0.09730633554260712,1.770892190267288,-1.1920716174903008
2024-03-15,0.09655600948977658,1.8632606353652428,-1.109095584200416
2024-03-18,0.0959946913743191,1.9438200283298086,-0.82880069458526
2024-03-19,0.09577213171832255,2.02942205282122,-0.3284967830919715
2024-03-20,0.0955884841839239,2.0865052368448995,-0.2711360245322424
2024-03-21,0.09564063154563725,2.1061140311104625,0.07695212792127928
2024-03-22,0.09565393780594052,2.1421000984702983,0.019632940946607152
2024-03-25,0.09554759914996498,2.224091604736823,-0.1568879961861151
2024-03-26,0.09505875668546962,2.3526520805784847,-0.7222260581276256
2024-03-27,0.09454228344285488,2.472371743334326,-0.762919173049704
2024-03-28,0.09414380719713483,2.5038498872188204,-0.5882785230167142
2024-03-29,0.09351047145803973,2.6431735058368866,-0.935186172987501
2024-04-01,0.09318409468151724,2.684072450690461,-0.4818548315722406
2024-04-02,0.09296011625586499,2.677528420105866,-0.3305143681690608
2024-04-03,0.09256723035796585,2.6894600041037595,-0.5795557669955391
2024-04-08,0.09264338210394271,2.6990706568449108,0.11221751431519712
2024-04-09,0.09286410508779941,2.6719981743313923,0.3251065068065256
2024-04-10,0.0930111382603726,2.675598906391331,0.21679257659368106
2024-04-11,0.09327354610984884,2.6556943750338666,0.38682171574817287
2024-04-12,0.09357571772582411,2.611911154276351,0.4452871970259468
2024-04-15,0.09377023591362223,2.5586393547112247,0.286672154454769
2024-04-16,0.09390028555992991,2.497206669457751,0.19173134602466152
2024-04-17,0.09433392104022506,2.4117522786972256,0.6390133255349839
2024-04-18,0.0946795924067361,2.1929079482966967,0.5088222683787721
2024-04-19,0.09494257462565862,1.9786005157160855,0.3872872921387915
2024-04-22,0.09510118392565267,1.5058613328610282,0.23304454610897826
2024-04-23,0.09511493203278405,1.1934150402685892,0.020230755615273325
2024-04-24,0.09521823294321932,0.7051893481043379,0.1513272645682291
2024-04-25,0.09521605623917073,0.4218754730673601,-0.003187328199832565
2024-04-26,0.09524487803738647,0.2736550827147001,0.042187593396197334
2024-04-29,0.09514988586059149,0.16632527644948164,-0.13868719786070413
2024-04-30,0.09497832333024592,0.11002948858045274,-0.25096747527373237
2024-05-06,0.09519590590167991,0.09889394339922059,0.31894503483685316
2024-05-07,0.09530239031025677,0.08827678468970483,0.1560987409334507
2024-05-08,0.09513875868006715,0.07304820658962777,-0.23981246483606772
2024-05-09,0.09496704328534834,0.06445042809340466,-0.2518423845151867
2024-05-10,0.09471337601521003,0.0568060521202522,-0.3710295730297713
2024-05-13,0.09455207006730577,0.05429812279973782,-0.23570715341946347
2024-05-14,0.09427303325703293,0.05028530374253565,-0.4113431549696574
2024-05-15,0.09404924702439055,0.04864992973608738,-0.33117875300689614
2024-05-16,0.09422133864739406,0.05455513602083177,0.254263038503431
2024-05-17,0.09441913322633727,0.06075759714764969,0.29203153986346025
2024-05-20,0.09455994550247167,0.06686146058642585,0.20648607836768945
2024-05-21,0.09476103728214609,0.0724538560359495,0.29594072380153924
2024-05-22,0.09515869417411162,0.0820343206135008,0.5850290559688786
2024-05-23,0.09538789656610276,0.08890781825672685,0.33754039345894393
2024-05-24,0.09560297411548056,0.09581887676059599,0.31624328404715746
2024-05-27,0.09560971034892442,0.09923201890583905,0.00987532082533602
2024-05-28,0.0955307138981327,0.10262942511984562,-0.11597157406472682
2024-05-29,0.09547980797239358,0.10598485627113123,-0.07473564365500207
2024-05-30,0.09536337739130649,0.10810141816834982,-0.17113836790875597
2024-05-31,0.09516798054351298,0.10915902624504134,-0.28818366017955244
2024-06-03,0.09494916806513168,0.11120582371348353,-0.32529317983487377
2024-06-04,0.09468339269709726,0.11228621417275432,-0.39433625486243623
2024-06-05,0.09444205134034658,0.11383494181494043,-0.3586497988316087
2024-06-06,0.0943786346174707,0.11637223410909682,-0.09401677009859921
2024-06-07,0.09425442305499537,0.11830107952513197,-0.18358629934981607
2024-06-11,0.09389411029795824,0.11721390068408195,-0.5326869698937853
2024-06-12,0.09363851323362726,0.11735353480067139,-0.3776577469280345
2024-06-13,0.09359104940067188,0.1178467091250175,-0.07057294739021748
2024-06-14,0.09367586048190203,0.11659809942109085,0.12623497156675795
2024-06-17,0.09364343953232389,0.11461424080820887,-0.048148331939622944
2024-06-18,0.09356181344656625,0.11268348541560333,-0.12042160574183866
2024-06-19,0.09348932792849142,0.11279764893289203,-0.10699082826740194
2024-06-20,0.09334549395476355,0.11284060551800797,-0.212221291081221
2024-06-21,0.09308230849193617,0.11460295608694798,-0.388574047875416
2024-06-24,0.09274097063677211,0.11672552457827703,-0.5050306232309757
2024-06-25,0.09243741138181981,0.11787771735699851,-0.4484036341397488
2024-06-26,0.09235152072762712,0.11576550288208581,-0.12704642893786922
2024-06-27,0.09219621545547511,0.11295155635889093,-0.2302443394098748
2024-06-28,0.09206478144834827,0.10998197921238623,-0.19416332286719928
2024-07-01,0.09206300942684224,0.10300260349044825,-0.002619775565852721
2024-07-02,0.09206401025192582,0.09818005748140014,0.0014789908707741341
2024-07-03,0.09231517527211262,0.09322665259702541,0.37071137147296224
2024-07-04,0.0925135429586247,0.08435917971513969,0.2926416345246328
2024-07-05,0.09241012647418838,0.08183367184700187,-0.15264394428106612
2024-07-08,0.09211428902273167,0.08299318921601154,-0.43733802653921544
2024-07-09,0.0919393649070177,0.08408041220717774,-0.25886297091600013
2024-07-10,0.09165779003653934,0.09072291582536211,-0.4177033111872281
2024-07-11,0.09157105183173112,0.09827966692019165,-0.12835235557343627
2024-07-12,0.09155193192957012,0.10560625787550625,-0.028305899285135643
2024-07-15,0.09164640847909812,0.11221996570945547,0.1398174635019397
2024-07-16,0.09168548526959878,0.12827539509070832,0.05776921392807989
2024-07-17,0.09150137274270681,0.14847638452209252,-0.27261037006163474
2024-07-18,0.09135278026781168,0.16992409670524045,-0.21968937478264852
2024-07-19,0.09114085509589691,0.18978817555948313,-0.312650709509434
2024-07-22,0.09084045092623554,0.2112435958986579,-0.4434568816636815
2024-07-23,0.09035407955211847,0.23319778365107077,-0.7190116841833021
2024-07-24,0.08988007474579444,0.2507939904972342,-0.6991188617267269
2024-07-25,0.08919369414675389,0.2701189846831577,-1.0131575331997607
2024-07-26,0.08884082212253011,0.2796828364892076,-0.5215850599283
2024-07-29,0.08853675205041937,0.2872237339739735,-0.45026532695135507
2024-07-30,0.08801061535362546,0.2984838557879321,-0.7804572579015241
2024-07-31,0.08768882811955002,0.30425001812464414,-0.47661278461864615
2024-08-01,0.08758876379159591,0.30573771355865204,-0.14812499300620705
2024-08-02,0.0876198191764279,0.30547139659787986,0.04590599801740322
2024-08-05,0.08760934445324409,0.3079831868481293,-0.015476895936477275
2024-08-06,0.08735116788622997,0.31513239332648146,-0.38211590094013426
2024-08-07,0.08713259403357627,0.31930237449133636,-0.3234575418519109
2024-08-08,0.08673961664188828,0.32404878808271675,-0.5824477266656476
2024-08-09,0.08647509400055114,0.3261161670102843,-0.39083109285710776
2024-08-12,0.08599782122618568,0.3305993769406978,-0.7054986184457644
2024-08-13,0.0853213759378425,0.33966394269509637,-0.9982177429031309
2024-08-14,0.08433098401843755,0.3514882439536053,-1.462364069013062
2024-08-15,0.08358914313197169,0.35878058610076985,-1.096528648389862
2024-08-16,0.08276504258524518,0.36857544512328116,-1.2173343288649996
2024-08-19,0.08244170485232183,0.3732741080248212,-0.47819799085685
2024-08-20,0.08225170322331943,0.3826645354484792,-0.2808928100835534
2024-08-21,0.08242237032487543,0.3912461325776414,0.2518933461340707
2024-08-22,0.0822995815331231,0.40586324452531486,-0.1815137969531021
2024-08-23,0.08209739760989347,0.42636783141071727,-0.29906340131328807
2024-08-26,0.08245164256891521,0.44154784832789257,0.5228382111075777
2024-08-27,0.08270342413583136,0.4457791826184486,0.3714697567255222
2024-08-28,0.08295614900023096,0.45272533806515425,0.37254869741091445
2024-08-29,0.08313089176498029,0.4565012690547659,0.2576191138441249
2024-08-30,0.08317811795936908,0.4599075755432929,0.06964996207848521
2024-09-02,0.08296946651153966,0.470520119659964,-0.308316528045309
2024-09-03,0.08240064995849992,0.4927482858405209,-0.840525787466701
2024-09-04,0.08175064211122852,0.5184963361738635,-0.9611288615650218
2024-09-05,0.08104575135865234,0.5294753964972765,-1.0421999175497567
2024-09-06,0.0802416324693724,0.5377056257249097,-1.188164259908276
2024-09-09,0.0797500600638505,0.5426620669596178,-0.7268065447537954
2024-09-10,0.07934331818262676,0.5540272355252057,-0.6016706759250412
2024-09-11,0.07929480206280687,0.5608265611154767,-0.07166155315548199
2024-09-12,0.07951845577098825,0.5669265549890948,0.3302458839920948
2024-09-13,0.07974764307259023,0.5725001196619977,0.3389248417382269
2024-09-18,0.0797438487645872,0.5781839335628858,-0.005612457465540241
2024-09-19,0.0799946396665844,0.5889230323014286,0.36965480449593935
2024-09-20,0.08003047736747089,0.5933601490854088,0.052896256223204485
2024-09-23,0.07967751058639412,0.5982163316576736,-0.5215680716705208
2024-09-24,0.0800238467377768,0.6014448168452811,0.5106854075555283
2024-09-25,0.08034224384667753,0.6022400585577173,0.4688820035162426
2024-09-26,0.0809265919486779,0.6000849634110826,0.8608333526468726
2024-09-27,0.08171836879569606,0.5943022791616019,1.1646783080685568
2024-09-30,0.08336490816281193,0.5995773463539865,2.4111006936372785
2024-10-08,0.0845615272672746,0.603103147858819,1.764094580239583
2024-10-09,0.08547220725423911,0.6137403314618601,1.3421613698575818
2024-10-10,0.08615618370444239,0.6179512887536787,1.0085641013281403
2024-10-11,0.08685373153977043,0.6171220380925921,1.0285479345651398
2024-10-14,0.0876172065947657,0.6138601526628802,1.1263764464060706
2024-10-15,0.08810766537160802,0.6064423780573271,0.7235585134252371
2024-10-16,0.08844946421915921,0.5876588437623494,0.5049541887522494
2024-10-17,0.08806271306294101,0.5674463102610668,-0.5726566786839502
2024-10-18,0.08790630935208985,0.5494608072260158,-0.23121433541207662
2024-10-21,0.0878858382746235,0.5269443107915833,-0.030265352968647234
2024-10-22,0.08780877263387567,0.5128259894959799,-0.11390301121675414
2024-10-23,0.08759428238974305,0.5061074333253287,-0.3168580171914065
2024-10-24,0.08746856002936325,0.5057727093979358,-0.18566299613116818
2024-10-25,0.08752807158340672,0.5403775716779935,0.08761630535662705
2024-10-28,0.08793006158350028,0.6242532748452422,0.5913015665510674
2024-10-29,0.08812813670937134,0.6889663938143018,0.29185614906306506
2024-10-30,0.08839167455134452,0.7430844088215907,0.3883530790946758
2024-10-31,0.08854444068285418,0.7914914694457968,0.225072316781264
2024-11-01,0.0885310989792711,0.8338158924632892,-0.019680825760051326
2024-11-04,0.08866255411463149,0.8699581425439473,0.19370127112518631
2024-11-05,0.08881524912264446,0.9126129685733861,0.22512508989752958
2024-11-06,0.08878121644050639,0.9608910206837455,-0.050217170296160386
2024-11-07,0.0889226750300626,1.0005926978579536,0.20838036849218883
2024-11-08,0.08874861795921897,1.0239288583569806,-0.25692900587776124
2024-11-11,0.08844798033520344,1.0277571953524978,-0.44460032524696275
2024-11-12,0.0882303646045601,1.053100326681128,-0.3214901094238477
2024-11-13,0.08800586630821217,1.077645582031896,-0.331301207593947
2024-11-14,0.08771673450686274,1.147417087527213,-0.4271818571623469
2024-11-15,0.08710882589551239,1.228514866217002,-0.8989968969602076
2024-11-18,0.0867958805685329,1.268457697015129,-0.4623014181687549
2024-11-19,0.08672797455054736,1.3259827112528817,-0.10022884445109996
2024-11-20,0.08664248574292469,1.3331810287975536,-0.12605441349276597
2024-11-21,0.08662429373439848,1.3348738144718448,-0.026821499244701633
2024-11-22,0.0863579693524442,1.3426425582450345,-0.3927848741648799
2024-11-25,0.08622089832060945,1.331853303258056,-0.2021388286368069
2024-11-26,0.08612933192648761,1.3080951671489365,-0.13499528374457892
2024-11-27,0.08607885068936519,1.290127436787899,-0.07441542825083544
2024-11-28,0.08604459980670806,1.2714149985476744,-0.05049135787766735
2024-11-29,0.0860802722318512,1.2731849382265976,0.05263253449482592
2024-12-02,0.08620331092465637,1.274856239567473,0.18144282029490083
2024-12-03,0.08642813418410161,1.291408634372142,0.33191317177242563
2024-12-04,0.08655825321689396,1.2900681751266643,0.19218860961214346
2024-12-05,0.08639853095442883,1.2807892825384093,-0.23603961801364848
2024-12-06,0.08613706854086452,1.2531109657448816,-0.3860343324046373
2024-12-09,0.08600346785475206,1.2195671718244192,-0.19742568462642693
2024-12-10,0.08621721274232996,1.1776587863822257,0.31536501663439603
2024-12-11,0.08645393760193913,1.1311669961978454,0.3490563548205054
2024-12-12,0.0867242970119118,1.0806594029333132,0.39879338705015593
2024-12-13,0.08666478884251061,1.044334710414615,-0.08791155093290019
2024-12-16,0.08662348223786974,1.0229379016727567,-0.06099366179023592
2024-12-17,0.08659618043171557,1.0219697861013082,-0.040312489117191555
2024-12-18,0.08635131496215197,1.0120842358186337,-0.36182875353760346
2024-12-19,0.0860248831681679,0.9931283902720034,-0.48226240370897294
2024-12-20,0.08571609230630549,0.9582163542772913,-0.4564301679923577
2024-12-23,0.0855114907228595,0.8566077857708027,-0.3023154293762503
2024-12-24,0.08545044932093161,0.8229009943384044,-0.09014380006666638
2024-12-25,0.08534632837559952,0.7892248031274365,-0.15378505597060854
2024-12-26,0.08529903876386477,0.7664657897160266,-0.0698853771671906
2024-12-27,0.08511298391856613,0.7693076200620531,-0.274960474340194
2024-12-30,0.08520027237446713,0.7100549199517023,0.12891187641023316
2024-12-31,0.08524720483673123,0.677645648359206,0.06931087339086622
2025-01-02,0.08526762057928049,0.653251320826015,0.030128020342211927
2025-01-03,0.0851304787189988,0.6442964306564752,-0.20247692857064467
2025-01-06,0.08492934236489626,0.6329495842156138,-0.29702697635906594
2025-01-07,0.08468673769876901,0.6195172423539009,-0.35839989769354746
2025-01-08,0.08433207687784113,0.6239203523306805,-0.5237989725555635
2025-01-09,0.08399420842906052,0.6439945939980963,-0.49864454456510515
2025-01-10,0.08363777500108531,0.6472144915232031,-0.5241227163281243
2025-01-13,0.08357128820726199,0.6441837904869795,-0.09778466433475609
2025-01-14,0.08366510238821087,0.6246704196820873,0.13780522095138864
2025-01-15,0.08373231609296565,0.5286293360214218,0.09851480778594802
2025-01-16,0.08398184954298286,0.4831506681890082,0.3666238107410499
2025-01-17,0.08440497895912358,0.4579989050449469,0.6217446502301134
2025-01-20,0.08467932919370398,0.41638321347378127,0.40345672684717976
2025-01-21,0.08493915159264488,0.3912582577689093,0.3832598667435361
2025-01-22,0.08505358143204719,0.3592441362661975,0.16855528852077103
2025-01-23,0.08522548479270114,0.3382343472235843,0.2534213197585679
2025-01-24,0.08546111225034025,0.31349594060604924,0.3465919038564736
2025-01-27,0.08569990100104737,0.30412463226830305,0.35169872434155647
2025-02-05,0.08561192264061168,0.27674931996984187,-0.1297605883957193
2025-02-06,0.08562119850573777,0.23096852773229995,0.013592259917438393
2025-02-07,0.08560392114434923,0.2030139581747425,-0.025361063515987728
2025-02-10,0.08551614728862698,0.17904910579632985,-0.12926158332643273
2025-02-11,0.08526755475099064,0.17195850105264418,-0.3688472234736996
2025-02-12,0.08519016439556715,0.17313248964671912,-0.11499795861326734
2025-02-13,0.08498596173097932,0.173631833913813,-0.3029104974314819
2025-02-14,0.08482130594312286,0.17462437533410866,-0.24422254895264903
2025-02-17,0.08480929517794926,0.17570851162706208,-0.017778491648335077
2025-02-18,0.084900131841805,0.17250291987770322,0.1341867850576541
2025-02-19,0.08498449206878704,0.17237660093395585,0.12454928329607277
2025-02-20,0.08526067516939256,0.17641016852821823,0.40747819856987777
2025-02-21,0.08551993964016764,0.1786697342551617,0.3828422039431849
2025-02-24,0.08563708829865817,0.18040024027777524,0.17291704020055418
2025-02-25,0.0854372593875487,0.1804729223190515,-0.29547661369798267
2025-02-26,0.08558591085266842,0.18045430509429336,0.21960421636780006
2025-02-27,0.0856910513432495,0.17988976414401184,0.1553772907429458
2025-02-28,0.08577798871527721,0.1790837467477186,0.12845234401499747
2025-03-03,0.08570613049359868,0.17892080731081353,-0.1061259935496466
2025-03-04,0.08558128046824065,0.17924588729621974,-0.184320789975609
2025-03-05,0.08535075187093137,0.1792449745979053,-0.34025735001302765
2025-03-06,0.08525978873407884,0.18028264653314718,-0.1341952593032945
2025-03-07,0.08502562080282158,0.18188281947075244,-0.34535615595219776
2025-03-10,0.08468273571374388,0.18398171763630794,-0.5062589733719393
2025-03-11,0.08433035134479136,0.18475483276066232,-0.5201060341350597
2025-03-12,0.08412151227105305,0.1872967383465489,-0.30838988757270813
2025-03-13,0.0841087353833458,0.1906534757371257,-0.018868902836659422
2025-03-14,0.08416694306226978,0.19223849277194308,0.08593014549565461
2025-03-17,0.08399800193436105,0.19757720435600382,-0.24984751192582655
2025-03-18,0.08372283106899796,0.20594824702172607,-0.4067897877635633
2025-03-19,0.0833641100783512,0.21773077622527148,-0.5305984582128511
2025-03-20,0.08312676835363778,0.2278395541060494,-0.35085938523321175
2025-03-21,0.08283592601985565,0.2387240372092718,-0.4299777283746384
2025-03-24,0.08281971916086335,0.24211390893278376,-0.023929449704172524
2025-03-25,0.08288673315312303,0.243762923969094,0.09895182465704028
2025-03-26,0.08288151074030543,0.24780268010496453,-0.007705739616999304
2025-03-27,0.08288772938608346,0.2535629100993789,0.00917814341733819
2025-03-28,0.08284545912164698,0.2597749901930908,-0.062438008815932915
2025-03-31,0.08268834366844854,0.2709756546349562,-0.2320291329725929
2025-04-01,0.08260592657593001,0.2778046331519258,-0.12154018967871763
2025-04-02,0.08251693674340725,0.29099143256502163,-0.13125220963791653
2025-04-03,0.0823980453089647,0.30520038362638413,-0.17536374212227324
2025-04-07,0.08189869837992947,0.32887714636240345,-0.7381087643234695
2025-04-08,0.08126663344060703,0.35706996031856214,-0.934704053313324
2025-04-09,0.0806529886582831,0.386735055458464,-0.9076875419903538
2025-04-10,0.0803944764627232,0.40566414193129946,-0.38178635445628306
2025-04-11,0.0801330946406044,0.42145930610278215,-0.38598529643554724
2025-04-14,0.07989427357588418,0.4355289058726379,-0.3526446690287335
2025-04-15,0.07971233693414859,0.4435478752871665,-0.26894061971070454
2025-04-16,0.07941218599808447,0.4564037753753722,-0.4439175240465305
2025-04-17,0.07915251042605666,0.46778309962980313,-0.3837471147563084
2025-04-18,0.07884386070476707,0.4854955821006118,-0.45591202609353726
2025-04-21,0.07877458090887202,0.49175522165095004,-0.102267458504823
2025-04-22,0.07854450725881224,0.4971449074569848,-0.3402100143434013
2025-04-23,0.0786591737574454,0.4973574164322746,0.16922130244537642
2025-04-24,0.0786139154336215,0.49635901334833393,-0.06686816705012104
2025-04-25,0.07856690585656176,0.498595378943901,-0.06946010593812822
2025-04-28,0.07868613185157897,0.49404033045291273,0.17608197550091828
2025-04-29,0.07866238276728399,0.4937565783496212,-0.035092847053839395
2025-04-30,0.07863680539388315,0.49108763480059026,-0.03778511912595302
2025-05-06,0.07856239336425382,0.4884966527172653,-0.110263023646058
2025-05-07,0.07860163419075385,0.5135852697695676,0.05804054321640479
2025-05-08,0.07835579275152534,0.5712831037560749,-0.36238691634211523
2025-05-09,0.07798317369022874,0.6433335142544362,-0.5494401543387467
2025-05-12,0.0779628777481274,0.6670792850572307,-0.02987921188150268
2025-05-13,0.0779431141059503,0.6695126804127296,-0.02914115186823031
2025-05-14,0.07817082627126076,0.6720590362990057,0.3355264816724893
2025-05-15,0.07831850908942779,0.6719878270852245,0.21764860508537676
2025-05-16,0.07825554533970802,0.6738884910300857,-0.09285517161588473
2025-05-19,0.07813713191217143,0.677320556233383,-0.17469999801206515
2025-05-20,0.07798914198377925,0.6807342093500013,-0.2185718864862367
2025-05-21,0.07787955428851495,0.6775207279259958,-0.16177997925389187
2025-05-22,0.07773864424611213,0.6697119448175982,-0.20728124712550375
2025-05-23,0.07759477779409588,0.6646267956246702,-0.21280179950081604
2025-05-26,0.07725810346931321,0.670206449214175,-0.49812196282953963
2025-05-27,0.07685057462048706,0.6658023025954425,-0.603068080691048
2025-05-28,0.07641673742963974,0.6628908683980925,-0.6416511792595455
2025-05-29,0.07613536547428057,0.6495765132194774,-0.41645445716666407
2025-05-30,0.07581118647946694,0.6414215624561516,-0.4798717672601453
2025-06-03,0.07533401844589177,0.6413381007040587,-0.7064908995042114
2025-06-04,0.07517300747089777,0.6402327468150771,-0.23781964919306012
2025-06-05,0.07494674823230758,0.6383809331948755,-0.33423147157918653
2025-06-06,0.07483068588531075,0.6453969840122499,-0.17122519160847538
2025-06-09,0.07476699161340405,0.6541405956471308,-0.09394884263883524
2025-06-10,0.074676963679299,0.6682787482338108,-0.1328360008178535
2025-06-11,0.07470143724187547,0.6678704919692817,0.0361483535187842
2025-06-12,0.07460892139304338,0.65839203992621,-0.13675818199097586
2025-06-13,0.07452480729788767,0.6500989154876426,-0.12417055719705081
2025-06-16,0.07454243897277003,0.6470613956310947,0.02597785023576215
2025-06-17,0.07451695348842205,0.6476822929641612,-0.037594000331598106
2025-06-18,0.07451915388818112,0.6494764444640019,0.0032449189553596346
2025-06-19,0.07451491610217403,0.6495391651036144,-0.006247316292827119
2025-06-20,0.0745338501842165,0.6510328827739693,0.027904000374865207
2025-06-23,0.07456607211464947,0.644709747791743,0.04750781452427446
2025-06-24,0.07450921012740253,0.6337727427764898,-0.0839315701144903
2025-06-25,0.07443265947988921,0.6265252853037956,-0.11279682704154295
2025-06-26,0.07435066917009886,0.6154950156278819,-0.12081321877530088
2025-06-27,0.07440400605777205,0.6015394227119557,0.07863257823964707
2025-06-30,0.07446816860120263,0.5915598886438757,0.09466487797712392
2025-07-01,0.0745610379727277,0.579651018349379,0.13706555874654963
2025-07-02,0.07496010885014207,0.5655807555901979,0.5879123763641203
2025-07-03,0.07536803439463169,0.552325646048432,0.6013739102314578
2025-07-04,0.07571388148428125,0.555283981984966,0.5105330686629388
2025-07-07,0.07594876996040967,0.5684617326201925,0.3466952925388349
2025-07-08,0.07616079659294153,0.5816568654930591,0.31291867395114326
2025-07-09,0.0763321547234193,0.5884869521510158,0.2526069643746802
2025-07-10,0.07678672233149768,0.6076011039436648,0.6693027566924582
2025-07-11,0.0772376397950052,0.6291871282704091,0.6649780058586835
2025-07-14,0.07764757680854181,0.6436305909691844,0.6042967667932058
2025-07-15,0.07788086804163158,0.6570283159300288,0.3439870866262989
2025-07-16,0.07804547662708812,0.6712499478022824,0.24289626666831227
2025-07-17,0.07832122861261749,0.6983144974754808,0.4066074624828046
2025-07-18,0.0786290392356457,0.7213393680978236,0.45393889305237206
2025-07-21,0.07927546171259084,0.7635894352693301,0.9515750786501369
2025-07-22,0.08023940897838472,0.8304454260227867,1.417542820942499
2025-07-23,0.08090681866353565,0.8759871849671498,0.9836145843197295
2025-07-24,0.08158418359684871,0.9222881115352162,0.9983699464066477
2025-07-25,0.08235617218796171,0.8796036568572907,1.129916945889386
2025-07-28,0.08255305518144443,0.888391322903047,0.2905348152755328
2025-07-29,0.0831808858948016,0.9036380245986306,0.9237254875064846
2025-07-30,0.0836059960824135,0.9336457657598298,0.6268374595480796
2025-07-31,0.08346460993371307,0.9497157254819624,-0.20911126193738463
2025-08-01,0.08333524988555033,0.9528251620688523,-0.19116641938432535
2025-08-04,0.08324918154198241,0.955260809325701,-0.12710792589714542
2025-08-05,0.0833206754271664,0.9624477336182725,0.10547720772601536
2025-08-06,0.08337806152131133,0.9561416219698853,0.08455264792953025
2025-08-07,0.08342089354337018,0.9536606667011859,0.06316849458809938
2025-08-08,0.08337530102870834,0.9507201338043297,-0.06726694441227819
2025-08-11,0.08350942149641087,0.9502957298363311,0.19771613732889565
2025-08-12,0.0836818048442122,0.9507419996466424,0.2541468209900501
2025-08-13,0.08365184122199873,0.9461876014855101,-0.044214280774096344
2025-08-14,0.08346731167972646,0.9390129959102895,-0.27239425069642914
2025-08-15,0.08331850834944535,0.9499966822886317,-0.21971661112125715
2025-08-18,0.08302129568453993,0.9390822877904885,-0.4387589730046881
2025-08-19,0.08266423785198407,0.9369523386218511,-0.528753650074932
2025-08-20,0.08239453141034453,0.9341484166394989,-0.39954027977725315
