date,kalman_beta,ols_beta,beta_diff
2021-04-19,0.794607920608537,-0.15543430906639727,0.9500422296749342
2021-04-20,0.7800354385924992,-0.14145785252069495,0.9214932911131942
2021-04-21,0.7779004210416942,-0.11960581814015543,0.8975062391818497
2021-04-22,0.7784089427720404,-0.09067196086119922,0.8690809036332396
2021-04-23,0.8100891562536487,-0.05158576346928673,0.8616749197229354
2021-04-26,0.7718664123125245,-0.03674224646045563,0.8086086587729802
2021-04-27,0.7493220430037691,-0.027105309634585323,0.7764273526383545
2021-04-28,0.7610151025477231,-0.027325035675870888,0.788340138223594
2021-04-29,0.7761421791326578,-0.009346350818509272,0.7854885299511671
2021-04-30,0.7421124224585428,-0.025800420964349945,0.7679128434228928
2021-05-06,0.7446654552953852,-0.03171496824937019,0.7763804235447553
2021-05-07,0.7553255578780952,-0.025650168846806626,0.7809757267249018
2021-05-10,0.7417950300149978,0.003945851436125081,0.7378491785788728
2021-05-11,0.7117333464265674,0.008079638402614112,0.7036537080239532
2021-05-12,0.7306051863862473,0.0784807717208909,0.6521244146653564
2021-05-13,0.689298755420904,0.03032553723249402,0.65897321818841
2021-05-14,0.7055224573679928,-0.02703195800259614,0.732554415370589
2021-05-17,0.7221784379667795,-0.05996325379329537,0.7821416917600749
2021-05-18,0.766525335421701,-0.03495477338448597,0.8014801088061869
2021-05-19,0.8089853944399994,0.00042344288486263315,0.8085619515551368
2021-05-20,0.8552989395821414,0.020169190051201675,0.8351297495309398
2021-05-21,0.8596167004897518,0.046627423203995724,0.8129892772857561
2021-05-24,0.8684409109502033,0.07446899111106288,0.7939719198391404
2021-05-25,0.8483589804581475,0.11039005038851457,0.7379689300696329
2021-05-26,0.8858669269152372,0.13205703131040497,0.7538098956048322
2021-05-27,0.8367423952383868,0.17486470716286512,0.6618776880755217
2021-05-28,0.8769840915673764,0.2228065404416173,0.6541775511257591
2021-05-31,0.9221424019156592,0.24237984150376174,0.6797625604118975
2021-06-01,0.9042286654560739,0.2566217034183499,0.647606962037724
2021-06-02,0.925657455767612,0.24950814029099264,0.6761493154766194
2021-06-03,0.9007861020473676,0.3032937743652495,0.5974923276821181
2021-06-04,0.9139874272414039,0.3394948226944572,0.5744926045469467
2021-06-07,0.9469419063874885,0.34002123730974504,0.6069206690777436
2021-06-08,0.9156519022681148,0.35472332213314894,0.5609285801349658
2021-06-09,0.909667871921005,0.34928141796654244,0.5603864539544625
2021-06-10,0.8593921477594455,0.3471322953924994,0.5122598523669462
2021-06-11,0.8329714120021519,0.3443980226578579,0.48857338934429395
2021-06-15,0.8304368750637421,0.3298408146093247,0.5005960604544174
2021-06-16,0.8341636343015529,0.31391020231767003,0.520253431983883
2021-06-17,0.81927245522678,0.30467290471245523,0.5145995505143248
2021-06-18,0.8090966388979054,0.28548048059467124,0.5236161583032342
2021-06-21,0.8552330494807512,0.269907684159776,0.5853253653209751
2021-06-22,0.8703882747935842,0.24050443732519045,0.6298838374683937
2021-06-23,0.8814939237626258,0.20649888821733553,0.6749950355452903
2021-06-24,0.8962036717484189,0.17031519953555618,0.7258884722128627
2021-06-25,0.8860353242657507,0.1431134514132559,0.7429218728524948
2021-06-28,0.8994515373017051,0.11398304781318322,0.7854684894885219
2021-06-29,0.8886773565918183,0.08426682193656969,0.8044105346552487
2021-06-30,0.8713117635900754,0.05308946930808624,0.8182222942819892
2021-07-01,0.8059517006910871,0.03139727286579009,0.774554427825297
2021-07-02,0.8090678481844843,0.026938617340007995,0.7821292308444763
2021-07-05,0.8066026875373369,0.023050250449306763,0.7835524370880301
2021-07-06,0.8096958020404132,0.015315516612652826,0.7943802854277604
2021-07-07,0.7991386979565819,0.007916521261464672,0.7912221766951172
2021-07-08,0.7723161184679024,-0.022437612858971025,0.7947537313268734
2021-07-09,0.7717688640917372,-0.0807027548298887,0.8524716189216259
2021-07-12,0.7746878880849097,-0.1222777789370052,0.8969656670219149
2021-07-13,0.7554132600564751,-0.1673794738146411,0.9227927338711163
2021-07-14,0.8102669446320135,-0.16163862057312134,0.9719055652051349
2021-07-15,0.8389758317165389,-0.13228867274423617,0.9712645044607751
2021-07-16,0.8600199666302317,-0.08872782570910717,0.9487477923393389
2021-07-19,0.8505951769675961,-0.0517432092253964,0.9023383861929926
2021-07-20,0.8419399603418721,-0.015038577194772012,0.8569785375366441
2021-07-21,0.8207361392860345,0.0010410951881336338,0.8196950440979008
2021-07-22,0.7948937235843712,0.022651667375227162,0.772242056209144
2021-07-23,0.8038081580483094,0.06015528336351632,0.7436528746847931
2021-07-26,0.8017306878192874,0.10762709009419914,0.6941035977250882
2021-07-27,0.8121031256035093,0.1430625313036877,0.6690405942998215
2021-07-28,0.8481902730397761,0.19947066567671784,0.6487196073630583
2021-07-29,0.8325966895002334,0.2748950227004895,0.5577016667997439
2021-07-30,0.8283040705151767,0.34215157297560617,0.48615249753957057
2021-08-02,0.8651714411589242,0.359435320803122,0.5057361203558022
2021-08-03,0.8856304145560187,0.3385969623935272,0.5470334521624914
2021-08-04,0.8505152426868766,0.368700900389491,0.4818143422973856
2021-08-05,0.8542365588300592,0.3474509837582149,0.5067855750718443
2021-08-06,0.871453872393719,0.4366206861619734,0.43483318623174555
2021-08-09,0.8871199247633264,0.5195479268161823,0.367571997947144
2021-08-10,0.870614429001156,0.6017859818415162,0.2688284471596398
2021-08-11,0.8376518574447832,0.6388102678437768,0.1988415896010064
2021-08-12,0.8567217444724301,0.6510408246849262,0.2056809197875039
2021-08-13,0.8417729062973408,0.6554980700601687,0.18627483623717211
2021-08-16,0.8388684834331722,0.6525750793081968,0.18629340412497541
2021-08-17,0.8849381279873828,0.6339790011276089,0.25095912685977395
2021-08-18,0.9340123530723443,0.5802879614581095,0.35372439161423486
2021-08-19,0.9588358775416439,0.48148501013802236,0.47735086740362154
2021-08-20,0.9395318281191064,0.40690944538314305,0.5326223827359633
2021-08-23,0.9700391234682891,0.33506114232552575,0.6349779811427634
2021-08-24,0.8846481243265596,0.3425731423719255,0.5420749819546341
2021-08-25,0.895759182988841,0.3435136748687625,0.5522455081200786
2021-08-26,0.9135653497775522,0.3429457275464877,0.5706196222310644
2021-08-27,0.9137931713715747,0.3364566128323434,0.5773365585392313
2021-08-30,0.971476718163468,0.31286101934535465,0.6586156988181133
2021-08-31,1.0383344775157517,0.25885037480052253,0.7794841027152292
2021-09-01,1.0579746006366275,0.1995851259892109,0.8583894746474166
2021-09-02,1.065347944650874,0.15852184773546527,0.9068260969154087
2021-09-03,1.034890327809371,0.14424873280383566,0.8906415950055354
2021-09-06,1.0166193493894369,0.14390209210740662,0.8727172572820303
2021-09-07,1.0324116552151008,0.1394112695606443,0.8930003856544565
2021-09-08,1.033810936262429,0.12322636960473914,0.9105845666576899
2021-09-09,1.0223252104118339,0.1319535661838365,0.8903716442279974
2021-09-10,1.0093420188715294,0.13164850368043143,0.877693515191098
2021-09-13,1.0662653774972184,0.12254492995103117,0.9437204475461872
2021-09-14,1.1470770541613422,0.09799451482699587,1.0490825393343464
2021-09-15,1.2282100560363105,0.07859403735182482,1.1496160186844857
2021-09-16,1.2381124647749215,0.06742878194688987,1.1706836828280316
2021-09-17,1.2506438865007168,0.05706481441972301,1.1935790720809938
2021-09-22,1.3512355771447115,0.05825371256287566,1.2929818645818358
2021-09-23,1.5661202462733956,0.04958676192462713,1.5165334843487686
2021-09-24,1.3806408835256236,0.04224914829717613,1.3383917352284476
2021-09-27,1.5315748447364559,0.036656333369827515,1.4949185113666283
2021-09-28,1.6621187685877294,0.03362656259039921,1.6284922059973301
2021-09-29,1.5615082707510055,0.033687228987838845,1.5278210417631666
2021-09-30,1.6752845457199197,0.0357737389733938,1.6395108067465258
2021-10-08,1.6257273248326822,0.039846230421895924,1.5858810944107864
2021-10-11,1.6790060875441764,0.04406976558952132,1.634936321954655
2021-10-12,1.6505778148766215,0.04216290029446104,1.6084149145821605
2021-10-13,1.485320296942812,0.03977820998448345,1.4455420869583286
2021-10-14,1.5438954913214473,0.03795136128797641,1.5059441300334708
2021-10-15,1.5760379236117117,0.03760874382525942,1.5384291797864522
2021-10-18,1.6101784511889023,0.03536884949358808,1.5748096016953144
2021-10-19,1.6548387202638664,0.034868192359597254,1.619970527904269
2021-10-20,1.5211357656907813,0.032853871201580676,1.4882818944892007
2021-10-21,1.6182472409914577,0.028016668696058265,1.5902305722953993
2021-10-22,1.5068143113681376,0.025337746437327686,1.48147656493081
2021-10-25,1.434566337375624,0.02542464084021209,1.4091416965354118
2021-10-26,1.448457070115214,0.02568898742501413,1.4227680826901998
2021-10-27,1.3314883187473523,0.03000068792550184,1.3014876308218504
2021-10-28,1.4176704349044762,0.03190063403124747,1.3857698008732287
2021-10-29,1.4440483650204055,0.033893417931803026,1.4101549470886023
2021-11-01,1.4686549067991261,0.03771678871563427,1.430938118083492
2021-11-02,1.4444215270170555,0.045480882475888676,1.3989406445411667
2021-11-03,1.4192148727955494,0.04939016249909114,1.3698247102964582
2021-11-04,1.4104332838643279,0.05409215078995025,1.3563411330743775
2021-11-05,1.3085933875113682,0.06445885855878851,1.2441345289525798
2021-11-08,1.2952422216589772,0.07400077328797142,1.2212414483710057
2021-11-09,1.346736298220658,0.08380424610012384,1.2629320521205343
2021-11-10,1.3216973644495973,0.09466864555694744,1.2270287188926499
2021-11-11,1.2982303710684528,0.10504935102413489,1.193181020044318
2021-11-12,1.3304367872511134,0.1195231121220431,1.2109136751290703
2021-11-15,1.2446965857150076,0.13655442073553836,1.1081421649794692
2021-11-16,1.2523346500549792,0.15502138188623982,1.0973132681687394
2021-11-17,1.2236833537503387,0.17296982445071504,1.0507135292996237
2021-11-18,1.1926557133763347,0.19158839619422047,1.0010673171821143
2021-11-19,1.1643688725670596,0.20501617925571616,0.9593526933113434
2021-11-22,1.1752456713671309,0.21679658567196744,0.9584490856951634
2021-11-23,1.273483404349502,0.22870394077025252,1.0447794635792496
2021-11-24,1.2444036526585505,0.23785051404853,1.0065531386100204
2021-11-25,1.2435745037703259,0.2515242686388386,0.9920502351314873
2021-11-26,1.147147708627488,0.26649473903943244,0.8806529695880555
2021-11-29,1.2109322819491704,0.28000887289010984,0.9309234090590606
2021-11-30,1.2300544909708735,0.2943325966576499,0.9357218943132236
2021-12-01,1.2274821130007088,0.30511141875775327,0.9223706942429555
2021-12-02,1.180459800015386,0.3123633581811514,0.8680964418342347
2021-12-03,1.1679476100368373,0.3178748697903321,0.8500727402465053
2021-12-06,1.1394970147422456,0.3226370553185699,0.8168599594236757
2021-12-07,1.111448307057473,0.32719925632828856,0.7842490507291844
2021-12-08,1.110968146844587,0.3328998279317543,0.7780683189128326
2021-12-09,1.1449264261572445,0.3385198177493459,0.8064066084078986
2021-12-10,1.1461061764715377,0.3438047517592426,0.802301424712295
2021-12-13,1.1388347252656124,0.3479117320713825,0.7909229931942299
2021-12-14,1.1468351209723386,0.35296631255976557,0.7938688084125731
2021-12-15,1.0813909710142282,0.3530066489810623,0.7283843220331658
2021-12-16,1.0564464868925325,0.3494869151768879,0.7069595717156446
2021-12-17,1.0692220668463535,0.34417873753954853,0.7250433293068049
2021-12-20,1.1537874024043147,0.3404564960115845,0.8133309063927301
2021-12-21,1.166699452306861,0.3370341815655703,0.8296652707412907
2021-12-22,1.1194534353083125,0.3303493303684709,0.7891041049398416
2021-12-23,1.0990275064504904,0.32554148761565854,0.7734860188348318
2021-12-24,1.1536772587079192,0.32029441865163943,0.8333828400562797
2021-12-27,1.1860038920781317,0.3166168555863449,0.8693870364917868
2021-12-28,1.1783919028095438,0.31580608938514626,0.8625858134243976
2021-12-29,1.2355708908819114,0.31137809660459165,0.9241927942773198
2021-12-30,1.2069753642037715,0.30995150342306965,0.8970238607807018
2021-12-31,1.1744708612629966,0.3041386692927024,0.8703321919702942
2022-01-04,1.1225448977927681,0.29734475060509397,0.8252001471876742
2022-01-05,1.1131439699086185,0.2921109022592794,0.8210330676493391
2022-01-06,1.1451374529678362,0.2816766504722087,0.8634608024956275
2022-01-07,1.1545405409753864,0.2704491482735771,0.8840913927018093
2022-01-10,1.1941567817781191,0.2565204280937736,0.9376363536843455
2022-01-11,1.1621617047448316,0.24308387916952073,0.9190778255753109
2022-01-12,1.1601317463221137,0.21653810315434277,0.943593643167771
2022-01-13,1.176344138818014,0.18487802707113454,0.9914661117468795
2022-01-14,1.1745680068072706,0.1747174420477369,0.9998505647595337
2022-01-17,1.1036159422213778,0.15132497912521206,0.9522909630961658
2022-01-18,1.1095509164144564,0.12653042467298492,0.9830204917414714
2022-01-19,1.0996618065901205,0.08129992386396101,1.0183618827261594
2022-01-20,1.097869723692768,0.06522310153616206,1.032646622156606
2022-01-21,1.047210868016585,0.020737476461603566,1.0264733915549815
2022-01-24,1.0696981721817758,-0.025924836458536313,1.095623008640312
2022-01-25,1.0455305993931014,-0.06388412919662463,1.109414728589726
2022-01-26,1.043633420488007,-0.051033807579255346,1.0946672280672622
2022-01-27,1.0531679427516472,-0.06760706256726537,1.1207750053189125
2022-01-28,1.085779418648377,-0.006125405957388072,1.091904824605765
2022-02-07,1.0993745884984294,0.05167494624425594,1.0476996422541736
2022-02-08,1.0848491188688034,0.11279980070426868,0.9720493181645348
2022-02-09,1.0772447181412408,0.18871753813207867,0.8885271800091621
2022-02-10,1.0558852023443728,0.26074396432095104,0.7951412380234217
2022-02-11,1.0112794083165746,0.28733658810191476,0.7239428202146598
2022-02-14,1.0284038540274651,0.3454378291508823,0.6829660248765829
2022-02-15,1.0583687987774322,0.316650120691636,0.7417186780857962
2022-02-16,1.0519750543334798,0.2967113069374938,0.755263747395986
2022-02-17,1.0688874336308312,0.2575294251360851,0.811358008494746
2022-02-18,1.0949197903869439,0.1789458884726551,0.9159739019142887
2022-02-21,1.1084001022068621,0.14788889213609202,0.9605112100707701
2022-02-22,1.120255403754559,0.09962267906145157,1.0206327246931073
2022-02-23,1.1256638613003498,0.15616308063412576,0.969500780666224
2022-02-24,1.1481711273456991,0.19869461507806438,0.9494765122676347
2022-02-25,1.0893109374100447,0.2386443799229233,0.8506665574871214
2022-02-28,1.1314551667052841,0.19250732972071044,0.9389478369845736
2022-03-01,1.1208637327635642,0.22174777527963857,0.8991159574839256
2022-03-02,1.1107234712760254,0.2667391377162901,0.8439843335597353
2022-03-03,1.115781142817348,0.3309378238671519,0.7848433189501962
2022-03-04,1.1090052853514754,0.3563357493510047,0.7526695360004707
2022-03-07,1.1038917494482032,0.41970359388187356,0.6841881555663296
2022-03-08,1.1444994510046873,0.42972284443227854,0.7147766065724088
2022-03-09,1.1549190986298463,0.4333858237652416,0.7215332748646047
2022-03-10,1.1900664762310968,0.41195097766434646,0.7781154985667504
2022-03-11,1.1862350862912892,0.39442089826985594,0.7918141880214332
2022-03-14,1.2247719395455343,0.3525430901796373,0.872228849365897
2022-03-15,1.1729698164101887,0.3419127661081408,0.8310570503020479
2022-03-16,1.1866399101305187,0.3379460498305374,0.8486938602999814
2022-03-17,1.1685906938849104,0.33735670752816976,0.8312339863567406
2022-03-18,1.1512785358515005,0.35159662790420154,0.799681907947299
2022-03-21,1.1490582552700481,0.35891393863044985,0.7901443166395983
2022-03-22,1.1349455401949349,0.3630745339869717,0.7718710062079632
2022-03-23,1.1007799620123702,0.3708313558075365,0.7299486062048337
2022-03-24,1.111869927494658,0.3677289012701465,0.7441410262245114
2022-03-25,1.1256376024722865,0.3748271854472654,0.7508104170250212
2022-03-28,1.1215824065531024,0.3912043005985728,0.7303781059545296
2022-03-29,1.1334429865044056,0.3911902622151838,0.7422527242892217
2022-03-30,1.1046074817938334,0.3881120093251569,0.7164954724686765
2022-03-31,1.0964769724583274,0.4043117786382489,0.6921651938200786
2022-04-01,1.073646163474143,0.40773647982642747,0.6659096836477155
2022-04-06,1.1241948366774308,0.40515471082848814,0.7190401258489427
2022-04-07,1.087486413747716,0.39303924960999104,0.694447164137725
2022-04-08,1.134798222202581,0.38227281316624584,0.7525254090363351
2022-04-11,1.1263605261068277,0.37091740341949064,0.755443122687337
2022-04-12,1.100927607059448,0.3700162743190967,0.7309113327403514
2022-04-13,1.1200342033418216,0.37063004952087303,0.7494041538209486
2022-04-14,1.1151249885588643,0.3735467590871012,0.7415782294717631
2022-04-15,1.1312976506114714,0.3806796734080936,0.7506179772033778
2022-04-18,1.1548884384902918,0.3889508909056882,0.7659375475846035
2022-04-19,1.1494338961613868,0.39480504666817623,0.7546288494932105
2022-04-20,1.1346722656382382,0.39041981400191406,0.7442524516363241
2022-04-21,1.1407745075543871,0.38489111682477417,0.755883390729613
2022-04-22,1.1578072382298932,0.37929995933342,0.7785072788964732
2022-04-25,1.1119180590130748,0.3761171279174172,0.7358009310956577
2022-04-26,1.1072656305116264,0.3778398567849131,0.7294257737267134
2022-04-27,1.1030203024977103,0.37217919307475533,0.730841109422955
2022-04-28,1.1132211452492462,0.3748132222174609,0.7384079230317853
2022-04-29,1.098534163534302,0.3754378017430635,0.7230963617912385
2022-05-05,1.105185473692024,0.3719229401383308,0.7332625335536931
2022-05-06,1.1102173563650013,0.37718314411116394,0.7330342122538374
2022-05-09,1.1037571210584,0.38651865427033527,0.7172384667880648
2022-05-10,1.0792180914561162,0.39998167489143016,0.679236416564686
2022-05-11,1.0744257605183951,0.4060969909850034,0.6683287695333917
2022-05-12,1.0690935568625297,0.42183789051936227,0.6472556663431674
2022-05-13,1.0759289120461744,0.45304533815470166,0.6228835738914726
2022-05-16,1.100512198076603,0.4791053518270842,0.6214068462495188
2022-05-17,1.127546343319338,0.4939007600514261,0.633645583267912
2022-05-18,1.1355599935205638,0.5249479573889425,0.6106120361316213
2022-05-19,1.114204338398152,0.5411035029503156,0.5731008354478363
2022-05-20,1.1055679057105414,0.5471663855046359,0.5584015202059055
2022-05-23,1.143676494264396,0.5562251929194504,0.5874513013449456
2022-05-24,1.1801112031574108,0.5686156469684901,0.6114955561889207
2022-05-25,1.1666135879962067,0.5774597035941007,0.589153884402106
2022-05-26,1.1282209766548907,0.5829265310672195,0.5452944455876713
2022-05-27,1.1564452906245088,0.5921604931655551,0.5642847974589538
2022-05-30,1.1572731191383199,0.5929183943927885,0.5643547247455314
2022-05-31,1.137742126203575,0.5962521150012439,0.5414900112023311
2022-06-01,1.1231585882708164,0.5991072056369365,0.5240513826338798
2022-06-02,1.124934519219672,0.5999815633871074,0.5249529558325646
2022-06-06,1.130336147699124,0.6024350686061757,0.5279010790929484
2022-06-07,1.152530522608063,0.5994840010996259,0.5530465215084372
2022-06-08,1.141551943373725,0.6004311046679036,0.5411208387058213
2022-06-09,1.1522893784012214,0.6019754299276954,0.550313948473526
2022-06-10,1.1494343872984258,0.6167580008669468,0.5326763864314791
2022-06-13,1.1099320641928665,0.6324749307266384,0.4774571334662281
2022-06-14,1.1179898663927788,0.6639752731283147,0.45401459326446403
2022-06-15,1.121316526428533,0.6753374389713048,0.44597908745722814
2022-06-16,1.1118808612976923,0.7006065550833118,0.41127430621438044
2022-06-17,1.1240173305406642,0.7261820994938729,0.3978352310467913
2022-06-20,1.1295133464108384,0.7566790175955364,0.3728343288153021
2022-06-21,1.1168486647918825,0.7718079424040737,0.3450407223878088
2022-06-22,1.108280579847398,0.7804767652920429,0.3278038145553551
2022-06-23,1.0898800021140738,0.7739041568835804,0.3159758452304934
2022-06-24,1.0872102652672007,0.7683655162107693,0.31884474905643134
2022-06-27,1.1277920823261784,0.7747215161652105,0.353070566160968
2022-06-28,1.1102492707410911,0.7738815122835558,0.3363677584575353
2022-06-29,1.1111311178956038,0.7758445785121615,0.33528653938344233
2022-06-30,1.085918504699032,0.7653489618841903,0.32056954281484173
2022-07-01,1.1151407214296931,0.7623893795842623,0.3527513418454308
2022-07-04,1.0951199222131005,0.7508629097915182,0.34425701242158235
2022-07-05,1.077977468945823,0.7403388886827077,0.33763858026311533
2022-07-06,1.1088091066464492,0.7343098652010385,0.3744992414454107
2022-07-07,1.093354219868141,0.7328283044825699,0.3605259153855711
2022-07-08,1.1107479116335763,0.7353589865493211,0.37538892508425525
2022-07-11,1.1378444715751195,0.73904799764301,0.3987964739321095
2022-07-12,1.1211356096846217,0.7476816847250876,0.3734539249595341
2022-07-13,1.0808169398258924,0.7425218529260877,0.3382950868998047
2022-07-14,1.0909342949517875,0.7443394821309111,0.34659481282087645
2022-07-15,1.0766062716773928,0.7539530873700133,0.32265318430737944
2022-07-18,1.0626696838924967,0.7533553488959635,0.30931433499653327
2022-07-19,1.0513946714421736,0.7452477663038521,0.30614690513832143
2022-07-20,1.0631742103835469,0.7422899952943482,0.3208842150891986
2022-07-21,1.0473932628650464,0.7413321143676028,0.3060611484974436
2022-07-22,1.0676300055854606,0.7378788906176982,0.32975111496776244
2022-07-25,1.024660518746519,0.7242577984305428,0.30040272031597615
2022-07-26,1.0482966776404194,0.715719040385013,0.33257763725540646
2022-07-27,1.0307066741398132,0.7052763460020806,0.32543032813773265
2022-07-28,1.0318817158550955,0.6922031631315071,0.3396785527235884
2022-07-29,1.0457480843563869,0.6822255368700899,0.363522547486297
2022-08-01,1.0476425618738412,0.6759080390523194,0.37173452282152175
2022-08-02,1.0393265576335826,0.6692648259328812,0.37006173170070145
2022-08-03,1.0521147784684717,0.6647008522095487,0.387413926258923
2022-08-04,1.0283619756316813,0.6565980003981848,0.37176397523349647
2022-08-05,0.9980058919550493,0.644936366687702,0.35306952526734725
2022-08-08,0.9802258835552267,0.6295138096466852,0.3507120739085414
2022-08-09,1.0205668131325674,0.6213920986778695,0.3991747144546979
2022-08-10,1.0360257274372238,0.6174542869206491,0.4185714405165747
2022-08-11,1.0419713512666053,0.6159089335314848,0.42606241773512055
2022-08-12,1.0454967266305557,0.6125094615147654,0.43298726511579033
2022-08-15,1.0495788317272805,0.608158718795359,0.4414201129319215
2022-08-16,1.0460168551857703,0.6072097971664939,0.43880705801927633
2022-08-17,1.0363022141035187,0.6128530942194437,0.4234491198840751
2022-08-18,1.0168516550693267,0.6145784986199891,0.4022731564493376
2022-08-19,1.0152964704584402,0.6127939802289947,0.4025024902294455
2022-08-22,0.9896570352372625,0.6102463113746334,0.3794107238626291
2022-08-23,1.0204453722729974,0.6112285435885836,0.4092168286844138
2022-08-24,1.0378652941636428,0.6095878946861565,0.42827739947748633
2022-08-25,1.0818504338020318,0.6070869287293853,0.47476350507264653
2022-08-26,1.081373528650307,0.6016267544402016,0.47974677421010536
2022-08-29,1.0411546840682997,0.5970041882026901,0.4441504958656096
2022-08-30,1.0888364447937595,0.6018697067280011,0.4869667380657584
2022-08-31,1.059707198594455,0.5999278638779211,0.459779334716534
2022-09-01,1.0421967537252272,0.600272717452196,0.44192403627303123
2022-09-02,1.0301890236257703,0.5980263650559348,0.4321626585698355
2022-09-05,1.0220826397931733,0.5842937086104325,0.43778893118274076
2022-09-06,1.0265672147737863,0.5746739656119427,0.4518932491618436
2022-09-07,1.019443875231784,0.5675403816126365,0.4519034936191475
2022-09-08,1.0110990769120918,0.5563306937634337,0.4547683831486581
2022-09-09,1.075940108628394,0.5580097214608103,0.5179303871675837
2022-09-13,1.093490853625027,0.5664070331091555,0.5270838205158714
2022-09-14,1.0923850492897953,0.5721900924451037,0.5201949568446916
2022-09-15,1.0904762320892423,0.5791719960060681,0.5113042360831742
2022-09-16,1.1102546654527303,0.5791385193848811,0.5311161460678492
2022-09-19,1.1181790567148793,0.5782175896705615,0.5399614670443178
2022-09-20,1.1428976733535157,0.5817393266913814,0.5611583466621343
2022-09-21,1.1527187561916978,0.5698897328698996,0.5828290233217982
2022-09-22,1.146283844401548,0.5480130965019387,0.5982707478996092
2022-09-23,1.1359694279775683,0.5123833893826832,0.623586038594885
2022-09-26,1.1313689353403362,0.4921770428895679,0.6391918924507684
2022-09-27,1.114456435011458,0.4745078246751664,0.6399486103362917
2022-09-28,1.1076956735513512,0.44396510776549625,0.663730565785855
2022-09-29,1.120916603168342,0.40591167700215386,0.7150049261661882
2022-09-30,1.1385421302289163,0.3553120549096613,0.7832300753192549
2022-10-10,1.1520514828611121,0.2903708410498937,0.8616806418112184
2022-10-11,1.1283630017008357,0.26447219462215166,0.863890807078684
2022-10-12,1.112144520103788,0.263664492258624,0.8484800278451641
2022-10-13,1.1156619170499826,0.25921555099754123,0.8564463660524414
2022-10-14,1.1106361953741075,0.2569166211915216,0.8537195741825859
2022-10-17,1.1244951210168992,0.2179679139466058,0.9065272070702934
2022-10-18,1.1102289084688366,0.2180345226996883,0.8921943857691483
2022-10-19,1.096391572430797,0.22892896186671505,0.867462610564082
2022-10-20,1.0789215696811252,0.26375058532899226,0.8151709843521329
2022-10-21,1.0688072760146496,0.2903807099874722,0.7784265660271774
2022-10-24,1.0696800071273693,0.3155672339679226,0.7541127731594468
2022-10-25,1.0869235626187486,0.35028880844413873,0.7366347541746099
2022-10-26,1.063823003830087,0.3809928682600285,0.6828301355700586
2022-10-27,1.0594254551043676,0.41426804255302707,0.6451574125513405
2022-10-28,1.0949453784400907,0.4415604447834987,0.653384933656592
2022-10-31,1.0791486738138316,0.48700900380553497,0.5921396700082966
2022-11-01,1.0508992736651859,0.4962483422026321,0.5546509314625538
2022-11-02,1.0783023898736126,0.5054400842354438,0.5728623056381688
2022-11-03,1.1346720119734484,0.5034470685727332,0.6312249434007151
2022-11-04,1.151170403248724,0.5013328015214799,0.6498376017272441
2022-11-07,1.1542291162581915,0.5081575831444697,0.6460715331137218
2022-11-08,1.139529350411121,0.515604177097749,0.623925173313372
2022-11-09,1.1403818646996997,0.5043195512573925,0.6360623134423072
2022-11-10,1.1272806525993815,0.4993348726013384,0.627945779998043
2022-11-11,1.1481780117333595,0.4724158539968355,0.675762157736524
2022-11-14,1.1359538992813247,0.44093313963407177,0.695020759647253
2022-11-15,1.131884454931386,0.4134818316428105,0.7184026232885755
2022-11-16,1.1273435584876,0.3825870213251446,0.7447565371624554
2022-11-17,1.137072338100673,0.37603769309499085,0.7610346450056822
2022-11-18,1.1519323292847663,0.3736660145383128,0.7782663147464535
2022-11-21,1.1235323678231188,0.38687348398153715,0.7366588838415817
2022-11-22,1.071123651968667,0.41141236033839124,0.6597112916302759
2022-11-23,1.0668367418983573,0.41198049513713664,0.6548562467612207
2022-11-24,1.135941957522261,0.40029521693133596,0.7356467405909249
2022-11-25,1.1295844989420631,0.3821254318957865,0.7474590670462766
2022-11-28,1.1254936876495674,0.3576316505913414,0.767862037058226
2022-11-29,1.124447028253216,0.3630046949471428,0.7614423333060731
2022-11-30,1.1325121208177171,0.3622481959604019,0.7702639248573152
2022-12-01,1.1325452325339846,0.3669225163707166,0.765622716163268
2022-12-02,1.1336937005890326,0.38149292245331357,0.7522007781357191
2022-12-05,1.1244966697748586,0.40102569366029495,0.7234709761145637
2022-12-06,1.1303021539414486,0.4259943544383698,0.7043077995030789
2022-12-07,1.1298875576730205,0.44894490155191463,0.6809426561211058
2022-12-08,1.1213526687939508,0.48283314073762384,0.638519528056327
2022-12-09,1.1238959424316937,0.5338958829229357,0.590000059508758
2022-12-12,1.121638108929968,0.5472159659454208,0.5744221429845473
2022-12-13,1.131898623527281,0.5543610712290604,0.5775375522982206
2022-12-14,1.138563268360631,0.5659621035212847,0.5726011648393463
2022-12-15,1.1195272143980226,0.5908699381816822,0.5286572762163404
2022-12-16,1.1008738402381368,0.6102424355081818,0.49063140472995503
2022-12-19,1.0602508804162747,0.6122658393874356,0.44798504102883907
2022-12-20,1.0407095044136943,0.6102823476585681,0.4304271567551261
2022-12-21,1.0412867024944432,0.6202541654721621,0.42103253702228116
2022-12-22,1.094758063772518,0.6334794190028015,0.4612786447697166
2022-12-23,1.06582872510948,0.645673582969321,0.42015514214015903
2022-12-26,1.084919354476214,0.6588218384265537,0.4260975160496602
2022-12-27,1.0739984001221308,0.6735386118732516,0.4004597882488792
2022-12-28,1.0729027058768585,0.6860994116942903,0.3868032941825682
2022-12-29,1.1198700315348455,0.6926439383416801,0.4272260931931654
2022-12-30,1.1102866020202884,0.7071567597209619,0.40312984229932647
2023-01-03,1.0928895064325057,0.7269798443608594,0.3659096620716463
2023-01-04,1.0981716590519022,0.7355784425501448,0.36259321650175735
2023-01-05,1.0936299862267278,0.7421139571243209,0.35151602910240687
2023-01-06,1.073151728938318,0.7540418651946098,0.3191098637437081
2023-01-09,1.101146871198624,0.7609542240097406,0.34019264718888353
2023-01-10,1.0944939003363932,0.7685160668328341,0.325977833503559
2023-01-11,1.091161924405315,0.7777932790947618,0.3133686453105532
2023-01-12,1.0999941850170765,0.7844139911733142,0.31558019384376224
2023-01-13,1.0954725560695606,0.7968821984409192,0.2985903576286414
2023-01-16,1.092498272178939,0.8105247401865541,0.28197353199238484
2023-01-17,1.1327895179719696,0.8122502985176737,0.32053921945429587
2023-01-18,1.1160269765976496,0.8158579729597769,0.3001690036378727
2023-01-19,1.1194779283323129,0.8279377676202759,0.2915401607120369
2023-01-20,1.088842768018767,0.8529556935986932,0.23588707442007373
2023-01-30,1.0869731282638162,0.863941969513473,0.22303115875034318
2023-01-31,1.0665092610359848,0.8846886389904646,0.18182062204552019
2023-02-01,1.0565374923802693,0.9284526846402301,0.12808480774003916
2023-02-02,1.0745577806187654,0.9575265708326403,0.11703120978612513
2023-02-03,1.062734778863347,0.9450606712517264,0.11767410761162056
2023-02-06,1.0603873940766437,0.926153637241622,0.1342337568350217
2023-02-07,1.063313484288074,0.9021007143725128,0.16121276991556122
2023-02-08,1.0688882065136869,0.8851248688388123,0.18376333767487463
2023-02-09,1.0767405352141046,0.8706924219711561,0.20604811324294847
2023-02-10,1.0457923459902796,0.8403663979871828,0.20542594800309677
2023-02-13,1.060655267652983,0.8132805691848862,0.2473746984680968
2023-02-14,1.070184213251092,0.7924341397485254,0.27775007350256653
2023-02-15,1.0679449099248295,0.7759867494566673,0.29195816046816214
2023-02-16,1.0598269438438808,0.7671268279782293,0.2927001158656515
2023-02-17,1.0271978902691041,0.7403237846565912,0.2868741056125129
2023-02-20,1.0320462091767864,0.721238369924224,0.3108078392525624
2023-02-21,1.048478946190165,0.7062232848400731,0.3422556613500918
2023-02-22,1.0509183724616131,0.705243815007625,0.3456745574539881
2023-02-23,1.048991290725868,0.7041538947546317,0.3448373959712363
2023-02-24,1.0291567126316892,0.6511161836122985,0.37804052901939067
2023-02-27,1.012335740745332,0.5793497518503393,0.4329859888949926
2023-02-28,1.021138022387299,0.5097526235997006,0.5113853987875984
2023-03-01,1.033590013665958,0.46557450091383534,0.5680155127521226
2023-03-02,1.0283729073471792,0.413658733310887,0.6147141740362922
2023-03-03,1.0144746051091749,0.35546330691607153,0.6590112981931033
2023-03-06,1.0079994602840026,0.3054783968200959,0.7025210634639066
2023-03-07,0.9955374235304548,0.2381288853914177,0.7574085381390372
2023-03-08,0.9965504537283384,0.1836574178228837,0.8128930359054547
2023-03-09,0.987167844856781,0.11880516470172928,0.8683626801550517
2023-03-10,0.9764901697392578,0.05888973038727454,0.9176004393519833
2023-03-13,0.9611019423948848,0.01860457545694849,0.9424973669379363
2023-03-14,0.9615852372023085,-0.01808855954775255,0.979673796750061
2023-03-15,0.9627883376717076,-0.042256911282519155,1.0050452489542268
2023-03-16,0.974325472569711,-0.035553373366403226,1.0098788459361143
2023-03-17,0.9849947387945325,-0.04396825855216323,1.0289629973466956
2023-03-20,1.0069035452355173,-0.041476013672916395,1.0483795589084337
2023-03-21,1.0087185881236502,-0.07290292487297964,1.0816215129966298
2023-03-22,0.9972558397957519,-0.11255321838153771,1.1098090581772897
2023-03-23,1.011706157159355,-0.10575010969866634,1.1174562668580215
2023-03-24,1.0200051353266015,-0.09659473029253116,1.1165998656191327
2023-03-27,1.0242795814873173,-0.09599182492208257,1.1202714064094
2023-03-28,1.0179957867878222,-0.09133596792502732,1.1093317547128496
2023-03-29,0.9850641145199088,-0.08339880164473143,1.0684629161646402
2023-03-30,0.9760762934190973,-0.0782776686213706,1.0543539620404678
2023-03-31,0.9814459528574888,-0.06315444405903814,1.044600396916527
2023-04-03,1.004918345135928,-0.034584619780324774,1.0395029649162528
2023-04-04,1.0137527402792859,-0.0007161538445911242,1.014468894123877
2023-04-06,0.9985911230125667,0.048092565030769065,0.9504985579817976
2023-04-07,0.9909778631940571,0.07827340810673811,0.912704455087319
2023-04-10,0.9961454541744451,0.1175087924084592,0.8786366617659859
2023-04-11,0.9915096646924643,0.15219578873270317,0.8393138759597611
2023-04-12,1.0078780403752694,0.18538066496523226,0.8224973754100371
2023-04-13,1.0158269826467934,0.21549742069671518,0.8003295619500782
2023-04-14,0.9963421786538708,0.2484185937741602,0.7479235848797106
2023-04-17,0.9728047208227875,0.27094407417449284,0.7018606466482946
2023-04-18,0.9986309648597197,0.2929178151439692,0.7057131497157505
2023-04-19,1.0155089457361468,0.33534992201546654,0.6801590237206803
2023-04-20,1.0126321111741838,0.37338616361327676,0.6392459475609071
2023-04-21,0.9863820936912807,0.4327250071872726,0.5536570865040081
2023-04-24,1.0039323576886063,0.4935817067736894,0.5103506509149169
2023-04-25,1.0037557197217126,0.5536847912902634,0.45007092843144925
2023-04-26,0.9967797856787395,0.591135552057798,0.4056442336209415
2023-04-27,1.059857672699009,0.6265919908615609,0.43326568183744807
2023-04-28,1.0777175723082117,0.6692444958877068,0.4084730764205049
2023-05-04,1.0788581744095451,0.7121534355796091,0.36670473882993604
2023-05-05,1.0648160798731177,0.7522734139649918,0.31254266590812585
2023-05-08,1.0325416763277977,0.7772285082554328,0.2553131680723649
2023-05-09,1.030179192298503,0.809272337634089,0.22090685466441407
2023-05-10,1.0196240998876447,0.8457369399962889,0.17388715989135584
2023-05-11,1.0391727224203222,0.8731157761531227,0.16605694626719947
2023-05-12,1.0422696309459953,0.9025480796529141,0.13972155129308128
2023-05-15,1.0235026324066265,0.92875332473189,0.09474930767473655
2023-05-16,1.008914372205206,0.9512633651538688,0.0576510070513373
2023-05-17,1.000141236495093,0.9705454230175196,0.02959581347757345
2023-05-18,1.0189698065182695,0.9797754357434875,0.03919437077478205
2023-05-19,1.0138753313808815,0.9905031446026915,0.023372186778189974
2023-05-22,1.0192122461483264,1.0205514082267835,0.001339162078457079
2023-05-23,1.0042011378407154,1.0461172504277105,0.041916112586995125
2023-05-24,1.0332964140497327,1.0863675193246174,0.05307110527488468
2023-05-25,1.0432880779585234,1.1138318580265965,0.07054378006807305
2023-05-26,1.0142882522676182,1.1136447551537574,0.09935650288613918
2023-05-29,1.0193230639216853,1.1217171053081127,0.10239404138642749
2023-05-30,1.0196452390340833,1.1414528983944965,0.12180765936041316
2023-05-31,0.9958727593053314,1.1431685170511552,0.14729575774582382
2023-06-01,0.979327841067561,1.1312141524858,0.15188631141823894
2023-06-02,0.9754960505674466,1.1152206463820267,0.13972459581458008
2023-06-05,0.9618510059920686,1.088123425556257,0.12627241956418844
2023-06-06,0.963219762761839,1.064704438500402,0.10148467573856312
2023-06-07,0.9417912569026227,1.0215912336186412,0.07979997671601857
2023-06-08,0.9301666442008071,0.9711023534942952,0.04093570929348811
2023-06-09,0.9281526927970503,0.9191890614996213,0.008963631297428942
2023-06-12,0.9265164989310644,0.8647290266408609,0.06178747229020343
2023-06-13,0.9127497420299078,0.810285189567611,0.1024645524622968
2023-06-14,0.9102178815575657,0.7669308565869682,0.14328702497059742
2023-06-15,0.9136876458922332,0.7252213408602198,0.18846630503201334
2023-06-16,0.9244207442812774,0.6980319272731261,0.22638881700815128
2023-06-19,0.9356197280277254,0.6766544335075835,0.25896529452014194
2023-06-20,0.9172050166722098,0.6450919486340142,0.27211306803819557
2023-06-21,0.9496235137737402,0.6317186446319277,0.3179048691418125
2023-06-26,0.9367384600904312,0.6141991511243087,0.3225393089661225
2023-06-27,0.9356233453222527,0.596235227750064,0.3393881175721887
2023-06-28,0.9320869574713709,0.5701454626221857,0.36194149484918525
2023-06-29,0.936085792638288,0.5356939177266731,0.4003918749116149
2023-06-30,0.9189897045915427,0.491326550288796,0.4276631543027467
2023-07-03,0.9091585251875226,0.439022263753849,0.4701362614336736
2023-07-04,0.9095014595557392,0.4009807732671679,0.5085206862885714
2023-07-05,0.8981702221634358,0.3620963154227793,0.5360739067406565
2023-07-06,0.8956575912761895,0.32697283373212793,0.5686847575440616
2023-07-07,0.9301119240133983,0.2958239877398222,0.634287936273576
2023-07-10,0.9279669206565961,0.27476469606208687,0.6532022245945093
2023-07-11,0.9486319601153771,0.2491640659397412,0.6994678941756359
2023-07-12,0.9441904125351871,0.22306382847181933,0.7211265840633678
2023-07-13,0.9414795507007367,0.19611809812245437,0.7453614525782823
2023-07-14,0.9443393905407554,0.16781006016083577,0.7765293303799197
2023-07-17,0.9247955396428855,0.13715416678620937,0.7876413728566761
2023-07-18,0.9299680148328116,0.08396478599531755,0.846003228837494
2023-07-19,0.953137429275046,0.023741151376857113,0.9293962778981889
2023-07-20,0.9466411074956708,-0.04182793155400499,0.9884690390496758
2023-07-21,0.9386210263928343,-0.06278997851676124,1.0014110049095954
2023-07-24,0.9390899649726261,-0.07141306885975143,1.0105030338323775
2023-07-25,0.9321241889191342,-0.0701743274260317,1.0022985163451659
2023-07-26,0.9492717399743476,-0.06270838543072013,1.0119801254050678
2023-07-27,0.9406896831670909,-0.060970549801203464,1.0016602329682944
2023-07-28,0.9371878934426404,-0.05031473690907995,0.9875026303517204
2023-07-31,0.9400282726440748,-0.01691551864356765,0.9569437912876425
2023-08-01,0.939863610635558,0.026341471693146122,0.9135221389424119
2023-08-02,0.980963071261583,0.04373687995363167,0.9372261913079514
2023-08-03,0.9752390936196212,0.0549694742613263,0.920269619358295
2023-08-04,0.9870240027217903,0.07196640435568989,0.9150575983661003
2023-08-07,0.9900244109433572,0.11228220805153157,0.8777422028918257
2023-08-08,0.9991949245427326,0.14778940685061875,0.8514055176921138
2023-08-09,1.0144861110782797,0.16156092498299804,0.8529251860952817
2023-08-10,1.0133940648038082,0.16612570775386223,0.847268357049946
2023-08-11,1.0189632844266423,0.1611799925862072,0.8577832918404351
2023-08-14,0.9949154562527542,0.16737741587333266,0.8275380403794216
2023-08-15,0.9890629640906794,0.1831095894742901,0.8059533746163893
2023-08-16,0.9733230599827163,0.2050140160683549,0.7683090439143614
2023-08-17,0.9597259163454552,0.2189561179946813,0.740769798350774
2023-08-18,0.9728547512625039,0.23314292592963648,0.7397118253328674
2023-08-21,0.9794787293228112,0.24616849934845494,0.7333102299743562
2023-08-22,0.974130592518121,0.24725858527114322,0.7268720072469778
2023-08-23,0.9827032592731022,0.25650228228097505,0.7262009769921272
2023-08-24,0.9822457653943774,0.24766175530564552,0.7345840100887319
2023-08-25,0.9853962221813006,0.2162277494004661,0.7691684727808346
2023-08-28,0.9811526606665812,0.19565693042190613,0.7854957302446751
2023-08-29,0.968770438382439,0.18714266380616157,0.7816277745762774
2023-08-30,0.9793223129353061,0.1776338931963305,0.8016884197389756
2023-08-31,1.0038733675994673,0.16785555609582095,0.8360178115036464
2023-09-01,1.0076205351489809,0.15746359136916233,0.8501569437798185
2023-09-04,1.0098187792353437,0.1508516738022684,0.8589671054330753
2023-09-05,1.0137957567076186,0.14876929448498755,0.865026462222631
2023-09-06,1.016157535928992,0.13885560546109857,0.8773019304678935
2023-09-07,1.045704940394646,0.13722717552746613,0.9084777648671798
2023-09-08,1.0570104565103196,0.11817024222645517,0.9388402142838643
2023-09-11,1.0653963818893457,0.11011105341874018,0.9552853284706055
2023-09-12,1.0726593845144323,0.11052133746349764,0.9621380470509346
2023-09-13,1.0343632584199554,0.11036481506269136,0.923998443357264
2023-09-14,1.0357228268092613,0.1132140912538019,0.9225087355554594
2023-09-15,1.0472743712694597,0.11461215382338517,0.9326622174460745
2023-09-18,1.0453983467659527,0.11461352542712282,0.9307848213388299
2023-09-19,1.048997527628656,0.11734653068195366,0.9316509969467024
2023-09-20,1.0384479065413852,0.12150875810002294,0.9169391484413623
2023-09-21,1.023537380859453,0.11755972945750663,0.9059776514019464
2023-09-22,1.0371324225054428,0.11396449184370698,0.9231679306617359
2023-09-25,1.038020548102311,0.11255563297252183,0.9254649151297892
2023-09-26,1.0634498569540194,0.10552486188028287,0.9579249950737365
2023-09-27,1.0535842780031381,0.10092459902594648,0.9526596789771916
2023-09-28,1.0339198354806198,0.10295354831901878,0.930966287161601
2023-10-09,1.0167056004091064,0.09272955016892452,0.9239760502401819
2023-10-10,1.008848108648519,0.08297988457981066,0.9258682240687084
2023-10-11,0.9918491677110897,0.08438730976767438,0.9074618579434153
2023-10-12,0.985944585237829,0.09251766978923748,0.8934269154485915
2023-10-13,0.9703627943306263,0.10721796394928594,0.8631448303813404
2023-10-16,0.9649974176054975,0.12018321777696707,0.8448141998285305
2023-10-17,0.9618557578434379,0.12379867924930796,0.8380570785941299
2023-10-18,0.9658537411970052,0.14454472143887506,0.8213090197581301
2023-10-19,0.9552169613548522,0.1561040888560166,0.7991128724988357
2023-10-20,0.9543835423048052,0.1781965225058517,0.7761870197989534
2023-10-23,0.9624274825632264,0.2081268046526652,0.7543006779105612
2023-10-24,0.9498780707075574,0.2248566805043229,0.7250213902032345
2023-10-25,0.9564083908192023,0.23798893044831154,0.7184194603708907
2023-10-26,0.9562715266372055,0.24249028111221993,0.7137812455249856
2023-10-27,0.965313303313368,0.24829349415881058,0.7170198091545574
2023-10-30,0.9612692564858665,0.25462201906011256,0.706647237425754
2023-10-31,0.9435965525200992,0.2555906380683055,0.6880059144517937
2023-11-01,0.9439206218897787,0.2548814760120767,0.6890391458777019
2023-11-02,0.9390532616109593,0.24346575492349823,0.695587506687461
2023-11-03,0.9458757030165678,0.23735477218065248,0.7085209308359153
2023-11-06,0.9387140145005037,0.22790458437093364,0.7108094301295701
2023-11-07,0.9498245090849997,0.22203603841345895,0.7277884706715407
2023-11-08,0.946285806037545,0.2171435974210779,0.7291422086164671
2023-11-09,0.9398720725263097,0.21129856288875548,0.7285735096375542
2023-11-10,0.9358487619295517,0.20558798385363616,0.7302607780759155
2023-11-13,0.9317212069188416,0.1988186398132912,0.7329025671055505
2023-11-14,0.9313932454442455,0.18798176723403123,0.7434114782102142
2023-11-15,0.9319858923132682,0.18305667057299896,0.7489292217402692
2023-11-16,0.9219167543913991,0.1783671755300464,0.7435495788613526
2023-11-17,0.8985232544831868,0.1585073984039265,0.7400158560792603
2023-11-20,0.8691191783613549,0.12119198027262117,0.7479271980887338
2023-11-21,0.8595623811319851,0.07938240246236171,0.7801799786696234
2023-11-22,0.8449324241900392,0.035276109333546066,0.8096563148564931
2023-11-23,0.8601589763723623,0.006720790311382483,0.8534381860609798
2023-11-24,0.8475136134616904,-0.026849433811142877,0.8743630472728333
2023-11-27,0.8416790536787885,-0.05670074575903002,0.8983797994378185
2023-11-28,0.8505189705557444,-0.07680007617154307,0.9273190467272875
2023-11-29,0.8433322172974081,-0.09615386104988186,0.93948607834729
2023-11-30,0.8337715994842402,-0.1129543004272857,0.9467258999115259
2023-12-01,0.8166544408583097,-0.1307589508783089,0.9474133917366186
2023-12-04,0.8394680987084355,-0.14107881497341215,0.9805469136818477
2023-12-05,0.8213823732924854,-0.14984952491389492,0.9712318982063803
2023-12-06,0.805915509129023,-0.16300014797546686,0.9689156571044899
2023-12-07,0.7963922921844698,-0.1837721118053434,0.9801644039898132
2023-12-08,0.8255928940878113,-0.20470791969692884,1.0303008137847403
2023-12-11,0.8299677854747073,-0.21460521685282075,1.0445730023275281
2023-12-12,0.828760484801078,-0.23328963568197025,1.0620501204830481
2023-12-13,0.8309489051279902,-0.2529977794317708,1.083946684559761
2023-12-14,0.8382081037339011,-0.261632189233866,1.099840292967767
2023-12-15,0.8589981731929681,-0.2739103162908997,1.1329084894838677
2023-12-18,0.8522073266128949,-0.3005184754431707,1.1527258020560656
2023-12-19,0.8427239801447397,-0.33555070812195764,1.1782746882666975
2023-12-20,0.8458117779430311,-0.37488775996040363,1.2206995379034347
2023-12-21,0.8516425198593842,-0.4220987838582672,1.2737413037176515
2023-12-22,0.8575515646300473,-0.4390102027508355,1.296561767380883
2023-12-25,0.8533944464184873,-0.4739718129612877,1.327366259379775
2023-12-26,0.8292015990613113,-0.4948299694479073,1.3240315685092185
2023-12-27,0.8471021019787339,-0.5143154798226156,1.3614175818013496
2023-12-28,0.8356932773509569,-0.5362859595938069,1.3719792369447639
2023-12-29,0.8114731123193778,-0.5519069478498475,1.3633800601692254
2024-01-02,0.8018682821537226,-0.5471071301862264,1.348975412339949
2024-01-03,0.8180894492881357,-0.533878191969597,1.3519676412577326
2024-01-04,0.8129068719763445,-0.5218196477945997,1.3347265197709441
2024-01-05,0.8240472068033295,-0.5006058899048005,1.32465309670813
2024-01-08,0.8141256209398811,-0.47538921911406834,1.2895148400539493
2024-01-09,0.8148619818456146,-0.4498416112072024,1.264703593052817
2024-01-10,0.823049356167942,-0.41501149622071754,1.2380608523886596
2024-01-11,0.8197416459551397,-0.38896805330649253,1.2087096992616322
2024-01-12,0.8250036092869749,-0.3635240011214958,1.1885276104084708
2024-01-15,0.8281991652982288,-0.3421531449192518,1.1703523102174807
2024-01-16,0.8284052322117295,-0.32027094016699403,1.1486761723787235
2024-01-17,0.837094631914402,-0.29439867829962063,1.1314933102140228
2024-01-18,0.8346563550253207,-0.27064736759494235,1.1053037226202629
2024-01-19,0.8387778919436487,-0.24677353246354056,1.0855514244071893
2024-01-22,0.831886966505466,-0.21651215915211167,1.0483991256575778
2024-01-23,0.8156017843494958,-0.18820356243865552,1.0038053467881514
2024-01-24,0.8157042376295995,-0.1666539446093348,0.9823581822389343
2024-01-25,0.8151689516642816,-0.1455833681362083,0.9607523198004899
2024-01-26,0.8318049954872553,-0.1246637534801317,0.956468748967387
2024-01-29,0.8404838981518167,-0.10342155577658828,0.943905453928405
2024-01-30,0.8409382428173389,-0.0802127087643016,0.9211509515816405
2024-01-31,0.830452477658973,-0.03935169412214987,0.8698041717811229
2024-02-01,0.8146144382134142,0.0004811898559050671,0.8141332483575091
2024-02-02,0.8174863716895283,0.05293939953535408,0.7645469721541742
2024-02-05,0.8120072397216173,0.10500644364100985,0.7070007960806074
2024-02-06,0.8113370454276791,0.163752505345094,0.6475845400825851
2024-02-07,0.8098699967249428,0.23446631188359043,0.5754036848413523
2024-02-08,0.8247791471750407,0.30693751524716745,0.5178416319278734
2024-02-19,0.8288503747330762,0.3948325117472037,0.4340178629858725
2024-02-20,0.8439854823602981,0.4918581928917344,0.35212728946856375
2024-02-21,0.8388254506865497,0.5352406270475409,0.30358482363900874
2024-02-22,0.8467912290562816,0.5636386990890704,0.2831525299672112
2024-02-23,0.8479346786979928,0.5756257337316991,0.27230894496629365
2024-02-26,0.8548215375054494,0.6180236262361806,0.23679791126926886
2024-02-27,0.8408015240044415,0.6307401020491985,0.21006142195524302
2024-02-28,0.8468897113197139,0.6385515727642228,0.2083381385554911
2024-02-29,0.8527718306463977,0.6581454429878221,0.19462638765857565
2024-03-01,0.8571672400325633,0.672968921116029,0.18419831891653426
2024-03-04,0.8427182667641627,0.6950817983786768,0.14763646838548594
2024-03-05,0.8478817468777325,0.7299680742364858,0.11791367264124675
2024-03-06,0.847278024888293,0.7641097611772186,0.08316826371107433
2024-03-07,0.8481036807352679,0.7983040643616903,0.04979961637357755
2024-03-08,0.8490849432562015,0.8503253896629042,0.0012404464067026222
2024-03-11,0.8517123640860416,0.933110200847984,0.08139783676194245
2024-03-12,0.850040311393295,0.9608136830068975,0.11077337161360257
2024-03-13,0.8593465410688854,1.0030888913100422,0.14374235024115678
2024-03-14,0.866849384401408,1.0588641099734737,0.19201472557206567
2024-03-15,0.8539791963239546,1.1101092996229533,0.25613010329899877
2024-03-18,0.8609319647668101,1.1558650816957772,0.29493311692896707
2024-03-19,0.8512736541434472,1.206922614811351,0.35564896066790375
2024-03-20,0.8454801957124838,1.2411095528994567,0.3956293571869729
2024-03-21,0.8410076743188758,1.2532341032585506,0.41222642893967476
2024-03-22,0.8449239656519554,1.2749554019250073,0.43003143627305196
2024-03-25,0.8527846067502459,1.3240253579476435,0.4712407511973976
2024-03-26,0.8505558919038861,1.4009535359855365,0.5503976440816504
2024-03-27,0.8530926915960376,1.4722006020210525,0.6191079104250149
2024-03-28,0.8561110870275962,1.4887415636640997,0.6326304766365035
2024-03-29,0.8659263685298855,1.5698513416393611,0.7039249731094757
2024-04-01,0.8546538389196416,1.5929655052001763,0.7383116662805347
2024-04-02,0.8580877469888613,1.5874542536025693,0.729366506613708
2024-04-03,0.8748322560854386,1.5916878505870364,0.7168555945015979
2024-04-08,0.8729496939252156,1.5950743471724322,0.7221246532472166
2024-04-09,0.879399354264836,1.5770505005175937,0.6976511462527577
2024-04-10,0.872503989952619,1.5782863913121468,0.7057824013595277
2024-04-11,0.8730088215686943,1.566228075749018,0.6932192541803236
2024-04-12,0.879629260774185,1.5399807196555624,0.6603514588813774
2024-04-15,0.8879645803291121,1.508403868754931,0.620439288425819
2024-04-16,0.889717960113193,1.471731798192131,0.5820138380789379
2024-04-17,0.8848470578656449,1.420189610854621,0.5353425529889762
2024-04-18,0.9117776411872796,1.286903493876628,0.3751258526893484
2024-04-19,0.9172184993813036,1.1567993802032925,0.23958088082198892
2024-04-22,0.9712833798594274,0.8665007264630411,0.10478265339638626
2024-04-23,0.9723136254214553,0.6792114773489605,0.2931021480724948
2024-04-24,1.064176097686295,0.38416356531827095,0.6800125323680242
2024-04-25,1.1168030107655051,0.2205379773664663,0.8962650333990388
2024-04-26,1.1642224711090952,0.138055653379852,1.0261668177292431
2024-04-29,1.271756594345705,0.07954857829179793,1.192208016053907
2024-04-30,1.3002747554412348,0.050437611481360924,1.2498371439598739
2024-05-06,1.2799762833461648,0.04602113156282557,1.2339551517833391
2024-05-07,1.3245635018004767,0.041443116225824805,1.2831203855746518
2024-05-08,1.3912053912650055,0.03391267244796221,1.3572927188170434
2024-05-09,1.4208522807675263,0.029709193873104042,1.3911430868944223
2024-05-10,1.5337970779582584,0.02575004718535477,1.5080470307729037
2024-05-13,1.6131357298489786,0.02446576707901012,1.5886699627699685
2024-05-14,1.480512535155247,0.022542911152005383,1.4579696240032416
2024-05-15,1.3966712562548407,0.021867807286920154,1.3748034489679206
2024-05-16,1.3851367795903498,0.024960101170228552,1.3601766784201212
2024-05-17,1.389144827582771,0.028258933211879552,1.3608858943708915
2024-05-20,1.546561797420361,0.03146642418494079,1.5150953732354202
2024-05-21,1.4958244124563258,0.03438683517858169,1.4614375772777441
2024-05-22,1.5009524452342746,0.03940118710165634,1.4615512581326182
2024-05-23,1.5070765211579829,0.04296337628821489,1.464113144869768
2024-05-24,1.5560252933810286,0.04650616494109786,1.5095191284399307
2024-05-27,1.671354466364108,0.04805408789142716,1.623300378472681
2024-05-28,1.6913279353675144,0.04956021470269627,1.641767720664818
2024-05-29,1.7263999527434934,0.05101327406261688,1.6753866786808767
2024-05-30,1.7405913521190963,0.05182387513302095,1.6887674769860754
2024-05-31,1.6917182272268745,0.052193544067997,1.6395246831588774
2024-06-03,1.5051566566231356,0.053215415627203555,1.451941240995932
2024-06-04,1.5099468532394096,0.05375735031691995,1.4561895029224896
2024-06-05,1.4389878405856258,0.054552554759046246,1.3844352858265796
2024-06-06,1.436725480830949,0.055799968904494276,1.3809255119264547
2024-06-07,1.4837255175304032,0.05673520957973792,1.4269903079506652
2024-06-11,1.489986074397896,0.056224893832278924,1.4337611805656172
2024-06-12,1.4869763951085675,0.05629247914170727,1.4306839159668603
2024-06-13,1.3220858775503286,0.05654076009820032,1.2655451174521282
2024-06-14,1.2455900736105165,0.05593941814990885,1.1896506554606077
2024-06-17,1.2506609595527318,0.05501498967757795,1.1956459698751538
2024-06-18,1.3602478133035971,0.054123175849900305,1.3061246374536968
2024-06-19,1.3509973501903587,0.05416909868612402,1.2968282515042346
2024-06-20,1.3648668986609964,0.05418013413774762,1.3106867645232487
2024-06-21,1.3627697074503262,0.05501411594875022,1.307755591501576
2024-06-24,1.322242764596386,0.056041946049780585,1.2662008185466054
2024-06-25,1.3432562716855363,0.05661072064275872,1.2866455510427777
2024-06-26,1.2938246475823503,0.055643458593209086,1.2381811889891412
2024-06-27,1.2378336055181587,0.05439247973426486,1.183441125783894
2024-06-28,1.2863393466704711,0.053073835630434635,1.2332655110400366
2024-07-01,1.2551217024878905,0.05000456902657557,1.2051171334613149
2024-07-02,1.2533420741520198,0.04788399443305902,1.205458079718961
2024-07-03,1.2521291928947111,0.045655259761964724,1.2064739331327463
2024-07-04,1.2624880604048707,0.04179109706147058,1.2206969633434002
2024-07-05,1.2739466923851104,0.04075630010589106,1.2331903922792193
2024-07-08,1.2553176422418186,0.041409967258867385,1.2139076749829512
2024-07-09,1.2171881388038277,0.04200311046909963,1.175185028334728
2024-07-10,1.1607253038052916,0.04498733666929589,1.1157379671359957
2024-07-11,1.1713197290093997,0.04828227392251692,1.123037455086883
2024-07-12,1.1429809320704023,0.05138279524971182,1.0915981368206904
2024-07-15,1.1249251223383863,0.054058363669617394,1.0708667586687688
2024-07-16,1.1332099479359756,0.06058642229765498,1.0726235256383208
2024-07-17,1.1069097154640144,0.06876865288712027,1.038141062576894
2024-07-18,1.117584154473966,0.07724812058010158,1.0403360338938643
2024-07-19,1.1563270957941474,0.08516693799534243,1.071160157798805
2024-07-22,1.1535854899782694,0.09350762476016376,1.0600778652181055
2024-07-23,1.138383620673661,0.10250761667337054,1.0358760040002906
2024-07-24,1.1797717407135497,0.10984397664137942,1.0699277640721703
2024-07-25,1.1862923633386762,0.11796073249597513,1.068331630842701
2024-07-26,1.140206180637929,0.12217536123475745,1.0180308194031715
2024-07-29,1.0948398707352835,0.12561974249381866,0.9692201282414649
2024-07-30,1.0589660138547796,0.13070332348735383,0.9282626903674258
2024-07-31,1.0526458569156163,0.13351609202766154,0.9191297648879547
2024-08-01,1.0332761472624163,0.13454812096216479,0.8987280263002515
2024-08-02,1.0370725637380902,0.13477503261405577,0.9022975311240344
2024-08-05,1.0389595472698279,0.1361693771874698,0.9027901700823581
2024-08-06,1.0150517263421048,0.13973163890463342,0.8753200874374714
2024-08-07,1.0021880829244194,0.1418390912529365,0.8603489916714829
2024-08-08,0.9706541270855696,0.1442157571602957,0.826438369925274
2024-08-09,1.0036194006796848,0.14531064110628483,0.8583087595734
2024-08-12,1.0033728313814019,0.14731356353275643,0.8560592678486454
2024-08-13,1.0440794213230726,0.1511031178389525,0.8929763034841202
2024-08-14,1.0583227875690233,0.155759770783104,0.9025630167859193
2024-08-15,1.0274204818358799,0.15845671453762972,0.8689637672982502
2024-08-16,1.043197371644518,0.1621823419351434,0.8810150297093746
2024-08-19,0.9908822029927259,0.16408769440876497,0.826794508583961
2024-08-20,0.9817398944694535,0.16878031149811723,0.8129595829713363
2024-08-21,0.9844039028760843,0.17364913446998628,0.810754768406098
2024-08-22,0.9691393488083353,0.1819872586323642,0.7871520901759711
2024-08-23,0.9541119811831692,0.1942355031237999,0.7598764780593693
2024-08-26,0.9534456404156144,0.20455453555774364,0.7488911048578708
2024-08-27,0.9626710385596182,0.2075046259711668,0.7551664125884514
2024-08-28,0.9775121752350071,0.21187924885222686,0.7656329263827802
2024-08-29,0.9834717507904602,0.21421129450625456,0.7692604562842057
2024-08-30,0.9874566496911359,0.21631279469571074,0.7711438549954251
2024-09-02,0.9682414061798474,0.2225045556378684,0.745736850541979
2024-09-03,0.9839631662310558,0.23450438729682455,0.7494587789342313
2024-09-04,0.9737967132164712,0.24862023473488287,0.7251764784815884
2024-09-05,0.9735071678350056,0.25373081291551397,0.7197763549194915
2024-09-06,0.9875095603689807,0.25707006857409515,0.7304394917948855
2024-09-09,0.9568696299850895,0.25917170257633915,0.6976979274087504
2024-09-10,0.9368275908031841,0.26507643610751597,0.6717511546956682
2024-09-11,0.9357948088204142,0.2689913314366976,0.6668034773837166
2024-09-12,0.9223422240387106,0.27308648416477915,0.6492557398739314
2024-09-13,0.8893738683375959,0.2774496119750318,0.6119242563625641
2024-09-18,0.8849704838114951,0.28146208392908495,0.6035083998824102
2024-09-19,0.9251376054890963,0.2881010624951382,0.6370365429939581
2024-09-20,0.9150436154644244,0.29112773941434045,0.6239158760500839
2024-09-23,0.9136990942457077,0.2937514879293368,0.6199476063163709
2024-09-24,0.9112772268086273,0.2963325799491685,0.6149446468594588
2024-09-25,0.9381052700670933,0.29721665062658686,0.6408886194405065
2024-09-26,0.9246013972526302,0.29673096029855645,0.6278704369540737
2024-09-27,0.9443765842682279,0.2941256890106584,0.6502508952575695
2024-09-30,0.9883715587554593,0.2970403021120087,0.6913312566434506
2024-10-08,0.9157237075330417,0.29983930256808394,0.6158844049649577
2024-10-09,0.9318939387217381,0.3062701181447452,0.6256238205769928
2024-10-10,0.9340719412070979,0.30897552841958215,0.6250964127875158
2024-10-11,0.9319715947843119,0.308482793920127,0.6234888008641849
2024-10-14,0.916711598588036,0.3067558115239521,0.6099557870640839
2024-10-15,0.9275252636231751,0.3026211032685654,0.6249041603546097
2024-10-16,0.9080459303102209,0.2924983817902945,0.6155475485199263
2024-10-17,0.8990042757191176,0.2821210738897123,0.6168832018294053
2024-10-18,0.9019560355355742,0.27286088404445363,0.6290951514911206
2024-10-21,0.8857852606803316,0.26134266726412964,0.6244425934162019
2024-10-22,0.885352821905916,0.2544146786865471,0.6309381432193689
2024-10-23,0.8946721698661485,0.2513494646618079,0.6433227052043407
2024-10-24,0.8924070303864199,0.2516572575900118,0.6407497727964081
2024-10-25,0.9350283096108539,0.2706949908585862,0.6643333187522678
2024-10-28,0.943178562320777,0.3170225177564194,0.6261560445643577
2024-10-29,0.9360539005074274,0.3535036941126955,0.5825502063947319
2024-10-30,0.9363259677424671,0.3837175437240918,0.5526084240183753
2024-10-31,0.9510666153226639,0.41005051170165235,0.5410161036210115
2024-11-01,0.9446111385548931,0.4333427720507903,0.5112683665041028
2024-11-04,0.9584884861383384,0.453303044843045,0.5051854412952934
2024-11-05,0.9532111020423947,0.47722708858828666,0.475984013454108
2024-11-06,0.952066560983913,0.5046545452831457,0.4474120157007673
2024-11-07,0.9736105473848675,0.5266046861187805,0.447005861266087
2024-11-08,0.9615000756431836,0.539457665286995,0.4220424103561886
2024-11-11,0.9346028821308409,0.5414602959184812,0.39314258621235965
2024-11-12,0.9407121281565334,0.555372620896512,0.3853395072600214
2024-11-13,0.9572155005559579,0.5685153207740955,0.38870017978186244
2024-11-14,0.9410250060609353,0.6063789446574497,0.33464606140348563
2024-11-15,0.9381793303118571,0.6496315632364271,0.28854776707542995
2024-11-18,0.9356696199504638,0.6705908662381124,0.26507875371235146
2024-11-19,0.9349972146043931,0.7006279408233678,0.23436927378102534
2024-11-20,0.9540574547908973,0.7041453081587279,0.24991214663216943
2024-11-21,0.9569370886792794,0.7047604601683768,0.2521766285109026
2024-11-22,0.9698924268793699,0.7088548500452914,0.2610375768340786
2024-11-25,0.9693408584563068,0.7028768879377361,0.26646397051857074
2024-11-26,0.9765600379913963,0.690013947996631,0.2865460899947654
2024-11-27,0.9819657960564078,0.6801432155202475,0.3018225805361603
2024-11-28,0.9863837714496918,0.6698008199096197,0.3165829515400721
2024-11-29,0.9715604825507806,0.6706315350585326,0.3009289474922481
2024-12-02,0.9766899871810895,0.6713202923919753,0.30536969478911413
2024-12-03,0.9524509769985781,0.6800660243345854,0.27238495266399265
2024-12-04,0.9451772117833671,0.6791724343025237,0.2660047774808434
2024-12-05,0.9461280338693016,0.6741367616485927,0.27199127222070885
2024-12-06,0.963324227100263,0.6597087065126269,0.3036155205876361
2024-12-09,0.9394158452139688,0.642511013355496,0.29690483185847283
2024-12-10,0.9428036363690034,0.6210888513644068,0.3217147850045966
2024-12-11,0.9519060833883887,0.5974231104929759,0.35448297289541275
2024-12-12,0.9454283737004635,0.5720521608108625,0.373376212889601
2024-12-13,0.9359445071196386,0.553425419558313,0.3825190875613256
2024-12-16,0.9386265903618535,0.5422744322458414,0.3963521581160121
2024-12-17,0.9358134533476146,0.5413538909043989,0.39445956244321567
2024-12-18,0.9314516936212837,0.5359833261163266,0.39546836750495706
2024-12-19,0.9349324292004354,0.5262617222356408,0.4086707069647946
2024-12-20,0.9215956265906041,0.5086449762477798,0.4129506503428243
2024-12-23,0.9168761480638152,0.45895821756298366,0.45791793050083157
2024-12-24,0.9144235240814624,0.441940892852262,0.4724826312292004
2024-12-25,0.910965842484565,0.4246662055495934,0.48629963693497164
2024-12-26,0.8942028261524116,0.412872929357479,0.48132989679493265
2024-12-27,0.8946188781870112,0.41426429894763656,0.4803545792393747
2024-12-30,0.8865577327057141,0.3823096327383905,0.5042480999673236
2024-12-31,0.8845707947432154,0.3651078580936672,0.5194629366495482
2025-01-02,0.8952703635421256,0.3519180558161005,0.5433523077260252
2025-01-03,0.8951180110749843,0.34695322237781845,0.5481647886971659
2025-01-06,0.8930854145614636,0.34045801321341973,0.5526274013480439
2025-01-07,0.886550515602932,0.3326959750693334,0.5538545405335986
2025-01-08,0.8939732778361084,0.33427958786171347,0.559693689974395
2025-01-09,0.9047983949072294,0.3446213382444953,0.560177056662734
2025-01-10,0.9768015179700853,0.34651616429712606,0.6302853536729592
2025-01-13,0.9777836946643309,0.34506311629536573,0.6327205783689651
2025-01-14,1.0101908792213432,0.3341328631511102,0.676058016070233
2025-01-15,1.078881584325932,0.2792326349445125,0.7996489493814196
2025-01-16,1.0554677139172972,0.25350067004251464,0.8019670438747826
2025-01-17,1.063559298467688,0.23876152523597638,0.8247977732317117
2025-01-20,1.0760346138130643,0.2157869561593187,0.8602476576537457
2025-01-21,1.0330296041143754,0.20243118374213043,0.830598420372245
2025-01-22,1.0696746731275346,0.18525480995134994,0.8844198631761847
2025-01-23,1.0585895705771855,0.17414252448519393,0.8844470460919915
2025-01-24,1.102524722615004,0.1607196023151085,0.9418051202998954
2025-01-27,1.0916723091600176,0.1557430323518123,0.9359292768082053
2025-02-05,1.0931574858923476,0.1413500076853079,0.9518074782070397
2025-02-06,1.2256767127792483,0.11582355327414831,1.1098531595051
2025-02-07,1.2318326063654188,0.10073494918441617,1.1310976571810025
2025-02-10,1.1987204832626588,0.08846385144223737,1.1102566318204214
2025-02-11,1.0681644002277721,0.08512035057443888,0.9830440496533333
2025-02-12,1.0017931913428517,0.08577416497804748,0.9160190263648043
2025-02-13,1.0072014351049212,0.08614608364402761,0.9210553514608936
2025-02-14,0.9815240016071177,0.08673750577321157,0.8947864958339061
2025-02-17,0.9863852088658059,0.08731606561417807,0.8990691432516279
2025-02-18,1.0030104697715525,0.08570556952208942,0.9173049002494631
2025-02-19,1.0079969693025828,0.08563282780785487,0.9223641414947279
2025-02-20,1.006258645351113,0.08764018353930782,0.9186184618118053
2025-02-21,0.9897480124282803,0.0887491354006597,0.9009988770276205
2025-02-24,1.000327052737275,0.0896369766143349,0.9106900761229401
2025-02-25,0.9834192325101496,0.08969309537655143,0.8937261371335982
2025-02-26,0.971565125626023,0.0896476044596784,0.8819175211663446
2025-02-27,0.9609922898233327,0.08934026721319599,0.8716520226101367
2025-02-28,0.9574513611265794,0.08891908905439765,0.8685322720721818
2025-03-03,0.9677704016421993,0.08885226385786843,0.8789181377843309
2025-03-04,0.9742791642460601,0.08906357439067676,0.8852155898553833
2025-03-05,0.9837947738017087,0.08915941281244892,0.8946353609892598
2025-03-06,0.9857725484440196,0.08978961171735535,0.8959829367266643
2025-03-07,1.0023837785535814,0.09072383476431159,0.9116599437892698
2025-03-10,0.9925403913898289,0.0918458401150541,0.9006945512747747
2025-03-11,0.9999627999256597,0.09230625125213508,0.9076565486735246
2025-03-12,0.9840997639049512,0.09361933616892865,0.8904804277360225
2025-03-13,0.9694861365834345,0.09540197269907942,0.8740841638843551
2025-03-14,0.9684399280579928,0.09631052846621178,0.872129399591781
2025-03-17,0.9454684620335482,0.09911272798179403,0.8463557340517541
2025-03-18,0.949293905458035,0.1033068196283348,0.8459870858297003
2025-03-19,0.9367711169385343,0.10914025016532851,0.8276308667732059
2025-03-20,0.9318720841096956,0.11418082650786475,0.8176912576018308
2025-03-21,0.9266310099378771,0.11950467824981777,0.8071263316880593
2025-03-24,0.9283532158931149,0.12118977132761648,0.8071634445654985
2025-03-25,0.9200921710023259,0.12200834881186334,0.7980838221904625
2025-03-26,0.9340080055209782,0.12398479395795324,0.8100232115630249
2025-03-27,0.9290566434701046,0.1268296640890731,0.8022269793810315
2025-03-28,0.9157986184662787,0.12988928180644438,0.7859093366598344
2025-03-31,0.9214967815498301,0.13531533787559397,0.786181443674236
2025-04-01,0.9415439861921351,0.13855855438122922,0.8029854318109059
2025-04-02,0.9432746675603549,0.1449217805048175,0.7983528870555374
2025-04-03,0.9473997336890593,0.15173569105407997,0.7956640426349793
2025-04-07,0.9317903327352721,0.16306230232608823,0.7687280304091839
2025-04-08,0.9262183410461815,0.1763522337079422,0.7498661073382393
2025-04-09,0.9148022310472448,0.1902790468094684,0.7245231842377764
2025-04-10,0.9177516120445,0.19919005217592198,0.718561559868578
2025-04-11,0.9178659016238441,0.20659360087024484,0.7112723007535993
2025-04-14,0.9165420956794157,0.21325391252503673,0.7032881831543789
2025-04-15,0.8919014420857564,0.2174002515470043,0.6745011905387521
2025-04-16,0.8813851401834669,0.22394638754410812,0.6574387526393588
2025-04-17,0.8853274072392031,0.22974224100073118,0.655585166238472
2025-04-18,0.8913317663986865,0.23847566560303793,0.6528561007956486
2025-04-21,0.8883332510569235,0.24169927751981907,0.6466339735371045
2025-04-22,0.8638308901193446,0.24447556358963332,0.6193553265297113
2025-04-23,0.8740769536565164,0.2447530294546319,0.6293239242018844
2025-04-24,0.8600513450570842,0.2445631613297193,0.6154881837273649
2025-04-25,0.8533624737111766,0.2459724961579889,0.6073899775531877
2025-04-28,0.8476140322717344,0.24405843096344532,0.603555601308289
2025-04-29,0.840590311473205,0.24419418614401758,0.5963961253291874
2025-04-30,0.838872642306354,0.2430379157332755,0.5958347265730786
2025-05-06,0.782129680177938,0.2431090994842215,0.5390205806937165
2025-05-07,0.7899686137925666,0.25947614187242335,0.5304924719201431
2025-05-08,0.8536278345029611,0.29414957203630515,0.5594782624666559
2025-05-09,0.8615543623846504,0.3381246097190135,0.523429752665637
2025-05-12,0.8796483941222792,0.35184249047829136,0.5278059036439879
2025-05-13,0.8627188042228697,0.3532500996622458,0.5094687045606239
2025-05-14,0.8667576807592993,0.3548472147103693,0.51191046604893
2025-05-15,0.8730342018685032,0.35486159197198436,0.5181726098965189
2025-05-16,0.877139641961654,0.3558888334173407,0.5212508085443133
2025-05-19,0.8762165140921829,0.35783074220821315,0.5183857718839697
2025-05-20,0.8598388542020645,0.359860000525007,0.4999788536770575
2025-05-21,0.863237551270092,0.35824647628170725,0.5049910749883848
2025-05-22,0.9306665522026388,0.3541234102346423,0.5765431419679965
2025-05-23,0.8446363198682305,0.3515519582235077,0.4930843616447228
2025-05-26,0.8392424615454275,0.35445630772544384,0.48478615381998363
2025-05-27,0.8289572791525549,0.3516756644173876,0.4772816147351673
2025-05-28,0.8294185280268548,0.3495317560369849,0.4798867719898699
2025-05-29,0.8008882437290374,0.34233428699218127,0.45855395673685617
2025-05-30,0.7883323775782775,0.3380740262927133,0.45025835128556413
2025-06-03,0.7789230039554624,0.33793291213188065,0.4409900918235818
2025-06-04,0.7945331880395853,0.3375965786209477,0.45693660941863756
2025-06-05,0.7923168877574985,0.3366998500362097,0.4556170377212888
2025-06-06,0.8071711664718222,0.34088717257548734,0.46628399389633485
2025-06-09,0.8103535911536501,0.34599568493668675,0.4643579062169634
2025-06-10,0.8082036641367395,0.35424968732450823,0.45395397681223126
2025-06-11,0.7852289631243692,0.35480472288656817,0.430424240237801
2025-06-12,0.7719907452350665,0.35022764950326307,0.42176309573180343
2025-06-13,0.78824858632047,0.34590764122952383,0.4423409450909462
2025-06-16,0.8172367511901379,0.34425462732581813,0.4729821238643198
2025-06-17,0.8053115304371808,0.3447249214760868,0.46058660896109405
2025-06-18,0.8112086447369329,0.3457667367801699,0.465441907956763
2025-06-19,0.8210014325138412,0.3458030607237854,0.47519837179005575
2025-06-20,0.8304475345515685,0.34662294134986454,0.48382459320170396
2025-06-23,0.8280687648170024,0.3431272818173401,0.48494148299966233
2025-06-24,0.8159225967217967,0.3369799059430145,0.47894269077878215
2025-06-25,0.848103674745133,0.33295504171796836,0.5151486330271646
2025-06-26,0.8562294301877238,0.32683981573976767,0.5293896144479562
2025-06-27,0.8477966916253868,0.3191106408740033,0.5286860507513835
2025-06-30,0.8375303840297628,0.3136242922996184,0.5239060917301444
2025-07-01,0.8303639993559689,0.3071354105026653,0.5232285888533037
2025-07-02,0.8471206883107997,0.29943414161499327,0.5476865466958064
2025-07-03,0.8393733876380322,0.29218716137187595,0.5471862262661562
2025-07-04,0.8203630715224731,0.29398700975990155,0.5263760617625716
2025-07-07,0.8239845400532807,0.3013218201571484,0.5226627198961322
2025-07-08,0.8243111254848652,0.3085465659585134,0.5157645595263518
2025-07-09,0.8452252605863507,0.31243163412948294,0.5327936264568678
2025-07-10,0.8564019487143564,0.32309459228683496,0.5333073564275215
2025-07-11,0.8355452063229769,0.3351318695277617,0.5004133367952153
2025-07-14,0.8448375296913019,0.3430857641373541,0.5017517655539478
2025-07-15,0.8513455033371171,0.35040733621415665,0.5009381671229605
2025-07-16,0.843512903493048,0.3581814588962667,0.4853314445967813
2025-07-17,0.8499706636939707,0.3730576272026686,0.47691303649130207
2025-07-18,0.8477296186631578,0.3858380600379652,0.46189155862519254
2025-07-21,0.863925085715956,0.40967996614368213,0.4542451195722739
2025-07-22,0.8727885565709446,0.44847287275068115,0.4243156838202634
2025-07-23,0.8585929301146198,0.47430691341170605,0.38428601670291374
2025-07-24,0.8578108729658372,0.5006449325604778,0.35716594040535943
2025-07-25,0.9810437962995258,0.47227532103962766,0.5087684752598981
2025-07-28,0.8963340196398956,0.4770774973437964,0.41925652229609917
2025-07-29,0.9256085524344294,0.48559319462228506,0.44001535781214435
2025-07-30,0.9063902974447737,0.5016485372976626,0.40474176014711116
2025-07-31,0.8823071175125626,0.5100445394886581,0.3722625780239045
2025-08-01,0.8867838905218469,0.5116323405412092,0.3751515499806377
2025-08-04,0.8903515420851026,0.5128129249033841,0.37753861718171844
2025-08-05,0.8972529751038312,0.5165722979483706,0.3806806771554606
2025-08-06,0.9227025172145452,0.5128261292763575,0.4098763879381877
2025-08-07,0.9133305200952331,0.5113522044502955,0.4019783156449376
2025-08-08,0.9133766521238439,0.5096005325313895,0.4037761195924544
2025-08-11,0.9202030286456829,0.5091453342388471,0.4110576944068358
2025-08-12,0.9203645762674378,0.5091964105268723,0.4111681657405656
2025-08-13,0.9187094663160343,0.5065726946196573,0.4121367716963771
2025-08-14,0.9208024440642767,0.5025189388515044,0.41828350521277224
2025-08-15,0.9137140011470364,0.508190178001217,0.40552382314581936
2025-08-18,0.9240431227044406,0.5021924247368054,0.4218506979676352
2025-08-19,0.8702468762875661,0.5010549295780665,0.3691919467094996
2025-08-20,0.8450204532114466,0.4995319298950603,0.3454885233163863
