date,pair,signal,z_score,innovation,beta,days_held,reason,phase
2024-08-09,CU-SN,open_short,2.367332407169196,15603.095359422878,3.3702438465931763,1,z_threshold,signal_period
2024-08-12,CU-SN,holding_short,2.0365124502781478,14612.422398518887,3.374456328084808,2,holding,signal_period
2024-08-13,CU-SN,holding_short,1.3825846134241069,10529.413373519785,3.3771250899481235,3,holding,signal_period
2024-08-14,CU-SN,holding_short,1.62222772328683,12580.337360885344,3.38016224999169,4,holding,signal_period
2024-08-15,CU-SN,holding_short,1.7045086620236598,13648.926104994112,3.383261973119039,5,holding,signal_period
2024-08-16,CU-SN,holding_short,1.4558161634976263,12099.42904547992,3.385833122841068,6,holding,signal_period
2024-08-19,CU-SN,holding_short,1.5829516803335215,13450.191917190328,3.3885362908130534,7,holding,signal_period
2024-08-20,CU-SN,holding_short,1.608590183400605,14076.33607586744,3.391173589645774,8,holding,signal_period
2024-08-21,CU-SN,holding_short,1.6045771547379737,14483.463545289414,3.3937060715761134,9,holding,signal_period
2024-08-22,CU-SN,holding_short,1.7597301051287255,16379.694062467895,3.3963775784609336,10,holding,signal_period
2024-08-23,CU-SN,holding_short,1.8625374402333044,18051.162279851065,3.399058823801404,11,holding,signal_period
2024-08-26,CU-SN,holding_short,1.0558765074779457,10730.846877910632,3.40053142635885,12,holding,signal_period
2024-08-27,CU-SN,holding_short,1.1708530345008403,11928.567931968571,3.4021488632885526,13,holding,signal_period
2024-08-28,CU-SN,holding_short,1.185684545384966,12170.470027169387,3.403758111930713,14,holding,signal_period
2024-08-29,CU-SN,holding_short,1.104961587654232,11434.949774073,3.4052305384419803,15,holding,signal_period
2024-08-30,CU-SN,holding_short,1.070211299403842,11126.095724473123,3.4066445610446423,16,holding,signal_period
2024-09-02,CU-SN,holding_short,0.5294508639728566,5520.73227978358,3.4073331382432106,17,holding,signal_period
2024-09-03,CU-SN,holding_short,0.5993889515439529,6159.830661938322,3.408112683574135,18,holding,signal_period
2024-09-04,CU-SN,close,0.3250880368158113,3297.850043622573,3.4085322753299523,0,z_threshold,signal_period
2024-11-27,CU-SN,open_long,-2.243038299670113,-14949.39355485083,3.378396643359993,1,z_threshold,signal_period
2024-11-28,CU-SN,holding_long,-2.2249893568837003,-15982.055422732228,3.37602010699034,2,holding,signal_period
2024-11-29,CU-SN,holding_long,-1.279535295131488,-9892.126365589997,3.3747566534286983,3,holding,signal_period
2024-12-02,CU-SN,holding_long,-0.9364629266335698,-7332.580515124719,3.373849446654615,4,holding,signal_period
2024-12-03,CU-SN,holding_long,-0.9195263250531448,-7183.951740970399,3.372953000982524,5,holding,signal_period
2024-12-04,CU-SN,holding_long,-1.0932383331333817,-8516.571359740163,3.3718823565379714,6,holding,signal_period
2024-12-05,CU-SN,holding_long,-1.0120255915022198,-7915.727996366069,3.370902348696553,7,holding,signal_period
2024-12-06,CU-SN,holding_long,-1.0277959820484308,-8044.491821560339,3.369909321228204,8,holding,signal_period
2024-12-09,CU-SN,holding_long,-0.9514489510908172,-7456.535467842099,3.368995286465509,9,holding,signal_period
2024-12-10,CU-SN,holding_long,-0.6280334431387705,-4913.636186976073,3.368390202601333,10,holding,signal_period
2024-12-11,CU-SN,holding_long,-0.755101085802633,-5837.069314799242,3.3676533462482183,11,holding,signal_period
2024-12-12,CU-SN,close,-0.3432327037295734,-2630.782614933356,3.36731726815113,0,z_threshold,signal_period
2025-03-14,CU-SN,open_short,4.673560411851991,18683.878284456267,3.357186453042252,1,z_threshold,signal_period
2025-03-17,CU-SN,holding_short,2.568540568802455,13906.946053058724,3.3592258848643968,2,holding,signal_period
2025-03-18,CU-SN,holding_short,1.870440192809486,11205.16008770262,3.360554917383737,3,holding,signal_period
2025-03-19,CU-SN,holding_short,1.7204730158823722,10811.932366513822,3.3617242476687648,4,holding,signal_period
2025-03-20,CU-SN,holding_short,1.0299015582262492,6722.615711010178,3.362401973207347,5,holding,signal_period
2025-03-21,CU-SN,holding_short,0.9074785399934386,5930.97343049472,3.362988879021619,6,holding,signal_period
2025-03-24,CU-SN,close,0.3369438926966985,2194.9603760052705,3.363210188287193,0,z_threshold,signal_period
2025-03-31,CU-SN,open_short,2.050803306402378,13413.212022477004,3.3669119867396238,1,z_threshold,signal_period
2025-04-01,CU-SN,holding_short,2.4415772759098453,16964.814228719508,3.36835984054348,2,holding,signal_period
2025-04-02,CU-SN,holding_short,3.773510393422985,28705.507817639736,3.3703861977857668,3,holding,signal_period
2025-04-03,CU-SN,holding_short,2.3852313046412204,22441.21638183418,3.3714076875336514,4,holding,signal_period
2025-04-07,CU-SN,holding_short,1.9647849954969248,20142.332101928856,3.3721369550068103,5,holding,signal_period
2025-04-08,CU-SN,holding_short,1.78904743106996,19362.57991993506,3.3727713374020505,6,holding,signal_period
2025-04-09,CU-SN,holding_short,0.9960194886771528,11244.446146390808,3.373108415369485,7,holding,signal_period
2025-04-10,CU-SN,close,0.3176427121957876,3585.9828120968014,3.3732221685303725,0,z_threshold,signal_period
2025-02-06,RB-SM,open_short,2.948879084745587,781.2615732682443,1.931711059498464,1,z_threshold,signal_period
2025-02-07,RB-SM,holding_short,2.6116983983470488,791.4275367841165,1.934807599537366,2,holding,signal_period
2025-02-10,RB-SM,holding_short,2.0344858641617245,684.6085139342931,1.9369492511709083,3,holding,signal_period
2025-02-11,RB-SM,holding_short,0.8110015722921742,289.5334221328976,1.937736343133273,4,holding,signal_period
2025-02-12,RB-SM,close,0.1472503558022857,52.21945284847152,1.9378804349958203,0,z_threshold,signal_period
2025-05-06,RB-SM,open_long,-2.262147932915564,-359.30172626864714,1.917158762515652,1,z_threshold,signal_period
2025-05-07,RB-SM,holding_long,-2.05150483595397,-351.76813039723766,1.9152896826226404,2,holding,signal_period
2025-05-08,RB-SM,holding_long,-0.5566044909855917,-101.38010780091643,1.9148245726565285,3,holding,signal_period
2025-05-09,RB-SM,close,-0.2484414026202403,-44.625990781074506,1.9146179862897168,0,z_threshold,signal_period
2025-03-10,SF-AL,open_short,2.0138511200009384,1550.1939462574228,3.2200908319685864,1,z_threshold,signal_period
2025-03-11,SF-AL,holding_short,1.7466652527004534,1424.5298506995823,3.2217010663213648,2,holding,signal_period
2025-03-12,SF-AL,holding_short,2.0047904959174603,1700.9123544649665,3.223460414008152,3,holding,signal_period
2025-03-13,SF-AL,holding_short,1.8965834571257605,1703.6646650208022,3.2250272214990816,4,holding,signal_period
2025-03-14,SF-AL,holding_short,1.6064365466766015,1516.359755475496,3.226302719986524,5,holding,signal_period
2025-03-17,SF-AL,holding_short,1.454940285008473,1416.2541187144125,3.2274246165355724,6,holding,signal_period
2025-03-18,SF-AL,holding_short,1.3251965029072186,1318.5470178640098,3.22841893706116,7,holding,signal_period
2025-03-19,SF-AL,holding_short,1.4080989272158604,1422.149416736349,3.229453501137521,8,holding,signal_period
2025-03-20,SF-AL,holding_short,1.4903431320670784,1534.6656704279958,3.230531765753648,9,holding,signal_period
2025-03-21,SF-AL,holding_short,1.3727214694093164,1447.7442480056015,3.2314970684808624,10,holding,signal_period
2025-03-24,SF-AL,holding_short,1.2659735149302036,1358.715137265972,3.2323787589896438,11,holding,signal_period
2025-03-25,SF-AL,holding_short,1.255428560080501,1363.634101916996,3.233241209685601,12,holding,signal_period
2025-03-26,SF-AL,holding_short,1.2084722886513255,1327.782627545519,3.234065058440585,13,holding,signal_period
2025-03-27,SF-AL,holding_short,1.3234867664890828,1467.5775151993655,3.2349578121085165,14,holding,signal_period
2025-03-28,SF-AL,holding_short,1.0630860245865863,1196.5110751526229,3.235666607792375,15,holding,signal_period
2025-03-31,SF-AL,holding_short,1.0679816092695291,1205.2069432716708,3.2363732629537094,16,holding,signal_period
2025-04-01,SF-AL,holding_short,1.0696700475320444,1210.5953832913146,3.2370811655497094,17,holding,signal_period
2025-04-02,SF-AL,holding_short,1.0587832542709816,1201.791425870324,3.237777498697472,18,holding,signal_period
2025-04-03,SF-AL,holding_short,0.9867547442001692,1122.8287684379757,3.238427049572432,19,holding,signal_period
2025-04-07,SF-AL,holding_short,0.5905326262895759,671.6289250942282,3.238811030605337,20,holding,signal_period
2025-04-08,SF-AL,close,0.367905203831857,412.9852138474416,3.2390560382407423,0,z_threshold,signal_period
2025-02-05,AG-ZN,open_long,-3.0297679081684654,-2668.7447894513134,3.185874419267108,1,z_threshold,signal_period
2025-02-06,AG-ZN,holding_long,-1.9978136083197109,-2027.4627151270035,3.183201025326803,2,holding,signal_period
2025-02-07,AG-ZN,holding_long,-1.5961107094406135,-1714.2684041154207,3.181191372336001,3,holding,signal_period
2025-02-10,AG-ZN,holding_long,-1.729238946680271,-1914.1931548312168,3.1790862080308497,4,holding,signal_period
2025-02-11,AG-ZN,holding_long,-1.4649020800229675,-1684.9962093013855,3.1773952449613585,5,holding,signal_period
2025-02-12,AG-ZN,holding_long,-1.350409774185586,-1588.7183212936652,3.1758770158138985,6,holding,signal_period
2025-02-13,AG-ZN,holding_long,-1.4960980182877168,-1789.2198688673234,3.1742143808722454,7,holding,signal_period
2025-02-14,AG-ZN,holding_long,-1.7591500856730309,-2156.009386930531,3.1722578070233096,8,holding,signal_period
2025-02-17,AG-ZN,holding_long,-1.2905667301999344,-1646.5348221421737,3.170921974034861,9,holding,signal_period
2025-02-18,AG-ZN,holding_long,-1.3847336183325747,-1790.3428394352304,3.169498974340484,10,holding,signal_period
2025-02-19,AG-ZN,holding_long,-1.4485302102340625,-1907.1913905093752,3.168029400137266,11,holding,signal_period
2025-02-20,AG-ZN,holding_long,-1.293770636708424,-1740.666984317737,3.166743842316821,12,holding,signal_period
2025-02-21,AG-ZN,holding_long,-1.2684615215942388,-1729.65820432685,3.165495468955136,13,holding,signal_period
2025-02-24,AG-ZN,holding_long,-1.2243135981330822,-1689.8905064044775,3.1642962631944624,14,holding,signal_period
2025-02-25,AG-ZN,holding_long,-1.3275031576712046,-1850.6851659200477,3.1630076105788687,15,holding,signal_period
2025-02-26,AG-ZN,holding_long,-1.0698755874939505,-1514.18029073875,3.161989284535159,16,holding,signal_period
2025-02-27,AG-ZN,holding_long,-1.0655771075524176,-1512.649547922345,3.1609685470250803,17,holding,signal_period
2025-02-28,AG-ZN,holding_long,-1.0445429412934533,-1486.9915542228557,3.1599567659367773,18,holding,signal_period
2025-03-03,AG-ZN,holding_long,-0.9177175924356854,-1309.0673557577977,3.1590473780395616,19,holding,signal_period
2025-03-04,AG-ZN,holding_long,-1.0604607833723307,-1508.2041779821957,3.1579655817569225,20,holding,signal_period
2025-03-05,AG-ZN,holding_long,-1.198116181446023,-1708.5726858991766,3.1567147232785904,21,holding,signal_period
2025-03-06,AG-ZN,holding_long,-1.0917612951136235,-1570.7562596972675,3.155552915113354,22,holding,signal_period
2025-03-07,AG-ZN,holding_long,-1.0786486872437473,-1558.1024816426434,3.154388475153341,23,holding,signal_period
2025-03-10,AG-ZN,holding_long,-1.178186323106999,-1707.7540026690986,3.15309503770526,24,holding,signal_period
2025-03-11,AG-ZN,holding_long,-1.028886210481879,-1503.0761821608576,3.151961502917674,25,holding,signal_period
2025-03-12,AG-ZN,holding_long,-1.1666184991415816,-1706.6908084462448,3.150640393979515,26,holding,signal_period
2025-03-13,AG-ZN,holding_long,-1.1496931459364292,-1694.4218945774228,3.1493131277275337,27,holding,signal_period
2025-03-14,AG-ZN,holding_long,-1.538429261866051,-2282.7293945750607,3.1474651289956386,28,holding,signal_period
2025-03-17,AG-ZN,holding_long,-1.4079688653240028,-2145.864850721875,3.145792514057021,29,holding,signal_period
2025-03-18,AG-ZN,holding_long,-1.6759878233340786,-2604.563726778586,3.143799220688258,30,holding,signal_period
2025-03-19,AG-ZN,close,-1.5481950980058468,-2491.949344725599,3.1419855429056875,0,force_close,signal_period
2024-10-21,AG-PB,open_long,-2.11545153207851,-2438.8571566496103,2.291829069039584,1,z_threshold,signal_period
2024-10-22,AG-PB,holding_long,-1.899550440134734,-2337.6709636716514,2.286720643229567,2,holding,signal_period
2024-10-23,AG-PB,holding_long,-1.8330259258926145,-2371.176130796696,2.282082194069695,3,holding,signal_period
2024-10-24,AG-PB,holding_long,-1.4455087012231724,-1956.1715705588176,2.278674271408524,4,holding,signal_period
2024-10-25,AG-PB,holding_long,-1.329144610944728,-1837.5907098371968,2.275668893281881,5,holding,signal_period
2024-10-28,AG-PB,holding_long,-1.397932815405517,-1962.73103993688,2.2725547533435884,6,holding,signal_period
2024-10-29,AG-PB,holding_long,-1.5729219094801443,-2250.848728386012,2.26911742159638,7,holding,signal_period
2024-10-30,AG-PB,holding_long,-1.491977111178565,-2197.6076576796586,2.2659593964249773,8,holding,signal_period
2024-10-31,AG-PB,holding_long,-1.284457513239729,-1937.7038491947824,2.2633765097586025,9,holding,signal_period
2024-11-01,AG-PB,holding_long,-0.8128636403216958,-1242.0366330237266,2.2618082728079743,10,holding,signal_period
2024-11-04,AG-PB,holding_long,-0.8608066776938614,-1306.6406882640622,2.2601363520555298,11,holding,signal_period
2024-11-05,AG-PB,holding_long,-0.8971904981645441,-1355.0162101432288,2.2583971427385934,12,holding,signal_period
2024-11-06,AG-PB,holding_long,-0.6204163901545157,-933.262292134532,2.25722774678849,13,holding,signal_period
2024-11-07,AG-PB,close,-0.3515223551134823,-522.269841139725,2.256567225780055,0,z_threshold,signal_period
2025-06-06,AG-PB,open_long,-2.4065073780156228,-2061.3320380144905,2.1218507375922973,1,z_threshold,signal_period
2025-06-09,AG-PB,holding_long,-2.326698154272663,-2175.930889896943,2.12026969302481,2,holding,signal_period
2025-06-10,AG-PB,holding_long,-1.9752123468436469,-2003.838682717018,2.119037196177481,3,holding,signal_period
2025-06-11,AG-PB,holding_long,-1.91922867800882,-2057.1455006242286,2.117902293969596,4,holding,signal_period
2025-06-12,AG-PB,holding_long,-1.6127984572343272,-1819.1939570132272,2.1170044907640646,5,holding,signal_period
2025-06-13,AG-PB,holding_long,-1.470059619772786,-1710.5846760237146,2.116213110346576,6,holding,signal_period
2025-06-16,AG-PB,holding_long,-1.5137510502322815,-1802.058603231704,2.1154100157376368,7,holding,signal_period
2025-06-17,AG-PB,holding_long,-1.5700677459799204,-1916.9234152588688,2.114596374685601,8,holding,signal_period
2025-06-18,AG-PB,holding_long,-1.8702207643158064,-2349.687177581618,2.113634044223903,9,holding,signal_period
2025-06-19,AG-PB,holding_long,-1.3284415575249993,-1750.3804541540085,2.112997547199062,10,holding,signal_period
2025-06-20,AG-PB,holding_long,-1.1385579640057102,-1522.9765076480253,2.112468539841515,11,holding,signal_period
2025-06-23,AG-PB,holding_long,-1.226096248473434,-1649.9264037018002,2.1118941163882,12,holding,signal_period
2025-06-24,AG-PB,holding_long,-1.1367774190111364,-1545.134726311895,2.1113677315262187,13,holding,signal_period
2025-06-25,AG-PB,holding_long,-0.943790211041721,-1290.3728432865537,2.110933041779201,14,holding,signal_period
2025-06-26,AG-PB,holding_long,-1.0262589901529355,-1400.1781729713657,2.110454487774092,15,holding,signal_period
2025-06-27,AG-PB,holding_long,-1.084680491283448,-1481.5509928630818,2.1099485022816724,16,holding,signal_period
2025-06-30,AG-PB,holding_long,-0.978397122963624,-1341.1618052567355,2.109494209450314,17,holding,signal_period
2025-07-01,AG-PB,holding_long,-1.118112420507387,-1531.4896128877808,2.108970822066143,18,holding,signal_period
2025-07-02,AG-PB,holding_long,-0.9610718004305036,-1323.0146642569052,2.108525495116489,19,holding,signal_period
2025-07-03,AG-PB,holding_long,-1.211608526771647,-1665.5741578879788,2.107949220333741,20,holding,signal_period
2025-07-04,AG-PB,holding_long,-1.1304784602452924,-1568.6115158526154,2.107416983610772,21,holding,signal_period
2025-07-07,AG-PB,holding_long,-1.109215430488309,-1547.713847398365,2.1068993928505173,22,holding,signal_period
2025-07-08,AG-PB,holding_long,-1.2149556931398802,-1703.1848813891556,2.106330458521626,23,holding,signal_period
2025-07-09,AG-PB,holding_long,-1.1151192743321363,-1578.1155210052784,2.105815121707252,24,holding,signal_period
2025-07-10,AG-PB,holding_long,-1.0949846694058656,-1557.2536104459214,2.105309382325541,25,holding,signal_period
2025-07-11,AG-PB,holding_long,-1.3710631488325684,-1957.8253408622656,2.1046686849051115,26,holding,signal_period
2025-07-14,AG-PB,holding_long,-1.578054180280974,-2292.967548090619,2.103929302838201,27,holding,signal_period
2025-07-15,AG-PB,holding_long,-1.6543299916333123,-2474.566829059124,2.1031733371356705,28,holding,signal_period
2025-07-16,AG-PB,holding_long,-1.5185933432008758,-2349.191541246335,2.1025061837309957,29,holding,signal_period
2025-07-17,AG-PB,holding_long,-1.5286727794098416,-2425.909556374121,2.101848766392563,30,holding,signal_period
2025-07-18,AG-PB,close,-1.638986273431825,-2669.813801873064,2.1011523797759653,0,force_close,signal_period
2025-06-18,PB-AL,open_short,2.015368628833778,522.9287988808828,1.186424565023889,1,z_threshold,signal_period
2025-06-19,PB-AL,holding_short,1.15308235476627,317.09960829905685,1.1868186158270289,2,holding,signal_period
2025-06-20,PB-AL,holding_short,1.2132034896154344,335.8674652039008,1.1872213911833125,3,holding,signal_period
2025-06-23,PB-AL,holding_short,0.7627763329619391,213.22904337725777,1.1874697548393152,4,holding,signal_period
2025-06-24,PB-AL,close,0.4228684725952283,117.25133115424978,1.187606778952415,0,z_threshold,signal_period
2025-07-21,PB-AL,open_short,2.404253059066511,591.9204406980061,1.1912767059983638,1,z_threshold,signal_period
2025-07-22,PB-AL,holding_short,2.6383110947342607,709.039153122154,1.191900647836327,2,holding,signal_period
2025-07-23,PB-AL,holding_short,2.314657478559574,692.3401613863934,1.1923852132309498,3,holding,signal_period
2025-07-24,PB-AL,holding_short,1.816290964259505,588.83812459623,1.19273482573864,4,holding,signal_period
2025-07-25,PB-AL,holding_short,1.4999117819559422,508.2327045332858,1.1930106347707867,5,holding,signal_period
2025-07-28,PB-AL,holding_short,1.1931406379776952,414.3234217272002,1.1932232748209404,6,holding,signal_period
2025-07-29,PB-AL,holding_short,1.1902890163055615,416.8824626706228,1.193432691746848,7,holding,signal_period
2025-07-30,PB-AL,holding_short,1.2708844426338202,448.8709679832318,1.1936534999869488,8,holding,signal_period
2025-07-31,PB-AL,holding_short,1.5065619601606637,538.6537253066963,1.1939085753554166,9,holding,signal_period
2025-08-01,PB-AL,holding_short,1.3443286158299732,492.77627062628017,1.1941301508792646,10,holding,signal_period
2025-08-04,PB-AL,holding_short,1.2937160714334053,481.8881339882464,1.1943396606083652,11,holding,signal_period
2025-08-05,PB-AL,holding_short,1.3039470028347353,492.26999528341184,1.1945477921906795,12,holding,signal_period
2025-08-06,PB-AL,holding_short,1.2348346111942246,472.7398537868321,1.1947426760674758,13,holding,signal_period
2025-08-07,PB-AL,holding_short,1.3811036049463818,534.3336628190045,1.1949583286996273,14,holding,signal_period
2025-08-08,PB-AL,holding_short,1.3049949511764247,514.0267593110366,1.195157675467468,15,holding,signal_period
2025-08-11,PB-AL,holding_short,1.243497056403523,496.7101016526467,1.1953451231219168,16,holding,signal_period
2025-08-12,PB-AL,holding_short,1.1753854950594032,474.6684702284001,1.1955205002106182,17,holding,signal_period
2025-08-13,PB-AL,holding_short,1.2552876009250498,510.8530829926458,1.1957062700436027,18,holding,signal_period
2025-08-14,PB-AL,holding_short,1.4975059597352682,616.4423779344725,1.195923107267585,19,holding,signal_period
2025-08-15,PB-AL,holding_short,1.3839726688293936,583.7708045593354,1.1961193319987735,20,holding,signal_period
2025-08-18,PB-AL,holding_short,1.174363087710283,504.3867995938017,1.1962821265383152,21,holding,signal_period
2025-08-19,PB-AL,holding_short,0.9275021512922288,401.4180416240378,1.1964100210132316,22,holding,signal_period
2025-08-20,PB-AL,holding_short,1.1714086308394436,505.59889721294167,1.1965709932616022,23,holding,signal_period
2025-02-06,SM-PB,open_long,-2.2869062033462906,-2281.2136511308017,2.6567744876663357,1,z_threshold,signal_period
2025-02-07,SM-PB,holding_long,-1.9954100043159109,-2152.7487035402155,2.652650410644013,2,holding,signal_period
2025-02-10,SM-PB,holding_long,-1.5636680298775307,-1784.6692428914866,2.649679249535708,3,holding,signal_period
2025-02-11,SM-PB,close,-0.4079311816888556,-478.58478458091486,2.648982266613382,0,z_threshold,signal_period
2025-02-05,AG-AL,open_long,-2.558843889628573,-1024.737715139894,2.6158046739390164,1,z_threshold,signal_period
2025-02-06,AG-AL,holding_long,-1.5903420299546187,-703.9959431445459,2.613671947913658,2,holding,signal_period
2025-02-07,AG-AL,holding_long,-1.0083848971635323,-459.95405850727184,2.612383288145103,3,holding,signal_period
2025-02-10,AG-AL,holding_long,-1.1390438032018402,-519.8689482821792,2.610952836190404,4,holding,signal_period
2025-02-11,AG-AL,close,-0.3332031938445079,-152.9810294660092,2.6105485054769324,0,z_threshold,signal_period
2025-03-14,AG-AL,open_long,-2.239952988411844,-812.1659764665565,2.5956680123058904,1,z_threshold,signal_period
2025-03-17,AG-AL,holding_long,-2.0263435961746685,-791.6690056992411,2.593617934308738,2,holding,signal_period
2025-03-18,AG-AL,holding_long,-2.448033716312717,-1014.3559625628476,2.5913175648417623,3,holding,signal_period
2025-03-19,AG-AL,holding_long,-2.2813021618689056,-1035.5986784541892,2.589386242735624,4,holding,signal_period
2025-03-20,AG-AL,holding_long,-1.5917605188259136,-781.1072008635565,2.5881561256464023,5,holding,signal_period
2025-03-21,AG-AL,holding_long,-1.130380029529119,-571.4500096072625,2.587330013614638,6,holding,signal_period
2025-03-24,AG-AL,holding_long,-1.23286205899737,-626.8712134818452,2.586435769594229,7,holding,signal_period
2025-03-25,AG-AL,holding_long,-1.2986598092464918,-667.2875742695651,2.5855098441225244,8,holding,signal_period
2025-03-26,AG-AL,holding_long,-1.811248733852468,-943.6877885572576,2.5842265672698748,9,holding,signal_period
2025-03-27,AG-AL,holding_long,-1.5786047729676032,-859.3318000834915,2.583162026772859,10,holding,signal_period
2025-03-28,AG-AL,holding_long,-2.56833124643411,-1439.6944545621882,2.581461421331248,11,holding,signal_period
2025-03-31,AG-AL,holding_long,-2.455739726578434,-1523.0931336777758,2.5800001663877,12,holding,signal_period
2025-04-01,AG-AL,holding_long,-1.8898393753869345,-1284.7273058021856,2.578986160773605,13,holding,signal_period
2025-04-02,AG-AL,holding_long,-1.8204930608076475,-1299.8003245860891,2.5780608347169323,14,holding,signal_period
2025-04-03,AG-AL,holding_long,-1.4042472108751038,-1048.0233343680193,2.5773876030601643,15,holding,signal_period
2025-04-07,AG-AL,close,-0.0632258888739739,-48.08137570090548,2.57736024784549,0,z_threshold,signal_period
2025-04-16,AG-AL,open_long,-2.105204795145124,-1716.5667135194235,2.5729892318179526,1,z_threshold,signal_period
2025-04-17,AG-AL,holding_long,-1.6499399816298077,-1434.7867299028258,2.572319302876822,2,holding,signal_period
2025-04-18,AG-AL,holding_long,-1.5399509888113514,-1384.600451712697,2.571714060897259,3,holding,signal_period
2025-04-21,AG-AL,holding_long,-1.5566573135694162,-1437.6534371708658,2.5711111051667137,4,holding,signal_period
2025-04-22,AG-AL,holding_long,-1.4543396303799607,-1380.9152890112127,2.570567033901922,5,holding,signal_period
2025-04-23,AG-AL,holding_long,-1.3762780404052315,-1335.72059009409,2.5700608112037133,6,holding,signal_period
2025-04-24,AG-AL,holding_long,-1.5283884531099037,-1509.7909554337384,2.569500936951848,7,holding,signal_period
2025-04-25,AG-AL,holding_long,-1.351034172260335,-1369.8671576251909,2.569018718561712,8,holding,signal_period
2025-04-28,AG-AL,holding_long,-1.1304148558437952,-1164.962172727188,2.56862633921172,9,holding,signal_period
2025-04-29,AG-AL,holding_long,-1.2533802861562244,-1298.9400061334163,2.568190095024615,10,holding,signal_period
2025-04-30,AG-AL,holding_long,-1.1888646715522777,-1246.1285047181664,2.567781516260756,11,holding,signal_period
2025-05-06,AG-AL,holding_long,-1.4220672096798952,-1502.947745454112,2.56729250016029,12,holding,signal_period
2025-05-07,AG-AL,holding_long,-1.723150559478605,-1858.126796165914,2.5667093731819897,13,holding,signal_period
2025-05-08,AG-AL,holding_long,-1.2803641615173764,-1434.0113020682402,2.566299116345451,14,holding,signal_period
2025-05-09,AG-AL,holding_long,-1.3585655890731674,-1541.036721207798,2.565864255462204,15,holding,signal_period
2025-05-12,AG-AL,holding_long,-1.1890315861599845,-1371.4446917448877,2.565486032424505,16,holding,signal_period
2025-05-13,AG-AL,holding_long,-1.0586279846643414,-1231.1543665789177,2.5651516065530267,17,holding,signal_period
2025-05-14,AG-AL,holding_long,-0.7113006909115334,-829.2459912591075,2.5649281112894244,18,holding,signal_period
2025-05-15,AG-AL,close,-0.3706214665152501,-427.7853122751149,2.564812780965132,0,z_threshold,signal_period
2025-06-06,AG-AL,open_long,-2.258984260980548,-2718.289027202405,2.5589812393220788,1,z_threshold,signal_period
2025-06-09,AG-AL,holding_long,-2.2360462466101643,-2903.274886693704,2.5582653448961064,2,holding,signal_period
2025-06-10,AG-AL,holding_long,-2.071824284624109,-2897.3718014961887,2.55764923522733,3,holding,signal_period
2025-06-11,AG-AL,holding_long,-1.8054589584291605,-2686.093894266236,2.557142102624084,4,holding,signal_period
2025-06-12,AG-AL,holding_long,-1.499875549291105,-2330.168975601049,2.5567411149884944,5,holding,signal_period
2025-06-13,AG-AL,holding_long,-1.4504296615216192,-2309.0439097294693,2.5563625274692914,6,holding,signal_period
2025-06-16,AG-AL,holding_long,-1.514387518788906,-2463.607217801284,2.5559714882269837,7,holding,signal_period
2025-06-17,AG-AL,holding_long,-1.459999899828739,-2435.8665997741373,2.5556022957669366,8,holding,signal_period
2025-06-18,AG-AL,holding_long,-1.5835549696477749,-2701.286474718723,2.5552011528069416,9,holding,signal_period
2025-06-19,AG-AL,holding_long,-1.2409395472959164,-2179.727682015575,2.554902320179687,10,holding,signal_period
2025-06-20,AG-AL,holding_long,-1.0596127594374685,-1881.226400040392,2.554653288555697,11,holding,signal_period
2025-06-23,AG-AL,holding_long,-1.211424260650392,-2156.1109003036654,2.5543646607035946,12,holding,signal_period
2025-06-24,AG-AL,holding_long,-1.1831467227276342,-2125.42695022087,2.554085316836078,13,holding,signal_period
2025-06-25,AG-AL,holding_long,-1.131279812041244,-2048.4865726501703,2.553819710951601,14,holding,signal_period
2025-06-26,AG-AL,holding_long,-1.1778733175983005,-2144.8314148790705,2.553541367988976,15,holding,signal_period
2025-06-27,AG-AL,holding_long,-1.0930886723640505,-2005.8546162859384,2.5532841791759733,16,holding,signal_period
2025-06-30,AG-AL,holding_long,-1.0515328942155946,-1937.1441457513463,2.553037530601177,17,holding,signal_period
2025-07-01,AG-AL,holding_long,-1.0886665948658296,-2009.849449750167,2.552780367116769,18,holding,signal_period
2025-07-02,AG-AL,holding_long,-0.987736934720911,-1830.2895820261876,2.552548663127039,19,holding,signal_period
2025-07-03,AG-AL,holding_long,-1.235002098824464,-2287.4742743555144,2.5522510249614947,20,holding,signal_period
2025-07-04,AG-AL,holding_long,-1.2156022892281415,-2275.120362898866,2.5519607845275503,21,holding,signal_period
2025-07-07,AG-AL,holding_long,-1.255288418918632,-2371.7805028837797,2.551664324479659,22,holding,signal_period
2025-07-08,AG-AL,holding_long,-1.2537602419817728,-2396.0890319069517,2.551368626316393,23,holding,signal_period
2025-07-09,AG-AL,holding_long,-1.1784707846862026,-2277.857305217629,2.5510943179940773,24,holding,signal_period
2025-07-10,AG-AL,holding_long,-1.1025449733132162,-2147.66303609026,2.550838084514944,25,holding,signal_period
2025-07-11,AG-AL,holding_long,-1.262621479342304,-2470.1546333776314,2.5505407320600417,26,holding,signal_period
2025-07-14,AG-AL,holding_long,-1.5836883451094517,-3135.019373267234,2.5501639640021523,27,holding,signal_period
2025-07-15,AG-AL,holding_long,-1.5527733942054969,-3165.253352997533,2.5498031133650945,28,holding,signal_period
2025-07-16,AG-AL,holding_long,-1.404746293131746,-2943.2534726509366,2.5494867682055107,29,holding,signal_period
2025-07-17,AG-AL,holding_long,-1.4037229594906928,-2997.8827174596227,2.5491748289501026,30,holding,signal_period
2025-07-18,AG-AL,close,-1.456088280444799,-3169.5968958180965,2.548852385477512,0,force_close,signal_period
2024-07-23,SS-ZN,open_long,-2.181562332016043,-1021.2636788424206,1.711496392160583,1,z_threshold,signal_period
2024-07-24,SS-ZN,holding_long,-2.1808911774804027,-1095.3805833756742,1.7083084490924076,2,holding,signal_period
2024-07-25,SS-ZN,holding_long,-1.8700859097462648,-1006.9757573540046,1.7058654537793232,3,holding,signal_period
2024-07-26,SS-ZN,holding_long,-1.9273787089852132,-1089.0701984802545,1.7034838635453955,4,holding,signal_period
2024-07-29,SS-ZN,holding_long,-1.6758683563484782,-997.594329495143,1.7015282586001104,5,holding,signal_period
2024-07-30,SS-ZN,holding_long,-1.9428876603149892,-1198.0564061644473,1.6993621564905237,6,holding,signal_period
2024-07-31,SS-ZN,holding_long,-1.7432055647195943,-1133.7849721917955,1.697505721876249,7,holding,signal_period
2024-08-01,SS-ZN,holding_long,-1.8177502681708555,-1230.1012186292282,1.6956448947484155,8,holding,signal_period
2024-08-02,SS-ZN,holding_long,-1.5498710543647956,-1096.5251047347338,1.694128112453696,9,holding,signal_period
2024-08-05,SS-ZN,holding_long,-2.464489873954377,-1792.4142489336846,1.6917877572713411,10,holding,signal_period
2024-08-06,SS-ZN,holding_long,-2.046434560118101,-1632.6633957748563,1.69003323497715,11,holding,signal_period
2024-08-07,SS-ZN,holding_long,-2.0278310877624413,-1718.33839693751,1.688391792265297,12,holding,signal_period
2024-08-08,SS-ZN,holding_long,-1.7920188847658771,-1610.6209078074316,1.6870209675289702,13,holding,signal_period
2024-08-09,SS-ZN,holding_long,-0.905718813613956,-849.5037310643202,1.6863511405461054,14,holding,signal_period
2024-08-12,SS-ZN,close,-0.1180153193142048,-110.3116400018007,1.686263495060915,0,z_threshold,signal_period
2024-09-26,SS-ZN,open_short,2.048411518084808,1753.799329043828,1.708256447896922,1,z_threshold,signal_period
2024-09-27,SS-ZN,holding_short,2.0600789777522333,1873.9393844724764,1.7100254224838345,2,holding,signal_period
2024-09-30,SS-ZN,holding_short,1.217395589397887,1177.923600551967,1.7110611241371758,3,holding,signal_period
2024-10-08,SS-ZN,holding_short,1.2540079451344326,1225.4642491042505,1.7121397791832598,4,holding,signal_period
2024-10-09,SS-ZN,holding_short,1.0432068678606128,1031.4523550561898,1.7130490511609568,5,holding,signal_period
2024-10-10,SS-ZN,holding_short,0.7870036350835766,779.8335090407309,1.713752944974385,6,holding,signal_period
2024-10-11,SS-ZN,holding_short,1.2854369816441635,1264.5845792443652,1.7149466951426933,7,holding,signal_period
2024-10-14,SS-ZN,holding_short,1.153237991008477,1149.8086525622602,1.716037867059252,8,holding,signal_period
2024-10-15,SS-ZN,holding_short,0.9434495447472028,947.1455827141943,1.7169413125216284,9,holding,signal_period
2024-10-16,SS-ZN,holding_short,1.0772081668531126,1079.7396618175444,1.7180232627328285,10,holding,signal_period
2024-10-17,SS-ZN,holding_short,0.7477702385574247,752.1502387083601,1.7187865839070964,11,holding,signal_period
2024-10-18,SS-ZN,holding_short,1.2478736462943194,1244.7515992938495,1.7201192496123894,12,holding,signal_period
2024-10-21,SS-ZN,holding_short,1.2849157790686114,1296.75195021716,1.721534807756521,13,holding,signal_period
2024-10-22,SS-ZN,holding_short,1.4035202095935302,1435.2399933700726,1.7230916438407593,14,holding,signal_period
2024-10-23,SS-ZN,holding_short,1.564161256811348,1630.9165575327645,1.7248398947288592,15,holding,signal_period
2024-10-24,SS-ZN,holding_short,2.079701900633188,2231.804498104593,1.7272051343784078,16,holding,signal_period
2024-10-25,SS-ZN,holding_short,1.1410963087608996,1304.1387376699277,1.728472602566245,17,holding,signal_period
2024-10-28,SS-ZN,holding_short,0.959319962882118,1103.635839747221,1.729577164115336,18,holding,signal_period
2024-10-29,SS-ZN,holding_short,1.1467787303277512,1317.746405652244,1.7309381611524954,19,holding,signal_period
2024-10-30,SS-ZN,holding_short,1.0835957076276348,1253.689496316485,1.732266886997401,20,holding,signal_period
2024-10-31,SS-ZN,holding_short,1.413923899909264,1642.2689385505764,1.734043381537952,21,holding,signal_period
2024-11-01,SS-ZN,holding_short,0.960599290233586,1138.4797232472883,1.7352736705101357,22,holding,signal_period
2024-11-04,SS-ZN,holding_short,1.1392917929861046,1348.9609068694554,1.7367898533511843,23,holding,signal_period
2024-11-05,SS-ZN,holding_short,1.0953202530307105,1305.3107147615665,1.738287431862339,24,holding,signal_period
2024-11-06,SS-ZN,holding_short,1.1083723817084183,1326.7919983103711,1.7398417689068413,25,holding,signal_period
2024-11-07,SS-ZN,holding_short,1.0314944812596354,1241.3582647685107,1.741348847406427,26,holding,signal_period
2024-11-08,SS-ZN,holding_short,0.9661061438918586,1164.8031262912043,1.74280188119053,27,holding,signal_period
2024-11-11,SS-ZN,holding_short,1.0493621093006391,1264.1299748062993,1.7444238364380715,28,holding,signal_period
2024-11-12,SS-ZN,holding_short,1.0406976283886535,1256.862347321225,1.746070808388864,29,holding,signal_period
2024-11-13,SS-ZN,holding_short,0.8476821580904068,1025.954577203618,1.7474355466915172,30,holding,signal_period
2024-11-14,SS-ZN,close,0.8256090804012065,994.0487638615924,1.7487940257318948,0,force_close,signal_period
2024-11-27,SS-ZN,open_short,2.091550798243796,2729.7470805134253,1.7694601142829802,1,z_threshold,signal_period
2024-11-28,SS-ZN,holding_short,1.543018330989197,2146.2146470547814,1.7719153928499551,2,holding,signal_period
2024-11-29,SS-ZN,holding_short,1.4558982242894876,2080.773214260087,1.7741733761921694,3,holding,signal_period
2024-12-02,SS-ZN,holding_short,1.5760819134366988,2303.084645963874,1.7765737028626991,4,holding,signal_period
2024-12-03,SS-ZN,holding_short,1.2950526094910106,1948.5558645066997,1.7785164451320747,5,holding,signal_period
2024-12-04,SS-ZN,holding_short,1.4128492100978758,2154.824004040001,1.7805951607712984,6,holding,signal_period
2024-12-05,SS-ZN,holding_short,1.6239142321750966,2525.763546003087,1.7829008184854245,7,holding,signal_period
2024-12-06,SS-ZN,holding_short,1.5036443123678094,2414.596997575656,1.7849669160023374,8,holding,signal_period
2024-12-09,SS-ZN,holding_short,1.408439224897551,2318.661061656036,1.7868631165220352,9,holding,signal_period
2024-12-10,SS-ZN,holding_short,1.3459994390223706,2259.715082981424,1.7886555858671798,10,holding,signal_period
2024-12-11,SS-ZN,holding_short,1.3630124663954235,2325.506182876536,1.7904298196467234,11,holding,signal_period
2024-12-12,SS-ZN,holding_short,1.2994858546291197,2255.314544029614,1.7920917446758098,12,holding,signal_period
2024-12-13,SS-ZN,holding_short,1.2862706189904678,2263.14253354623,1.79369519642243,13,holding,signal_period
2024-12-16,SS-ZN,holding_short,1.2868878240439807,2293.9414622152945,1.7952639163253936,14,holding,signal_period
2024-12-17,SS-ZN,holding_short,1.181052222978853,2133.05146754791,1.7966783962124,15,holding,signal_period
2024-12-18,SS-ZN,holding_short,1.0026107765301877,1825.2095345900016,1.7978582137066446,16,holding,signal_period
2024-12-19,SS-ZN,holding_short,1.0108096354878298,1840.5606589896447,1.7990396529465145,17,holding,signal_period
2024-12-20,SS-ZN,holding_short,0.9738530596794178,1774.3346142886876,1.8001756283659325,18,holding,signal_period
2024-12-23,SS-ZN,holding_short,0.8579238291903549,1561.8821383284849,1.8011850237111076,19,holding,signal_period
2024-12-24,SS-ZN,holding_short,0.9668369017882644,1751.1181642345728,1.8023245143583624,20,holding,signal_period
2024-12-25,SS-ZN,holding_short,1.1130968986390275,2013.642114381088,1.8036286757747104,21,holding,signal_period
2024-12-26,SS-ZN,holding_short,1.0396187754857888,1890.0200840654,1.804840214878444,22,holding,signal_period
2024-12-27,SS-ZN,holding_short,0.9850152479122772,1793.8395417879074,1.8059763504135915,23,holding,signal_period
2024-12-30,SS-ZN,holding_short,0.977344364065192,1779.1698796433593,1.8071073725766265,24,holding,signal_period
2024-12-31,SS-ZN,holding_short,1.1085594801921652,2016.426416418366,1.8083787434501644,25,holding,signal_period
2025-01-02,SS-ZN,holding_short,1.1111359397670824,2030.4824616721123,1.809630361274164,26,holding,signal_period
2025-01-03,SS-ZN,holding_short,0.8291214816825798,1522.4021651219118,1.8105537580223552,27,holding,signal_period
2025-01-06,SS-ZN,holding_short,0.6657048563558234,1214.8959516484538,1.8113008210492731,28,holding,signal_period
2025-01-07,SS-ZN,holding_short,0.5875133991991032,1060.3694260763696,1.8119671307039575,29,holding,signal_period
2025-01-08,SS-ZN,close,0.3382391361272598,602.569744932458,1.812358958057664,0,z_threshold,signal_period
2025-02-06,AG-SM,open_short,2.109923118796778,637.7110978716037,0.8236333532264338,1,z_threshold,signal_period
2025-02-07,AG-SM,holding_short,1.9553117169065768,630.6144449889462,0.8249851323756556,2,holding,signal_period
2025-02-10,AG-SM,holding_short,1.4042028495148655,477.8720331034456,0.825894678273034,3,holding,signal_period
2025-02-11,AG-SM,close,0.1399826646090505,48.55826654687371,0.8259817472255183,0,z_threshold,signal_period
2025-03-17,AG-SM,open_long,-2.078610173938932,-613.4137064824345,0.8138631256845342,1,z_threshold,signal_period
2025-03-18,AG-SM,holding_long,-1.9987852630742424,-627.9559469809628,0.8127848867360427,2,holding,signal_period
2025-03-19,AG-SM,holding_long,-2.079929445988825,-691.6308720749021,0.8117336508214636,3,holding,signal_period
2025-03-20,AG-SM,holding_long,-1.889295232889566,-668.8294407558678,0.8108459686008281,4,holding,signal_period
2025-03-21,AG-SM,holding_long,-1.5471197667494745,-575.150210735329,0.8101701701189028,5,holding,signal_period
2025-03-24,AG-SM,holding_long,-1.4534704546251995,-555.3073618587568,0.8095520921294035,6,holding,signal_period
2025-03-25,AG-SM,holding_long,-1.444103193122937,-563.961251394705,0.8089537618608253,7,holding,signal_period
2025-03-26,AG-SM,holding_long,-1.5504925500971454,-618.682423374873,0.8083185132659715,8,holding,signal_period
2025-03-27,AG-SM,holding_long,-1.5459045556705666,-634.0351194278974,0.8077039985364087,9,holding,signal_period
2025-03-28,AG-SM,holding_long,-1.8857939663172352,-794.8597962328313,0.8069647934775974,10,holding,signal_period
2025-03-31,AG-SM,holding_long,-1.779476057488232,-787.5610469348585,0.8063028486282713,11,holding,signal_period
2025-04-01,AG-SM,holding_long,-1.402312428637187,-647.0144844320757,0.8058077924779872,12,holding,signal_period
2025-04-02,AG-SM,holding_long,-1.3128580432059227,-617.3997252257523,0.8053552816162801,13,holding,signal_period
2025-04-03,AG-SM,holding_long,-1.0886178060182357,-519.3220112354957,0.8049906522665262,14,holding,signal_period
2025-04-07,AG-SM,close,-0.2203384209102203,-105.46519284057376,0.8049230485217743,0,z_threshold,signal_period
2025-03-04,SF-SS,open_short,2.0264095292999125,547.445924855383,2.0872684907385284,1,z_threshold,signal_period
2025-03-05,SF-SS,holding_short,2.3683762375811868,678.4941547528742,2.0883115495915363,2,holding,signal_period
2025-03-06,SF-SS,holding_short,2.444102302173715,762.1234228582016,2.089297954157293,3,holding,signal_period
2025-03-07,SF-SS,holding_short,2.1871335926127786,746.844128338771,2.090100579642259,4,holding,signal_period
2025-03-10,SF-SS,holding_short,2.661251804123212,975.139988678522,2.0910006789346136,5,holding,signal_period
2025-03-11,SF-SS,holding_short,2.327203290792544,950.922944286207,2.091708114638662,6,holding,signal_period
2025-03-12,SF-SS,holding_short,2.4970778022242253,1106.838991596931,2.092402684322692,7,holding,signal_period
2025-03-13,SF-SS,holding_short,2.3572599216260115,1149.1392164195497,2.0929983483163257,8,holding,signal_period
2025-03-14,SF-SS,holding_short,1.9751654683964623,1047.051724169367,2.093467733418509,9,holding,signal_period
2025-03-17,SF-SS,holding_short,1.886059564335152,1056.3100282510622,2.093897941905337,10,holding,signal_period
2025-03-18,SF-SS,holding_short,1.628913725116086,957.859645846982,2.0942543211969884,11,holding,signal_period
2025-03-19,SF-SS,holding_short,1.7740937372535035,1077.2201834537243,2.0946326148859606,12,holding,signal_period
2025-03-20,SF-SS,holding_short,1.5340556519987032,970.7073516914916,2.0949516735114764,13,holding,signal_period
2025-03-21,SF-SS,holding_short,1.4825877837939243,963.244930712288,2.095257446416808,14,holding,signal_period
2025-03-24,SF-SS,holding_short,1.387619444167839,922.9576571352754,2.095545573357505,15,holding,signal_period
2025-03-25,SF-SS,holding_short,1.3581332199057785,919.962147066928,2.095828250637364,16,holding,signal_period
2025-03-26,SF-SS,holding_short,1.3736450554965571,946.1131088615856,2.0961168536660657,17,holding,signal_period
2025-03-27,SF-SS,holding_short,1.4458514812052052,1013.4086472753006,2.096421637919921,18,holding,signal_period
2025-03-28,SF-SS,holding_short,1.5257734721306393,1092.575284888333,2.0967478973143465,19,holding,signal_period
2025-03-31,SF-SS,holding_short,1.3657585580432152,1003.683146300058,2.097040372240034,20,holding,signal_period
2025-04-01,SF-SS,holding_short,1.5316889231661566,1145.0126653363805,2.097374459602417,21,holding,signal_period
2025-04-02,SF-SS,holding_short,1.5892789985304765,1219.6940864648386,2.0977220713317526,22,holding,signal_period
2025-04-03,SF-SS,holding_short,1.3568384779588196,1072.6803868802326,2.0980206535138435,23,holding,signal_period
2025-04-07,SF-SS,holding_short,0.8738466549253427,702.3952372772492,2.098215551232385,24,holding,signal_period
2025-04-08,SF-SS,holding_short,0.5546540077937133,443.75450482950873,2.098346674846167,25,holding,signal_period
2025-04-09,SF-SS,close,0.3563983047597308,281.18529978161314,2.0984361660690563,0,z_threshold,signal_period
2024-10-22,AG-SS,open_long,-2.07385051688084,-1447.6942753887852,1.8058379931118869,1,z_threshold,signal_period
2024-10-23,AG-SS,holding_long,-2.1020949064023355,-1561.6468714790062,1.8003668221160605,2,holding,signal_period
2024-10-24,AG-SS,holding_long,-1.4827191707468397,-1174.2397852886716,1.7968848958459496,3,holding,signal_period
2024-10-25,AG-SS,holding_long,-1.16952888527386,-948.14105452902,1.7942830266559755,4,holding,signal_period
2024-10-28,AG-SS,holding_long,-1.2169931886900731,-994.292859932044,1.7916197291278737,5,holding,signal_period
2024-10-29,AG-SS,holding_long,-1.4594896229141612,-1204.3358450177093,1.7884867043724857,6,holding,signal_period
2024-10-30,AG-SS,holding_long,-1.4400414733605251,-1215.2585597397847,1.7855003739343227,7,holding,signal_period
2024-10-31,AG-SS,holding_long,-1.1669784777943926,-1005.5991181816717,1.7832141850972163,8,holding,signal_period
2024-11-01,AG-SS,holding_long,-0.7152039382455703,-620.6444939732428,1.7818726644806095,9,holding,signal_period
2024-11-04,AG-SS,holding_long,-0.7820393485458158,-672.2058515926255,1.780402306263562,10,holding,signal_period
2024-11-05,AG-SS,holding_long,-0.7840049141450824,-668.7835087487292,1.7789381903742014,11,holding,signal_period
2024-11-06,AG-SS,close,-0.4235434843306294,-358.4253086551471,1.7781717220977935,0,z_threshold,signal_period
2025-06-06,AG-SS,open_long,-2.274639445511997,-1939.424264405176,1.649582628859363,1,z_threshold,signal_period
2025-06-09,AG-SS,holding_long,-2.248582677120393,-2071.3089396883097,1.6486016902801537,2,holding,signal_period
2025-06-10,AG-SS,holding_long,-2.238232868490857,-2222.8929802084003,1.6476975018013895,3,holding,signal_period
2025-06-11,AG-SS,holding_long,-1.9705602106420328,-2108.3122286140133,1.6469562431879357,4,holding,signal_period
2025-06-12,AG-SS,holding_long,-1.7488753137932795,-1976.144790774386,1.6463380382322157,5,holding,signal_period
2025-06-13,AG-SS,holding_long,-1.667837867536812,-1960.722727808132,1.6457718238190862,6,holding,signal_period
2025-06-16,AG-SS,holding_long,-1.6948562673987095,-2062.4035158462902,1.6452104971637709,7,holding,signal_period
2025-06-17,AG-SS,holding_long,-1.6926002938356068,-2135.507080587724,1.6446680265425986,8,holding,signal_period
2025-06-18,AG-SS,holding_long,-1.8328077619915288,-2397.311736619815,1.6440882178531624,9,holding,signal_period
2025-06-19,AG-SS,holding_long,-1.4464456376019523,-1979.19513955201,1.6436604103480337,10,holding,signal_period
2025-06-20,AG-SS,holding_long,-1.2830122408750202,-1793.5196740097615,1.6432942624824212,11,holding,signal_period
2025-06-23,AG-SS,holding_long,-1.465995513135582,-2075.747014264516,1.642874758229498,12,holding,signal_period
2025-06-24,AG-SS,holding_long,-1.3704273748008036,-1984.5854770178807,1.642491476506197,13,holding,signal_period
2025-06-25,AG-SS,holding_long,-1.2642015949305732,-1862.6890951806415,1.6421433350929215,14,holding,signal_period
2025-06-26,AG-SS,holding_long,-1.2584908664823984,-1876.4182963232288,1.6417968683241535,15,holding,signal_period
2025-06-27,AG-SS,holding_long,-1.2489695573182904,-1883.9033095063096,1.6414559971830398,16,holding,signal_period
2025-06-30,AG-SS,holding_long,-1.211266228718282,-1847.433353178212,1.6411289521647767,17,holding,signal_period
2025-07-01,AG-SS,holding_long,-1.2718694999526388,-1957.9878004042785,1.6407857338320404,18,holding,signal_period
2025-07-02,AG-SS,holding_long,-1.1258577954958915,-1754.5276863301806,1.6404867084814896,19,holding,signal_period
2025-07-03,AG-SS,holding_long,-1.3032365973900173,-2041.928331430061,1.6401332986083632,20,holding,signal_period
2025-07-04,AG-SS,holding_long,-1.2488618010414498,-1983.9344116456175,1.639799044876346,21,holding,signal_period
2025-07-07,AG-SS,holding_long,-1.2340984959452712,-1982.3520544550447,1.6394729763955251,22,holding,signal_period
2025-07-08,AG-SS,holding_long,-1.2458561272314432,-2022.1442866815469,1.639144026537576,23,holding,signal_period
2025-07-09,AG-SS,holding_long,-1.1455902880815652,-1879.867739919544,1.6388454953232503,24,holding,signal_period
2025-07-10,AG-SS,holding_long,-1.09483969911279,-1807.8381986275217,1.6385603062918128,25,holding,signal_period
2025-07-11,AG-SS,holding_long,-1.2687358891423015,-2103.394506348106,1.6382254150779776,26,holding,signal_period
2025-07-14,AG-SS,holding_long,-1.4038293607734147,-2355.7030288764945,1.6378513364628238,27,holding,signal_period
2025-07-15,AG-SS,holding_long,-1.413587181570273,-2417.7727003837754,1.637479737293186,28,holding,signal_period
2025-07-16,AG-SS,holding_long,-1.3167253655857776,-2296.667807998376,1.6371417882671035,29,holding,signal_period
2025-07-17,AG-SS,holding_long,-1.2826346208457842,-2269.8703171074867,1.636815550147276,30,holding,signal_period
2025-07-18,AG-SS,close,-1.3649309253373998,-2446.5838874262845,1.6364675389826218,0,force_close,signal_period
2025-02-05,AG-SF,open_long,-2.185492929409454,-384.80711178949787,0.8202601130339225,1,z_threshold,signal_period
2025-02-06,AG-SF,holding_long,-0.9530135218222534,-180.00199762611282,0.8195504058366176,2,holding,signal_period
2025-02-07,AG-SF,close,-0.4355895468203356,-82.1424020856175,0.8192337887487249,0,z_threshold,signal_period
2025-02-14,AG-SF,open_long,-2.5614224723344448,-488.8725372154922,0.814464021080248,1,z_threshold,signal_period
2025-02-17,AG-SF,holding_long,-1.4046541905491674,-296.2812692315765,0.8136826832922388,2,holding,signal_period
2025-02-18,AG-SF,holding_long,-1.615691105478781,-347.5013212301419,0.812808999574862,3,holding,signal_period
2025-02-19,AG-SF,holding_long,-1.8029982228496984,-400.2279134578384,0.8118725686018551,4,holding,signal_period
2025-02-20,AG-SF,holding_long,-1.696374859433913,-393.24900316827006,0.8110390642548452,5,holding,signal_period
2025-02-21,AG-SF,holding_long,-1.5766138069000215,-379.0160440080208,0.8103051560924597,6,holding,signal_period
2025-02-24,AG-SF,holding_long,-1.452210159412674,-359.401660616938,0.8096567798276499,7,holding,signal_period
2025-02-25,AG-SF,holding_long,-1.3082655976990292,-330.91255937333153,0.8090955017510284,8,holding,signal_period
2025-02-26,AG-SF,holding_long,-0.9238161327381356,-236.97790888002783,0.8087135116089513,9,holding,signal_period
2025-02-27,AG-SF,holding_long,-0.9326765822411744,-238.59667866195832,0.808329961980941,10,holding,signal_period
2025-02-28,AG-SF,holding_long,-0.9245955731208696,-235.94385779709864,0.8079540194109049,11,holding,signal_period
2025-03-03,AG-SF,holding_long,-1.0342587677260875,-263.230965666372,0.807533554775104,12,holding,signal_period
2025-03-04,AG-SF,holding_long,-1.2861936477841909,-327.89991855322023,0.8070122954677315,13,holding,signal_period
2025-03-05,AG-SF,holding_long,-1.5330866578967044,-396.0332775542738,0.8064000184253928,14,holding,signal_period
2025-03-06,AG-SF,holding_long,-1.6416778423112612,-435.5147057087179,0.8057608926432924,15,holding,signal_period
2025-03-07,AG-SF,holding_long,-1.5766158205500234,-432.2765970882401,0.8051716795349192,16,holding,signal_period
2025-03-10,AG-SF,holding_long,-1.7411772967903405,-491.4684832266612,0.8045428014309914,17,holding,signal_period
2025-03-11,AG-SF,holding_long,-1.4271102958215116,-418.9062070292312,0.8040536466509312,18,holding,signal_period
2025-03-12,AG-SF,holding_long,-1.7531077979579663,-525.2883635812223,0.8034618776125979,19,holding,signal_period
2025-03-13,AG-SF,holding_long,-1.8693430354663976,-583.0060166271232,0.8028535322700059,20,holding,signal_period
2025-03-14,AG-SF,holding_long,-2.1356660052722947,-698.7567761595028,0.8021749164018342,21,holding,signal_period
2025-03-17,AG-SF,holding_long,-1.9002904513433911,-664.6274172611829,0.8016134229061291,22,holding,signal_period
2025-03-18,AG-SF,holding_long,-1.92061534933022,-706.0383879881256,0.8010736261789809,23,holding,signal_period
2025-03-19,AG-SF,holding_long,-1.933198412676567,-747.9927112036257,0.8005575651356688,24,holding,signal_period
2025-03-20,AG-SF,holding_long,-1.7337539500113983,-706.6571951089754,0.8001196807740569,25,holding,signal_period
2025-03-21,AG-SF,holding_long,-1.4553476308920186,-616.527383396382,0.7997723495648734,26,holding,signal_period
2025-03-24,AG-SF,holding_long,-1.401964069532142,-607.1159576733262,0.7994432121813164,27,holding,signal_period
2025-03-25,AG-SF,holding_long,-1.4100313365462642,-622.3434403131469,0.7991182039474556,28,holding,signal_period
2025-03-26,AG-SF,holding_long,-1.5507628059827614,-697.9546347815985,0.7987624459944594,29,holding,signal_period
2025-03-27,AG-SF,holding_long,-1.5499145794568143,-716.9665231756708,0.7984159407965857,30,holding,signal_period
2025-03-28,AG-SF,close,-1.7122106679610023,-814.0680728558318,0.7980369625401746,0,force_close,signal_period
2025-02-06,HC-SM,open_short,3.032742245986419,862.3467432388334,1.8546312766545647,1,z_threshold,signal_period
2025-02-07,HC-SM,holding_short,2.6556756428834167,870.3069049543246,1.857326342506585,2,holding,signal_period
2025-02-10,HC-SM,holding_short,2.052790313268035,749.8445990515938,1.859177703394824,3,holding,signal_period
2025-02-11,HC-SM,holding_short,0.8746079218892633,339.40319382075086,1.859907115310677,4,holding,signal_period
2025-02-12,HC-SM,close,0.2206277815870805,85.23108204477285,1.860093047983409,0,z_threshold,signal_period
2025-05-06,HC-SM,open_long,-2.102716381345047,-349.63017168448005,1.8432888212746747,1,z_threshold,signal_period
2025-05-07,HC-SM,holding_long,-1.921137908750851,-340.709170371596,1.8414418442675848,2,holding,signal_period
2025-05-08,HC-SM,holding_long,-0.6742938997132143,-125.86635671686872,1.8408387317001773,3,holding,signal_period
2025-05-09,HC-SM,close,-0.3552266621855697,-65.58578351921824,1.840524052573337,0,z_threshold,signal_period
2025-08-20,HC-SM,open_long,-2.046656484028734,-299.0943790652809,1.7983890255828836,1,z_threshold,signal_period
2025-02-20,RB-SF,open_long,-2.059359845560825,-228.7805702791584,1.919178812487622,1,z_threshold,signal_period
2025-02-21,RB-SF,holding_long,-2.170364362816851,-256.3241526161892,1.9179021006375236,2,holding,signal_period
2025-02-24,RB-SF,holding_long,-1.670997201503836,-211.5117744715053,1.9170012722943477,3,holding,signal_period
2025-02-25,RB-SF,holding_long,-0.8812595798394554,-115.47179544233131,1.9165554142091157,4,holding,signal_period
2025-02-26,RB-SF,holding_long,-1.8335846175453407,-239.28912623181623,1.9156130223011372,5,holding,signal_period
2025-02-27,RB-SF,holding_long,-1.6931678885662405,-231.2063056886691,1.914789719038772,6,holding,signal_period
2025-02-28,RB-SF,holding_long,-1.8714147353016228,-264.96324231395465,1.913918468734058,7,holding,signal_period
2025-03-03,RB-SF,holding_long,-1.390368105654541,-206.48842001177945,1.913310374211908,8,holding,signal_period
2025-03-04,RB-SF,holding_long,-1.3821517009050597,-209.0913491398669,1.912721922934305,9,holding,signal_period
2025-03-05,RB-SF,holding_long,-1.253592977287007,-193.08333162642248,1.912203775802367,10,holding,signal_period
2025-03-06,RB-SF,holding_long,-1.4288699694948723,-222.6289497709649,1.911618246008264,11,holding,signal_period
2025-03-07,RB-SF,holding_long,-1.0838250991216385,-172.3637520304792,1.911188619602384,12,holding,signal_period
2025-03-10,RB-SF,holding_long,-1.065791796160265,-170.09953026197763,1.91077290106623,13,holding,signal_period
2025-03-11,RB-SF,holding_long,-0.8178719927934235,-130.90167904947157,1.9104567909404115,14,holding,signal_period
2025-03-12,RB-SF,holding_long,-1.3126574026715148,-208.73599014232968,1.9099450078357847,15,holding,signal_period
2025-03-13,RB-SF,holding_long,-1.7357448333672532,-280.03870359038046,1.9092734952646808,16,holding,signal_period
2025-03-14,RB-SF,holding_long,-1.4440103273229274,-242.20852696458127,1.9087353963593268,17,holding,signal_period
2025-03-17,RB-SF,holding_long,-0.8123848757890313,-139.19415744067192,1.9084440504046736,18,holding,signal_period
2025-03-18,RB-SF,holding_long,-0.7213398137380403,-122.76051859716426,1.9081861369938635,19,holding,signal_period
2025-03-19,RB-SF,holding_long,-0.6540314240068937,-110.24100511423694,1.907952396046841,20,holding,signal_period
2025-03-20,RB-SF,holding_long,-0.6880849852431549,-114.66429540003082,1.9077030773986157,21,holding,signal_period
2025-03-21,RB-SF,holding_long,-0.6724600602067347,-110.88465236694536,1.9074587265235197,22,holding,signal_period
2025-03-24,RB-SF,holding_long,-0.9722346834900548,-158.5879309219972,1.907097082464516,23,holding,signal_period
2025-03-25,RB-SF,holding_long,-1.2468871640918486,-203.20074059387207,1.906631782161952,24,holding,signal_period
2025-03-26,RB-SF,holding_long,-1.007702768320097,-166.0524260783004,1.906262000442806,25,holding,signal_period
2025-03-27,RB-SF,holding_long,-1.1139840266129095,-183.6480977502952,1.90585412494757,26,holding,signal_period
2025-03-28,RB-SF,holding_long,-0.9000972857501635,-149.11704326639028,1.9055280619292307,27,holding,signal_period
2025-03-31,RB-SF,holding_long,-0.8595693686839563,-141.8730522957394,1.9052184253601812,28,holding,signal_period
2025-04-01,RB-SF,holding_long,-0.9557906394222676,-156.95405626618958,1.9048716274950288,29,holding,signal_period
2025-04-02,RB-SF,holding_long,-1.0856599714540196,-177.99448383694016,1.9044783335863864,30,holding,signal_period
2025-04-03,RB-SF,close,-0.9155181170669748,-150.65248645347674,1.9041494072584413,0,force_close,signal_period
2025-05-06,RB-SF,open_long,-2.448948464664959,-395.44393812224007,1.898302470057108,1,z_threshold,signal_period
2025-05-07,RB-SF,holding_long,-2.329698081955517,-412.1322219899139,1.8975869299198111,2,holding,signal_period
2025-05-08,RB-SF,holding_long,-1.5662304526682334,-300.6146910797761,1.8971500982923672,3,holding,signal_period
2025-05-09,RB-SF,holding_long,-1.1944665657962157,-235.83921566478875,1.8968292003397915,4,holding,signal_period
2025-05-12,RB-SF,holding_long,-1.255116063405575,-249.96072467543763,1.8964880997193228,5,holding,signal_period
2025-05-13,RB-SF,holding_long,-1.340938332557596,-270.1295264207438,1.8961278547137623,6,holding,signal_period
2025-05-14,RB-SF,holding_long,-1.43689579340172,-294.0862933980861,1.8957416879675488,7,holding,signal_period
2025-05-15,RB-SF,holding_long,-1.4238479675721103,-297.5772411007056,1.8953676022140185,8,holding,signal_period
2025-05-16,RB-SF,holding_long,-0.8789665003337196,-187.4425692991017,1.895143640972732,9,holding,signal_period
2025-05-19,RB-SF,holding_long,-0.8516195377797858,-180.7939933833659,1.8949262608536432,10,holding,signal_period
2025-05-20,RB-SF,holding_long,-0.9699004949010572,-204.7828619871061,1.8946779038870087,11,holding,signal_period
2025-05-21,RB-SF,holding_long,-1.0852020109573497,-228.8741232657958,1.8943990192271745,12,holding,signal_period
2025-05-22,RB-SF,holding_long,-1.0529127418824535,-222.868813145642,1.8941290845684249,13,holding,signal_period
2025-05-23,RB-SF,holding_long,-1.4292656213685542,-303.2049405882026,1.8937648743581104,14,holding,signal_period
2025-05-26,RB-SF,holding_long,-1.0849161313975488,-234.911637642178,1.893497281847734,15,holding,signal_period
2025-05-27,RB-SF,holding_long,-1.144858709623497,-248.77790279500093,1.8932176697436809,16,holding,signal_period
2025-05-28,RB-SF,holding_long,-1.0428759030497985,-228.032671558507,1.89296545255162,17,holding,signal_period
2025-05-29,RB-SF,holding_long,-1.7283474565852108,-378.6089133841906,1.892545673626717,18,holding,signal_period
2025-05-30,RB-SF,holding_long,-1.7129675606440344,-389.8862227689051,1.8921468543516968,19,holding,signal_period
2025-06-03,RB-SF,holding_long,-1.7637965958554598,-416.7062131690018,1.8917554737655229,20,holding,signal_period
2025-06-04,RB-SF,holding_long,-1.808180823944784,-444.90484964325424,1.8913631109858564,21,holding,signal_period
2025-06-05,RB-SF,holding_long,-1.8165247212809876,-466.8223710065122,1.89098690657589,22,holding,signal_period
2025-06-06,RB-SF,holding_long,-1.8406704171971773,-494.3348071371802,1.890619183031828,23,holding,signal_period
2025-06-09,RB-SF,holding_long,-1.5773305591799025,-443.4037746295208,1.8903165854619095,24,holding,signal_period
2025-06-10,RB-SF,holding_long,-1.467955626159215,-424.7759813929142,1.890042815490672,25,holding,signal_period
2025-06-11,RB-SF,holding_long,-1.5148673725891435,-448.3833884558872,1.8897642861508508,26,holding,signal_period
2025-06-12,RB-SF,holding_long,-1.3958269718132754,-423.7233296807936,1.8895151518900464,27,holding,signal_period
2025-06-13,RB-SF,holding_long,-1.2962532724535918,-400.9049832337751,1.889287234745327,28,holding,signal_period
2025-06-16,RB-SF,holding_long,-1.0940241228682666,-342.94826057842056,1.8890955295758232,29,holding,signal_period
2025-06-17,RB-SF,holding_long,-1.1219559763660771,-353.09731616304816,1.8888996383693888,30,holding,signal_period
2025-06-18,RB-SF,close,-1.032284275622894,-326.56585351812555,1.888719422052596,0,force_close,signal_period
2025-03-05,AU-I,open_long,-2.263612051165571,-79.68727868253586,1.2259092167059256,1,z_threshold,signal_period
2025-03-06,AU-I,holding_long,-2.01128572224856,-76.43263132346476,1.2248054243585096,2,holding,signal_period
2025-03-07,AU-I,holding_long,-1.864404991871826,-75.05262539726141,1.2238458132135774,3,holding,signal_period
2025-03-10,AU-I,holding_long,-1.9309589652817607,-81.50369338461894,1.222898897582459,4,holding,signal_period
2025-03-11,AU-I,holding_long,-1.6230760409429676,-72.15677045688972,1.222149728784052,5,holding,signal_period
2025-03-12,AU-I,holding_long,-1.7188000005177375,-78.88203820900856,1.2213804631693257,6,holding,signal_period
2025-03-13,AU-I,holding_long,-1.589180668642119,-75.74274183723742,1.220691667204049,7,holding,signal_period
2025-03-14,AU-I,holding_long,-1.538941551506357,-75.56843699959074,1.22003516608435,8,holding,signal_period
2025-03-17,AU-I,holding_long,-1.7952051656224584,-90.54320779067882,1.2192893048691669,9,holding,signal_period
2025-03-18,AU-I,holding_long,-1.867606274548451,-98.3068828518916,1.2185412971002898,10,holding,signal_period
2025-03-19,AU-I,holding_long,-2.185505725934249,-120.64636127630035,1.2176988239723368,11,holding,signal_period
2025-03-20,AU-I,holding_long,-2.044295762413952,-121.0864284466835,1.2169629597772311,12,holding,signal_period
2025-03-21,AU-I,holding_long,-1.9346011522105209,-121.66422700517876,1.21630980844199,13,holding,signal_period
2025-03-24,AU-I,holding_long,-1.5307809353589388,-101.41913908987692,1.2158184576568365,14,holding,signal_period
2025-03-25,AU-I,holding_long,-1.5340569373719375,-104.3378898784315,1.215338282465799,15,holding,signal_period
2025-03-26,AU-I,holding_long,-1.4892981617401264,-104.00694477544494,1.2148820085278669,16,holding,signal_period
2025-03-27,AU-I,holding_long,-1.3553207617676812,-96.93534036459243,1.2144750134431044,17,holding,signal_period
2025-03-28,AU-I,holding_long,-1.568176552593118,-114.0338355275378,1.2140027724460176,18,holding,signal_period
2025-03-31,AU-I,holding_long,-1.8246194169005296,-136.51088395660997,1.2134623641106057,19,holding,signal_period
2025-04-01,AU-I,holding_long,-1.639860400817753,-128.28622983307196,1.212992769445255,20,holding,signal_period
2025-04-02,AU-I,holding_long,-1.5544633172396245,-125.65225734048715,1.2125624915070488,21,holding,signal_period
2025-04-03,AU-I,holding_long,-1.64309313112814,-136.53632608921396,1.2121156433562896,22,holding,signal_period
2025-04-07,AU-I,holding_long,-1.587702508011774,-136.34266368251485,1.2117087898977648,23,holding,signal_period
2025-04-08,AU-I,holding_long,-1.869233801195938,-165.33702174806717,1.211241507699418,24,holding,signal_period
2025-04-09,AU-I,holding_long,-1.9813948045455736,-183.8035785693684,1.210761998865809,25,holding,signal_period
2025-04-10,AU-I,holding_long,-1.88579674899765,-184.9031329946648,1.2103192257325688,26,holding,signal_period
2025-04-11,AU-I,holding_long,-1.945012221115632,-200.2345725852756,1.2098753537707676,27,holding,signal_period
2025-04-14,AU-I,holding_long,-1.9279169286056523,-209.2400784280352,1.2094531695059447,28,holding,signal_period
2025-04-15,AU-I,holding_long,-1.780193936109855,-203.44157179223785,1.2090812564929816,29,holding,signal_period
2025-04-16,AU-I,holding_long,-1.925568522206552,-229.416074761573,1.208685291049988,30,holding,signal_period
2025-04-17,AU-I,close,-1.9107193009818209,-239.66780455552865,1.2083070272996348,0,force_close,signal_period
2025-03-07,RB-SS,open_short,2.120669706280041,455.47437449794415,3.97599988543569,1,z_threshold,signal_period
2025-03-10,RB-SS,holding_short,2.964161689784139,679.7396507982739,3.9799531972924567,2,holding,signal_period
2025-03-11,RB-SS,holding_short,2.768406902646952,727.1217285919556,3.983121333350297,3,holding,signal_period
2025-03-12,RB-SS,holding_short,2.4094020805208207,712.3583038636716,3.985560760451649,4,holding,signal_period
2025-03-13,RB-SS,holding_short,1.8537494653129445,598.5827351476091,3.987285339258367,5,holding,signal_period
2025-03-14,RB-SS,holding_short,1.682078573023581,569.1085997640475,3.9887785467468375,6,holding,signal_period
2025-03-17,RB-SS,holding_short,2.2478930160573927,787.9031796406107,3.990669661241913,7,holding,signal_period
2025-03-18,RB-SS,holding_short,1.9006591256739265,718.2211072577302,3.9921369006674654,8,holding,signal_period
2025-03-19,RB-SS,holding_short,2.1638220782230464,859.3829727812627,3.993710581007032,9,holding,signal_period
2025-03-20,RB-SS,holding_short,1.7377275711904263,739.3241911104687,3.994894193086552,10,holding,signal_period
2025-03-21,RB-SS,holding_short,1.6643483185970172,736.2019883146604,3.9959781890849126,11,holding,signal_period
2025-03-24,RB-SS,holding_short,1.2947588404159285,592.7379192657245,3.996805225422072,12,holding,signal_period
2025-03-25,RB-SS,holding_short,1.0621972462925249,492.8599957259849,3.9974781089106206,13,holding,signal_period
2025-03-26,RB-SS,holding_short,1.2751460378623432,593.2286824383209,3.9982816027093744,14,holding,signal_period
2025-03-27,RB-SS,holding_short,1.3167592859995765,620.2653089738869,3.999101921493415,15,holding,signal_period
2025-03-28,RB-SS,holding_short,1.6074215275576076,768.2695528287277,4.0,16,holding,signal_period
2025-03-31,RB-SS,holding_short,1.4030301429591825,691.530999999999,4.0,17,holding,signal_period
2025-04-01,RB-SS,holding_short,1.5940666433478503,800.8369999999995,4.0,18,holding,signal_period
2025-04-02,RB-SS,holding_short,1.6053747984522098,831.0609999999997,4.0,19,holding,signal_period
2025-04-03,RB-SS,holding_short,1.387929954459405,740.8580000000002,4.0,20,holding,signal_period
2025-04-07,RB-SS,holding_short,0.9517019483232094,517.3249999999989,4.0,21,holding,signal_period
2025-04-08,RB-SS,holding_short,0.9856712515989268,534.7919999999995,4.0,22,holding,signal_period
2025-04-09,RB-SS,holding_short,0.8495120686548993,460.6759999999995,4.0,23,holding,signal_period
2025-04-10,RB-SS,holding_short,0.5409176640676814,291.72600000000057,4.0,24,holding,signal_period
2025-04-11,RB-SS,holding_short,0.6339394749269641,337.04199999999946,4.0,25,holding,signal_period
2025-04-14,RB-SS,holding_short,0.770711070685486,404.853000000001,4.0,26,holding,signal_period
2025-04-15,RB-SS,holding_short,0.856096124456983,446.0699999999997,4.0,27,holding,signal_period
2025-04-16,RB-SS,holding_short,1.0127245323632466,524.875,4.0,28,holding,signal_period
2025-04-17,RB-SS,holding_short,1.065214849015598,552.3999999999996,4.0,29,holding,signal_period
2025-04-18,RB-SS,holding_short,1.074862191803675,558.9310000000005,4.0,30,holding,signal_period
2025-04-21,RB-SS,close,0.8036892104600536,419.2610000000004,4.0,0,force_close,signal_period
2024-11-07,AL-CU,open_long,-2.329135636631304,-3969.83622023424,3.756088663195628,1,z_threshold,signal_period
2024-11-08,AL-CU,holding_long,-2.2747582579354804,-4208.035884295474,3.7527344020993754,2,holding,signal_period
2024-11-11,AL-CU,holding_long,-1.804539161321116,-3606.186757751493,3.7503336784910095,3,holding,signal_period
2024-11-12,AL-CU,holding_long,-1.4680935790636396,-3063.128229558672,3.748520881601764,4,holding,signal_period
2024-11-13,AL-CU,holding_long,-1.6907948463017677,-3608.804027950784,3.746508075958274,5,holding,signal_period
2024-11-14,AL-CU,holding_long,-1.7505104238015825,-3872.975423428085,3.744529898944763,6,holding,signal_period
2024-11-15,AL-CU,holding_long,-1.7055292291012851,-3927.202530976676,3.742669392165863,7,holding,signal_period
2024-11-18,AL-CU,holding_long,-1.2377648610288745,-2957.0330709109985,3.741391890449637,8,holding,signal_period
2024-11-19,AL-CU,holding_long,-1.0947824327146185,-2643.6342729596945,3.740274032934949,9,holding,signal_period
2024-11-20,AL-CU,holding_long,-1.3083569476380668,-3172.667334284793,3.7389348989272384,10,holding,signal_period
2024-11-21,AL-CU,holding_long,-1.2081526854170672,-2971.451765945996,3.7377251991384046,11,holding,signal_period
2024-11-22,AL-CU,holding_long,-1.02730880839365,-2549.8839098689787,3.7367235137446535,12,holding,signal_period
2024-11-25,AL-CU,holding_long,-1.1670993069149669,-2900.72102837688,3.73557938506946,13,holding,signal_period
2024-11-26,AL-CU,holding_long,-1.2350548912935748,-3092.1640489399724,3.7343843067835354,14,holding,signal_period
2024-11-27,AL-CU,holding_long,-1.0845289264700249,-2744.088325507546,3.7333483247647465,15,holding,signal_period
2024-11-28,AL-CU,holding_long,-0.7207152889498498,-1830.0152915303624,3.7326752371558896,16,holding,signal_period
2024-11-29,AL-CU,holding_long,-0.9302613151964882,-2339.748417715775,3.7317933983947382,17,holding,signal_period
2024-12-02,AL-CU,holding_long,-0.9704262819126486,-2434.5338043917877,3.7308739526421673,18,holding,signal_period
2024-12-03,AL-CU,holding_long,-0.7175141448225762,-1798.2050077756285,3.730195352924017,19,holding,signal_period
2024-12-04,AL-CU,holding_long,-0.8294438410656172,-2058.903567878602,3.729398028712358,20,holding,signal_period
2024-12-05,AL-CU,holding_long,-0.813140525373961,-2006.047062577112,3.728616412042742,21,holding,signal_period
2024-12-06,AL-CU,close,-0.4436741465638235,-1087.20074087182,3.728192278184601,0,z_threshold,signal_period
2025-03-14,AL-CU,open_short,2.2359679175041456,1880.095999675512,3.7384916081829216,1,z_threshold,signal_period
2025-03-17,AL-CU,holding_short,2.338372425619924,2117.912780845334,3.74096372751972,2,holding,signal_period
2025-03-18,AL-CU,holding_short,2.611564521387378,2568.0802761423547,3.7434332509059662,3,holding,signal_period
2025-03-19,AL-CU,holding_short,2.9451184026482498,3216.185202924491,3.745901439480587,4,holding,signal_period
2025-03-20,AL-CU,holding_short,2.596775046162555,3242.835558929277,3.747800334775021,5,holding,signal_period
2025-03-21,AL-CU,holding_short,2.059571461092246,2852.367184282149,3.7491366332753087,6,holding,signal_period
2025-03-24,AL-CU,holding_short,2.630044371885936,3872.063789670967,3.75073801779277,7,holding,signal_period
2025-03-25,AL-CU,holding_short,2.502630366961159,4097.831807492068,3.752100247130479,8,holding,signal_period
2025-03-26,AL-CU,holding_short,2.2739577473152845,4097.097330250603,3.753224032429976,9,holding,signal_period
2025-03-27,AL-CU,holding_short,1.711522951398463,3331.443630760245,3.75400993559302,10,holding,signal_period
2025-03-28,AL-CU,holding_short,1.5394827518849905,3110.177427982548,3.754683573117634,11,holding,signal_period
2025-03-31,AL-CU,holding_short,1.4530194218676549,3015.047677405164,3.7552995890247214,12,holding,signal_period
2025-04-01,AL-CU,holding_short,1.544476953970182,3275.5709671734367,3.755941999579989,13,holding,signal_period
2025-04-02,AL-CU,holding_short,1.4176548635514985,3088.972551642873,3.7565137624058393,14,holding,signal_period
2025-04-03,AL-CU,holding_short,0.9838677537129876,2186.793448778015,3.7569024889073055,15,holding,signal_period
2025-04-07,AL-CU,close,-0.1529452978645044,-339.708725780627,3.7568440800400182,0,z_threshold,signal_period
2025-06-10,PB-SS,open_long,-2.8065877739536185,-500.1132504222678,0.7671559466343687,1,z_threshold,signal_period
2025-06-11,PB-SS,holding_long,-1.6563133242502373,-333.3288790310744,0.7668337454900113,2,holding,signal_period
2025-06-12,PB-SS,holding_long,-1.8202209991814744,-378.9717489314317,0.7664943596037727,3,holding,signal_period
2025-06-13,PB-SS,holding_long,-2.0263435650535992,-441.0799101942412,0.7661357307955267,4,holding,signal_period
2025-06-16,PB-SS,holding_long,-2.012893105410808,-464.67540060658575,0.7658020346877205,5,holding,signal_period
2025-06-17,PB-SS,holding_long,-1.8134958874582996,-443.5095531119641,0.765522096933339,6,holding,signal_period
2025-06-18,PB-SS,holding_long,-1.4239146740134316,-363.8742135195753,0.7653136216518622,7,holding,signal_period
2025-06-19,PB-SS,holding_long,-1.554519210073858,-405.4234706163352,0.765090103797869,8,holding,signal_period
2025-06-20,PB-SS,holding_long,-1.4678499097442474,-393.5572462415967,0.7648869230157967,9,holding,signal_period
2025-06-23,PB-SS,holding_long,-2.085263675162589,-571.9749358577246,0.7646042309948162,10,holding,signal_period
2025-06-24,PB-SS,holding_long,-1.906261206410622,-556.8739736812186,0.7643619386261143,11,holding,signal_period
2025-06-25,PB-SS,holding_long,-2.037157097923912,-625.8096274507989,0.7641130781381088,12,holding,signal_period
2025-06-26,PB-SS,holding_long,-1.6851757117946038,-549.399596430434,0.7639190244817627,13,holding,signal_period
2025-06-27,PB-SS,holding_long,-1.4544080383714455,-491.3416203437391,0.7637584640837415,14,holding,signal_period
2025-06-30,PB-SS,holding_long,-1.6209318079993955,-559.7526173506049,0.7635827036049025,15,holding,signal_period
2025-07-01,PB-SS,holding_long,-1.4599871853393218,-520.3629009191955,0.7634302370825597,16,holding,signal_period
2025-07-02,PB-SS,holding_long,-1.303065393666923,-474.8828895820589,0.763296598393089,17,holding,signal_period
2025-07-03,PB-SS,holding_long,-1.331172084512481,-491.90842386437726,0.7631613286923168,18,holding,signal_period
2025-07-04,PB-SS,holding_long,-1.3473855532480272,-505.5812865901335,0.7630261475501167,19,holding,signal_period
2025-07-07,PB-SS,holding_long,-1.3596427220559868,-518.4699589190823,0.7628925172593771,20,holding,signal_period
2025-07-08,PB-SS,holding_long,-1.1217164926755825,-434.9743623632894,0.7627843212373011,21,holding,signal_period
2025-07-09,PB-SS,holding_long,-0.9927041187464748,-386.96408336352033,0.7626889316198309,22,holding,signal_period
2025-07-10,PB-SS,holding_long,-0.840861924254009,-327.712468499225,0.7626077809855826,23,holding,signal_period
2025-07-11,PB-SS,holding_long,-0.8037999120592815,-311.4432588519685,0.7625303608940883,24,holding,signal_period
2025-07-14,PB-SS,holding_long,-0.7797307283418614,-299.99801286146794,0.7624546486454223,25,holding,signal_period
2025-07-15,PB-SS,holding_long,-0.5762016333613398,-219.95722189765365,0.7623987159900674,26,holding,signal_period
2025-07-16,PB-SS,holding_long,-0.5153109014196707,-194.08286276287615,0.76234808592696,27,holding,signal_period
2025-07-17,PB-SS,close,-0.2851512320528516,-105.81629896613958,0.7623197151536126,0,z_threshold,signal_period
2024-08-02,SM-SF,open_short,2.022451300281324,902.8431889168688,0.8985990039399318,1,z_threshold,signal_period
2024-08-05,SM-SF,holding_short,2.0388119071382254,965.010886218628,0.9001925228817265,2,holding,signal_period
2024-08-06,SM-SF,holding_short,2.1754394929140783,1092.797357554322,0.9017757328074304,3,holding,signal_period
2024-08-07,SM-SF,holding_short,1.8241330831161608,982.4992859340618,0.9030186429943278,4,holding,signal_period
2024-08-08,SM-SF,holding_short,1.42837759908217,804.3719596594747,0.9039386767432048,5,holding,signal_period
2024-08-09,SM-SF,holding_short,1.2508937326256204,719.1667604046343,0.904754361994357,6,holding,signal_period
2024-08-12,SM-SF,holding_short,1.234225565748729,717.6736968438436,0.9055620524190164,7,holding,signal_period
2024-08-13,SM-SF,holding_short,1.0021099076590716,588.9577231643361,0.9062346269517564,8,holding,signal_period
2024-08-14,SM-SF,holding_short,0.9611938815708116,565.0651347618868,0.9068906179790428,9,holding,signal_period
2024-08-15,SM-SF,holding_short,1.0286165151809534,603.8663061190055,0.9076009714761468,10,holding,signal_period
2024-08-16,SM-SF,holding_short,0.9778476273428154,574.8724109774294,0.9082923656767165,11,holding,signal_period
2024-08-19,SM-SF,holding_short,1.1371983579203775,668.0516868981022,0.9091032344563256,12,holding,signal_period
2024-08-20,SM-SF,holding_short,1.1570035360764075,683.8119614659608,0.909940369645079,13,holding,signal_period
2024-08-21,SM-SF,holding_short,1.1216759975547057,667.6291187881725,0.9107746213742643,14,holding,signal_period
2024-08-22,SM-SF,holding_short,1.192391304889417,713.4566414384863,0.9116620610247944,15,holding,signal_period
2024-08-23,SM-SF,holding_short,1.231493173762589,743.1579788569843,0.912581435219566,16,holding,signal_period
2024-08-26,SM-SF,holding_short,1.189058621560757,725.1575067035665,0.9134851863830656,17,holding,signal_period
2024-08-27,SM-SF,holding_short,1.131598903972348,695.962958007226,0.9143516127796208,18,holding,signal_period
2024-08-28,SM-SF,holding_short,1.0636526507686794,658.0157133917774,0.9151788986028088,19,holding,signal_period
2024-08-29,SM-SF,holding_short,1.0572078268680485,655.8909396274039,0.9160104804177718,20,holding,signal_period
2024-08-30,SM-SF,holding_short,1.0521985560037137,654.4492290356293,0.91684515892738,21,holding,signal_period
2024-09-02,SM-SF,holding_short,0.974465195156584,607.4130210528401,0.9176041180714688,22,holding,signal_period
2024-09-03,SM-SF,holding_short,0.9544858830850146,594.4396875325683,0.9183470106725096,23,holding,signal_period
2024-09-04,SM-SF,holding_short,1.002227808907861,623.11376074071,0.9191220479204556,24,holding,signal_period
2024-09-05,SM-SF,holding_short,0.9749625699607286,606.2927593158674,0.9198740705674906,25,holding,signal_period
2024-09-06,SM-SF,holding_short,0.8916292841184635,554.0165291348912,0.9205648246882998,26,holding,signal_period
2024-09-09,SM-SF,holding_short,0.8907019297140124,551.2039097338147,0.9212489330634048,27,holding,signal_period
2024-09-10,SM-SF,holding_short,0.9427909171314216,581.0607410430375,0.9219668159144592,28,holding,signal_period
2024-09-11,SM-SF,holding_short,0.9747032820012712,599.5138771016791,0.9227149452513468,29,holding,signal_period
2024-09-12,SM-SF,holding_short,1.004891577492007,617.5549218167234,0.9234854517650526,30,holding,signal_period
2024-09-13,SM-SF,close,1.0940821964896676,672.509432264339,0.9243079486109664,0,force_close,signal_period
2025-05-22,SM-SF,open_long,-2.0306657756624134,-232.23835275569309,0.96892994995675,1,z_threshold,signal_period
2025-05-23,SM-SF,holding_long,-0.5552235086804173,-67.27505171405392,0.968627898415264,2,holding,signal_period
2025-05-26,SM-SF,close,-0.2225385240645076,-26.58945960381334,0.9685087421743642,0,z_threshold,signal_period
2025-02-14,RB-AG,open_short,2.7094963398953533,600.9838101618743,2.3477899825368675,1,z_threshold,signal_period
2025-02-17,RB-AG,holding_short,1.1606570854678129,288.3374350495633,2.3490244595937027,2,holding,signal_period
2025-02-18,RB-AG,holding_short,1.1610979444984362,290.5335516631412,2.350247948816422,3,holding,signal_period
2025-02-19,RB-AG,holding_short,1.335120968193069,336.4711057548402,2.35163309712162,4,holding,signal_period
2025-02-20,RB-AG,holding_short,0.9735148083733184,249.2448088608635,2.352631196183973,5,holding,signal_period
2025-02-21,RB-AG,holding_short,0.7715803486628778,197.3816469522853,2.3534167399647523,6,holding,signal_period
2025-02-24,RB-AG,holding_short,0.8969092734519886,227.60858346843088,2.3543239707959343,7,holding,signal_period
2025-02-25,RB-AG,holding_short,1.2260569975519289,309.9036531974707,2.3555346979940364,8,holding,signal_period
2025-02-26,RB-AG,close,0.162169101102857,41.41967913597273,2.3556950236591785,0,z_threshold,signal_period
2025-03-14,RB-AG,open_short,2.1588065647659964,605.7291701302211,2.368571491996738,1,z_threshold,signal_period
2025-03-17,RB-AG,holding_short,2.2975223141274688,690.2522402520535,2.3702669103809213,2,holding,signal_period
2025-03-18,RB-AG,holding_short,2.3414690131917717,761.3300730631254,2.371845978594544,3,holding,signal_period
2025-03-19,RB-AG,holding_short,2.346496306108377,828.5968516099401,2.37328862252655,4,holding,signal_period
2025-03-20,RB-AG,holding_short,2.0107084518382083,771.448068715079,2.3744304497095112,5,holding,signal_period
2025-03-21,RB-AG,holding_short,1.6321760352822652,663.2738571350465,2.375300759847822,6,holding,signal_period
2025-03-24,RB-AG,holding_short,1.4107405769453394,592.1415842363249,2.376040360791563,7,holding,signal_period
2025-03-25,RB-AG,holding_short,1.2968818585438864,555.0804723685005,2.376710898339079,8,holding,signal_period
2025-03-26,RB-AG,holding_short,1.6028664247548352,695.384638504227,2.377526732678968,9,holding,signal_period
2025-03-27,RB-AG,holding_short,1.5577897746165008,696.7681832706694,2.3782970680912934,10,holding,signal_period
2025-03-28,RB-AG,holding_short,1.8722430111074773,861.0302563912892,2.379195583695439,11,holding,signal_period
2025-03-31,RB-AG,holding_short,1.8835158055478285,908.6186090200564,2.380052474143739,12,holding,signal_period
2025-04-01,RB-AG,holding_short,1.5836596061644748,802.0034840394592,2.380742999888395,13,holding,signal_period
2025-04-02,RB-AG,holding_short,1.4943995348782229,779.3313330641922,2.3813765011758794,14,holding,signal_period
2025-04-03,RB-AG,holding_short,1.2846497329148856,686.3035217684474,2.381908059177545,15,holding,signal_period
2025-04-07,RB-AG,close,0.3898608822349877,210.96660524108484,2.3820636957220054,0,z_threshold,signal_period
2025-03-10,HC-SS,open_short,2.212484854168479,596.067993918854,3.861280557340514,1,z_threshold,signal_period
2025-03-11,HC-SS,holding_short,2.099870135387641,608.3286386216114,3.864847627025485,2,holding,signal_period
2025-03-12,HC-SS,holding_short,1.9142482969619816,591.3408093236649,3.867867248962466,3,holding,signal_period
2025-03-13,HC-SS,holding_short,1.273596466005472,414.0489039439544,3.8697798429350354,4,holding,signal_period
2025-03-14,HC-SS,holding_short,0.9715411013990186,319.87151560789243,3.871217736493549,5,holding,signal_period
2025-03-17,HC-SS,holding_short,1.7080948086522325,561.7347019175704,3.873681603263298,6,holding,signal_period
2025-03-18,HC-SS,holding_short,1.3048205082171105,445.33002598241546,3.875469182193227,7,holding,signal_period
2025-03-19,HC-SS,holding_short,1.61719876524173,559.7161561377325,3.8776217919474543,8,holding,signal_period
2025-03-20,HC-SS,holding_short,1.278790239135964,456.7698471721542,3.87926214625918,9,holding,signal_period
2025-03-21,HC-SS,holding_short,1.100867953914582,398.2531315975684,3.880644411224747,10,holding,signal_period
2025-03-24,HC-SS,holding_short,0.7539975967487537,274.01511654772,3.8815924452757855,11,holding,signal_period
2025-03-25,HC-SS,holding_short,0.7234982887381557,260.6978463326941,3.882501824075792,12,holding,signal_period
2025-03-26,HC-SS,holding_short,0.9050277707053092,323.048315882068,3.883641784608206,13,holding,signal_period
2025-03-27,HC-SS,holding_short,1.0479794525308916,372.7866968891631,3.884955236319792,14,holding,signal_period
2025-03-28,HC-SS,holding_short,1.4080495155919543,501.93954342934376,3.886700040047847,15,holding,signal_period
2025-03-31,HC-SS,holding_short,1.1925795872952345,433.4460480663856,3.888128150980609,16,holding,signal_period
2025-04-01,HC-SS,holding_short,1.4512341542552285,532.014568209217,3.889848343539076,17,holding,signal_period
2025-04-02,HC-SS,holding_short,1.526064818809004,571.7775171522753,3.89160379172649,18,holding,signal_period
2025-04-03,HC-SS,holding_short,1.3316887853980708,512.0999454623743,3.893080560417829,19,holding,signal_period
2025-04-07,HC-SS,holding_short,0.8558852193789587,334.1495350693858,3.893984408990844,20,holding,signal_period
2025-04-08,HC-SS,holding_short,1.051412061933243,408.28724048491495,3.895077007733124,21,holding,signal_period
2025-04-09,HC-SS,holding_short,0.634086717805374,246.79105476438417,3.895733221395013,22,holding,signal_period
2025-04-10,HC-SS,close,0.2670811931716718,102.72857321439552,3.896015941554038,0,z_threshold,signal_period
2025-07-22,HC-SS,open_long,-2.434227922137489,-761.0802632801388,3.936223427521334,1,z_threshold,signal_period
2025-07-23,HC-SS,holding_long,-1.802306564430171,-616.553264703658,3.93447220401718,2,holding,signal_period
2025-07-24,HC-SS,holding_long,-1.8380829871579936,-656.5958090727709,3.932760066414892,3,holding,signal_period
2025-07-25,HC-SS,holding_long,-2.0095605451036103,-751.424044148649,3.9309535034408696,4,holding,signal_period
2025-07-28,HC-SS,holding_long,-1.2495518921897892,-494.7714001926779,3.9299291658263424,5,holding,signal_period
2025-07-29,HC-SS,holding_long,-2.055029508706609,-823.0752364888303,3.928216450134523,6,holding,signal_period
2025-07-30,HC-SS,holding_long,-1.7326168960091568,-737.3863894546757,3.926867676394313,7,holding,signal_period
2025-07-31,HC-SS,holding_long,-1.0409363978685913,-460.3897530680388,3.9261100592430656,8,holding,signal_period
2025-08-01,HC-SS,holding_long,-1.0714404531413495,-474.73195232118815,3.925329878523076,9,holding,signal_period
2025-08-04,HC-SS,holding_long,-1.00064314820983,-444.7330217739327,3.92460074199333,10,holding,signal_period
2025-08-05,HC-SS,holding_long,-1.296076583361466,-576.1565461000228,3.923645287862138,11,holding,signal_period
2025-08-06,HC-SS,holding_long,-1.2489850407326872,-562.7767972275324,3.922739240709051,12,holding,signal_period
2025-08-07,HC-SS,holding_long,-0.9908325389146084,-451.468615780992,3.922031349035413,13,holding,signal_period
2025-08-08,HC-SS,holding_long,-0.8683803723301058,-395.5639087065029,3.92141326543592,14,holding,signal_period
2025-08-11,HC-SS,holding_long,-0.7835005145929507,-355.19770779644386,3.920847377144879,15,holding,signal_period
2025-08-12,HC-SS,holding_long,-0.9785983902951254,-440.2671936984243,3.92013174562879,16,holding,signal_period
2025-08-13,HC-SS,holding_long,-0.8444276988519839,-379.60498268788433,3.9195198772908126,17,holding,signal_period
2025-08-14,HC-SS,holding_long,-0.8903370000309149,-397.97087981411823,3.91887514457824,18,holding,signal_period
2025-08-15,HC-SS,holding_long,-0.9795986210275986,-436.1036111696885,3.918161906122188,19,holding,signal_period
2025-08-18,HC-SS,holding_long,-0.787530248911533,-350.3418306000258,3.9175917029167984,20,holding,signal_period
2025-08-19,HC-SS,holding_long,-1.0112528178221156,-446.4824442802437,3.916855668472559,21,holding,signal_period
2025-08-20,HC-SS,holding_long,-1.008554426954901,-445.5304305981899,3.9161258059827726,22,holding,signal_period
