,open,high,low,close,volume,open_interest,symbol
2020-01-02,17917.73,18000.162,17843.512,17868.429,138353.0,235916.0,ZN
2020-01-03,17885.619,17972.073,17715.553,17741.686,214271.0,244114.0,ZN
2020-01-06,17676.021,18150.381,17619.229,18118.481,315346.0,239245.0,ZN
2020-01-07,18091.207,18186.118,18017.05,18169.329,194640.0,238971.0,ZN
2020-01-08,18185.905,18457.972,18179.11,18342.448,357478.0,247657.0,ZN
2020-01-09,18455.338,18523.535,18276.684,18324.198,276183.0,241337.0,ZN
2020-01-10,18413.357,18422.128,18195.643,18317.554,212418.0,239009.0,ZN
2020-01-13,18330.575,18348.027,18174.515,18255.428,177553.0,238531.0,ZN
2020-01-14,18228.379,18337.355,18024.942,18186.296,226263.0,240613.0,ZN
2020-01-15,18148.441,18235.284,18095.631,18220.225,143961.0,238396.0,ZN
2020-01-16,18230.285,18336.213,18098.594,18280.702,184110.0,234339.0,ZN
2020-01-17,18385.037,18440.205,18253.489,18339.666,188547.0,229463.0,ZN
2020-01-20,18373.095,18453.794,18300.812,18401.005,142666.0,230724.0,ZN
2020-01-21,18405.948,18467.067,18126.829,18192.638,188372.0,219546.0,ZN
2020-01-22,18271.136,18357.612,18174.671,18312.953,165581.0,215020.0,ZN
2020-01-23,18313.932,18321.016,18076.172,18144.841,154904.0,197868.0,ZN
2020-02-03,17197.088,17486.521,17128.247,17313.811,177570.0,178089.0,ZN
2020-02-04,17031.368,17401.638,16979.826,17357.012,165772.0,170763.0,ZN
2020-02-05,17268.611,17368.108,17255.333,17299.137,81705.0,171498.0,ZN
2020-02-06,17353.627,17411.771,17333.482,17357.264,79707.0,170858.0,ZN
2020-02-07,17324.235,17384.815,17291.52,17313.884,68079.0,172448.0,ZN
2020-02-10,17163.635,17211.112,17124.8,17155.449,106587.0,179268.0,ZN
2020-02-11,17121.402,17171.231,17096.14,17126.765,98831.0,181909.0,ZN
2020-02-12,17124.534,17177.97,16981.854,17078.507,119318.0,189747.0,ZN
2020-02-13,17083.171,17181.796,17043.489,17117.522,109471.0,189720.0,ZN
2020-02-14,17155.528,17232.78,17143.711,17223.937,85736.0,188659.0,ZN
2020-02-17,17156.99,17260.507,17131.797,17254.152,92595.0,194933.0,ZN
2020-02-18,17261.316,17277.427,17157.652,17195.578,82161.0,185457.0,ZN
2020-02-19,17187.614,17204.394,17139.286,17174.353,64118.0,187025.0,ZN
2020-02-20,17171.494,17216.399,17106.319,17177.097,81290.0,190412.0,ZN
2020-02-21,17119.847,17152.101,17028.005,17040.43,108149.0,201955.0,ZN
2020-02-24,16991.21,17020.8,16580.746,16605.956,198584.0,217941.0,ZN
2020-02-25,16567.996,16661.951,16462.459,16580.394,168949.0,223173.0,ZN
2020-02-26,16512.402,16543.623,16390.06,16462.98,147654.0,226279.0,ZN
2020-02-27,16491.866,16553.413,16460.475,16468.644,98665.0,226765.0,ZN
2020-02-28,16407.887,16414.325,15715.512,15899.846,293223.0,230790.0,ZN
2020-03-02,15994.377,16264.465,15968.63,16204.633,206404.0,228233.0,ZN
2020-03-03,16222.241,16288.351,16188.281,16240.683,133006.0,233868.0,ZN
2020-03-04,16025.644,16091.262,15896.108,16039.601,189385.0,238273.0,ZN
2020-03-05,15985.612,16152.977,15965.567,16091.524,141539.0,244120.0,ZN
2020-03-06,16061.147,16125.357,15985.915,16053.904,121659.0,245618.0,ZN
2020-03-09,15746.047,15759.352,15241.861,15559.418,243488.0,241041.0,ZN
2020-03-10,15771.439,16112.276,15759.373,16024.828,189516.0,238268.0,ZN
2020-03-11,16015.999,16163.17,15978.037,16011.241,144820.0,236196.0,ZN
2020-03-12,15933.822,16021.968,15800.677,15837.21,205035.0,239337.0,ZN
2020-03-13,15658.055,15944.64,15519.608,15811.952,268067.0,233893.0,ZN
2020-03-16,15744.864,15881.356,15539.035,15551.112,174968.0,239880.0,ZN
2020-03-17,15637.121,15758.996,15566.848,15670.584,200677.0,221679.0,ZN
2020-03-18,15363.281,15542.12,14724.026,14892.773,364907.0,237112.0,ZN
2020-03-19,15046.4,15108.778,14263.431,14443.222,345585.0,231816.0,ZN
2020-03-20,14803.904,15127.964,14617.687,15070.924,288230.0,214920.0,ZN
2020-03-23,14535.397,14771.651,14247.812,14628.75,227187.0,215255.0,ZN
2020-03-24,14858.106,15027.808,14627.348,14902.738,244705.0,220416.0,ZN
2020-03-25,14971.184,15046.052,14734.78,14922.119,204536.0,212904.0,ZN
2020-03-26,14888.888,15144.228,14821.663,14881.061,195270.0,213840.0,ZN
2020-03-27,15041.014,15393.897,14995.662,15375.46,271712.0,218515.0,ZN
2020-03-30,15216.202,15224.161,14963.371,15081.841,199242.0,210972.0,ZN
2020-03-31,15195.817,15239.93,15131.971,15170.905,110369.0,208923.0,ZN
2020-04-01,15244.097,15337.063,15065.521,15116.288,155133.0,205975.0,ZN
2020-04-02,15115.106,15487.388,14914.466,15372.228,270403.0,213059.0,ZN
2020-04-03,15374.842,15518.125,15290.515,15508.738,177370.0,212439.0,ZN
2020-04-07,15635.301,15888.609,15617.128,15817.245,178650.0,210724.0,ZN
2020-04-08,15740.227,15770.142,15633.828,15661.178,159920.0,211590.0,ZN
2020-04-09,15698.376,15793.74,15541.761,15563.993,161242.0,208835.0,ZN
2020-04-10,15560.569,15733.15,15460.464,15668.901,167031.0,210538.0,ZN
2020-04-13,15672.363,15800.513,15615.138,15751.635,122261.0,211511.0,ZN
2020-04-14,15718.471,15971.276,15688.606,15896.151,199906.0,214601.0,ZN
2020-04-15,15870.16,15992.557,15780.065,15814.961,159064.0,216093.0,ZN
2020-04-16,15822.321,16030.694,15777.738,15961.254,160164.0,214793.0,ZN
2020-04-17,16070.379,16188.758,16019.676,16120.118,173186.0,215640.0,ZN
2020-04-20,16123.452,16228.142,15970.475,16117.473,145512.0,213999.0,ZN
2020-04-21,16088.846,16124.465,15544.93,15643.115,260646.0,211779.0,ZN
2020-04-22,15626.885,15873.181,15589.107,15842.664,219899.0,214527.0,ZN
2020-04-23,15802.398,15893.307,15736.141,15788.744,157929.0,218517.0,ZN
2020-04-24,15661.1,15865.988,15608.224,15791.485,174364.0,223995.0,ZN
2020-04-27,15886.215,16158.432,15877.473,16035.81,223202.0,225184.0,ZN
2020-04-28,16028.835,16106.412,15932.4,16080.141,144621.0,227603.0,ZN
2020-04-29,16170.011,16337.142,16130.482,16294.843,196849.0,235204.0,ZN
2020-04-30,16350.201,16380.266,16215.44,16323.19,145931.0,231748.0,ZN
2020-05-06,16226.004,16509.225,16195.857,16385.325,188800.0,241576.0,ZN
2020-05-07,16425.275,16690.563,16408.378,16607.69,260805.0,252394.0,ZN
2020-05-08,16711.637,16996.014,16648.296,16931.419,304951.0,268434.0,ZN
2020-05-11,16900.189,16935.179,16795.139,16821.302,193070.0,266179.0,ZN
2020-05-12,16810.041,16961.515,16780.324,16791.191,164776.0,262991.0,ZN
2020-05-13,16778.159,16859.948,16415.386,16594.291,243309.0,253042.0,ZN
2020-05-14,16584.892,16611.612,16319.101,16420.497,217012.0,243541.0,ZN
2020-05-15,16344.795,16498.46,16228.347,16458.567,219061.0,242665.0,ZN
2020-05-18,16408.198,16708.199,16348.2,16578.21,194838.0,239157.0,ZN
2020-05-19,16690.709,16925.883,16661.787,16724.716,221387.0,235885.0,ZN
2020-05-20,16751.879,16850.421,16703.131,16735.019,163480.0,235157.0,ZN
2020-05-21,16754.256,16769.891,16410.068,16482.187,319640.0,233268.0,ZN
2020-05-22,16445.567,16530.568,16176.088,16364.752,344930.0,227108.0,ZN
2020-05-25,16352.842,16482.231,16156.511,16303.465,211793.0,223819.0,ZN
2020-05-26,16341.248,16434.43,16199.422,16267.186,191643.0,222918.0,ZN
2020-05-27,16286.854,16422.472,16043.54,16052.205,264675.0,223475.0,ZN
2020-05-28,16032.632,16223.248,15954.499,16145.014,255855.0,216551.0,ZN
2020-05-29,16163.163,16419.075,16086.674,16360.637,227789.0,214515.0,ZN
2020-06-01,16477.954,16607.547,16351.663,16468.078,244451.0,212658.0,ZN
2020-06-02,16453.89,16627.52,16424.183,16577.465,187016.0,214985.0,ZN
2020-06-03,16627.499,16754.152,16440.459,16549.788,259420.0,221644.0,ZN
2020-06-04,16627.261,16673.329,16483.864,16502.275,233534.0,222656.0,ZN
2020-06-05,16507.967,16669.128,16452.505,16600.098,234197.0,219772.0,ZN
2020-06-08,16681.317,16758.123,16218.662,16459.818,311317.0,216422.0,ZN
2020-06-09,16481.725,16658.342,16399.067,16444.881,263623.0,202502.0,ZN
2020-06-10,16410.947,16511.124,16307.834,16367.796,243367.0,203173.0,ZN
2020-06-11,16417.374,16824.192,16295.725,16347.656,428860.0,201854.0,ZN
2020-06-12,16297.049,16448.908,16177.105,16397.104,277753.0,198455.0,ZN
2020-06-15,16391.78,16452.716,16183.871,16228.831,263523.0,201107.0,ZN
2020-06-16,16222.677,16512.045,16207.718,16470.543,239404.0,191488.0,ZN
2020-06-17,16512.452,16678.303,16378.796,16660.968,257483.0,200882.0,ZN
2020-06-18,16653.322,16764.67,16541.0,16630.697,242982.0,204522.0,ZN
2020-06-19,16704.842,16953.226,16676.308,16916.531,303434.0,214462.0,ZN
2020-06-22,16958.843,17000.155,16751.126,16809.966,269347.0,213669.0,ZN
2020-06-23,16863.464,17034.09,16713.319,16771.732,278464.0,204880.0,ZN
2020-06-24,16762.216,16809.93,16638.068,16720.278,172073.0,197036.0,ZN
2020-06-29,16677.828,16748.39,16567.305,16608.18,119532.0,194730.0,ZN
2020-06-30,16649.951,16878.331,16627.186,16816.992,204878.0,198247.0,ZN
2020-07-01,16820.754,16865.152,16641.2,16668.478,199955.0,201372.0,ZN
2020-07-02,16616.683,16790.34,16569.869,16757.132,200788.0,196780.0,ZN
2020-07-03,16730.449,16759.859,16654.204,16728.365,164748.0,196545.0,ZN
2020-07-06,16692.038,16794.054,16598.834,16791.93,232018.0,195967.0,ZN
2020-07-07,16782.325,16828.397,16620.586,16695.977,216720.0,198605.0,ZN
2020-07-08,16715.587,17090.714,16669.172,17073.194,273293.0,208559.0,ZN
2020-07-09,17136.285,17613.89,17102.02,17510.562,456414.0,215285.0,ZN
2020-07-10,17533.53,17712.322,17349.294,17512.907,383194.0,208208.0,ZN
2020-07-13,17599.423,18141.668,17586.01,17980.136,445194.0,207331.0,ZN
2020-07-14,18032.125,18418.922,17786.276,17917.682,500426.0,206950.0,ZN
2020-07-15,17854.092,17984.649,17730.675,17849.071,288930.0,207150.0,ZN
2020-07-16,17885.425,17937.584,17492.634,17674.2,386293.0,190198.0,ZN
2020-07-17,17734.99,17956.941,17695.352,17841.765,296167.0,188177.0,ZN
2020-07-20,17802.496,17824.875,17512.363,17643.454,262222.0,180476.0,ZN
2020-07-21,17653.88,17942.219,17653.148,17823.094,267583.0,185388.0,ZN
2020-07-22,17905.746,18298.987,17879.976,18006.869,373082.0,192150.0,ZN
2020-07-23,17917.738,18046.019,17559.407,18038.641,298710.0,193550.0,ZN
2020-07-24,17963.512,18272.921,17719.851,17878.626,343814.0,193828.0,ZN
2020-07-27,17895.778,18184.596,17878.094,18089.305,278338.0,198532.0,ZN
2020-07-28,18042.147,18479.298,17861.677,17952.723,414905.0,203381.0,ZN
2020-07-29,17983.151,18660.025,17967.873,18635.727,420787.0,219114.0,ZN
2020-07-30,18663.374,18866.904,18429.34,18701.383,432987.0,218665.0,ZN
2020-07-31,18597.719,19084.572,18442.988,19040.916,508782.0,232804.0,ZN
2020-08-03,18936.042,19034.736,18621.716,18752.988,398381.0,216641.0,ZN
2020-08-04,18874.355,18958.758,18688.101,18816.654,342427.0,215861.0,ZN
2020-08-05,18792.972,19018.675,18725.06,18806.478,313148.0,216198.0,ZN
2020-08-06,19067.106,19475.83,18955.493,19304.575,488139.0,209960.0,ZN
2020-08-07,19354.052,19500.15,19188.6,19359.516,340856.0,206813.0,ZN
2020-08-10,19382.554,19567.184,19067.635,19146.417,393385.0,199286.0,ZN
2020-08-11,19241.433,19367.802,19147.499,19198.667,245933.0,199917.0,ZN
2020-08-12,19270.861,19484.772,18973.955,19268.546,466092.0,204384.0,ZN
2020-08-13,19306.312,19376.003,19174.59,19276.506,273165.0,204011.0,ZN
2020-08-14,19274.566,19395.936,19142.513,19329.873,290784.0,204687.0,ZN
2020-08-17,19342.655,19713.355,19151.364,19660.561,324701.0,222015.0,ZN
2020-08-18,19715.693,19920.097,19661.496,19783.209,276110.0,222573.0,ZN
2020-08-19,19940.135,20069.994,19773.995,20065.893,320075.0,229937.0,ZN
2020-08-20,20126.642,20330.504,19860.585,20010.503,374383.0,231393.0,ZN
2020-08-21,20073.176,20128.403,19918.725,19971.162,275666.0,225218.0,ZN
2020-08-24,19866.047,19899.805,19652.783,19806.374,294644.0,212568.0,ZN
2020-08-25,19794.195,19846.54,19577.018,19800.118,264637.0,208877.0,ZN
2020-08-26,19895.838,19985.959,19723.249,19773.874,256633.0,210900.0,ZN
2020-08-27,19852.613,19886.132,19708.75,19813.435,204940.0,210923.0,ZN
2020-08-28,19801.52,20067.846,19648.291,20017.594,339256.0,219955.0,ZN
2020-08-31,20185.742,20207.006,19815.232,19869.289,244408.0,211318.0,ZN
2020-09-01,19916.432,20390.414,19859.286,20377.331,262343.0,222256.0,ZN
2020-09-02,20366.645,20376.917,20111.959,20259.22,247996.0,215230.0,ZN
2020-09-03,20244.053,20286.129,20069.497,20110.824,226503.0,210053.0,ZN
2020-09-04,20067.8,20213.154,19615.532,19802.283,327700.0,207232.0,ZN
2020-09-07,19788.281,19980.628,19643.341,19733.867,271746.0,202992.0,ZN
2020-09-08,19800.665,19879.037,19715.679,19732.423,191598.0,204333.0,ZN
2020-09-09,19529.699,19534.328,19125.279,19185.987,347812.0,203649.0,ZN
2020-09-10,19237.712,19313.582,18963.299,18969.112,245785.0,208056.0,ZN
2020-09-11,19096.329,19378.576,19039.627,19321.909,297519.0,204939.0,ZN
2020-09-14,19446.317,19690.223,19336.108,19623.299,289824.0,202846.0,ZN
2020-09-15,19627.232,19883.848,19552.528,19841.483,239755.0,209415.0,ZN
2020-09-16,19905.586,19931.272,19652.563,19775.6,254822.0,203015.0,ZN
2020-09-17,19804.585,19842.872,19468.994,19492.529,318090.0,214976.0,ZN
2020-09-18,19573.848,20014.639,19433.668,19990.78,342663.0,219034.0,ZN
2020-09-21,19920.875,20035.681,19762.859,19797.795,264241.0,213221.0,ZN
2020-09-22,19679.232,19712.18,19287.328,19516.911,348989.0,211800.0,ZN
2020-09-23,19544.712,19586.743,19125.595,19230.478,345642.0,215718.0,ZN
2020-09-24,19112.181,19245.525,18910.123,18963.648,395462.0,212816.0,ZN
2020-09-25,18913.744,19067.392,18648.427,19028.628,390102.0,207980.0,ZN
2020-09-28,18871.878,19037.315,18724.445,18998.502,326069.0,201651.0,ZN
2020-09-29,19084.738,19324.587,19052.105,19266.155,281934.0,192251.0,ZN
2020-09-30,19188.686,19317.537,19123.663,19197.137,232167.0,179118.0,ZN
2020-10-09,19050.0,19282.74,18988.188,19163.834,167649.0,178386.0,ZN
2020-10-12,19214.027,19389.434,18952.846,19358.4,282099.0,185092.0,ZN
2020-10-13,19345.062,19431.041,19109.372,19137.023,182610.0,183676.0,ZN
2020-10-14,19180.825,19205.363,18974.57,19017.261,207167.0,185939.0,ZN
2020-10-15,19057.978,19172.26,18877.857,19146.46,235370.0,183767.0,ZN
2020-10-16,19029.941,19224.533,18831.415,18938.548,294170.0,183124.0,ZN
2020-10-19,19001.471,19230.847,18904.68,19203.322,258863.0,180507.0,ZN
2020-10-20,19380.69,19402.131,19147.378,19264.011,204445.0,179806.0,ZN
2020-10-21,19327.042,19698.635,19307.045,19673.234,299212.0,191088.0,ZN
2020-10-22,19739.461,19811.79,19612.725,19732.992,250136.0,190455.0,ZN
2020-10-23,19721.522,19829.606,19657.018,19763.168,260966.0,193369.0,ZN
2020-10-26,19859.558,19917.153,19491.153,19509.446,308617.0,187381.0,ZN
2020-10-27,19487.669,19728.999,19468.168,19583.408,256994.0,185257.0,ZN
2020-10-28,19652.807,20093.983,19539.004,20025.014,353755.0,215993.0,ZN
2020-10-29,19764.847,19846.892,19524.531,19658.135,274675.0,196565.0,ZN
2020-10-30,19506.129,19774.64,19427.818,19528.747,298267.0,185103.0,ZN
2020-11-02,19582.597,19750.503,19470.519,19699.734,232195.0,187403.0,ZN
2020-11-03,19709.711,19926.975,19641.557,19883.19,259262.0,194731.0,ZN
2020-11-04,19924.997,20015.513,19570.52,19753.69,290407.0,184405.0,ZN
2020-11-05,19814.649,20090.194,19767.609,19780.114,294807.0,191525.0,ZN
2020-11-06,19885.921,19961.974,19756.123,19897.804,217361.0,191275.0,ZN
2020-11-09,19963.939,20380.42,19911.358,20370.617,359475.0,212801.0,ZN
2020-11-10,20414.223,20468.467,20008.287,20057.331,264005.0,198247.0,ZN
2020-11-11,20070.225,20216.139,20036.131,20070.177,182304.0,197860.0,ZN
2020-11-12,20093.349,20110.62,19821.959,19969.46,213081.0,193732.0,ZN
2020-11-13,19910.14,20033.442,19791.419,19969.821,188845.0,192971.0,ZN
2020-11-16,19990.346,20263.74,19937.756,20223.533,246714.0,195179.0,ZN
2020-11-17,20271.289,20389.831,20153.334,20290.676,285338.0,196502.0,ZN
2020-11-18,20356.274,20802.088,20300.028,20678.827,297325.0,212981.0,ZN
2020-11-19,20685.523,20775.74,20501.601,20765.117,226160.0,213132.0,ZN
2020-11-20,20696.345,21218.643,20674.041,21169.204,376771.0,236216.0,ZN
2020-11-23,21190.531,21231.524,20969.081,21004.369,282333.0,231090.0,ZN
2020-11-24,20939.028,21079.576,20624.284,20912.549,305270.0,220898.0,ZN
2020-11-25,20942.397,21001.829,20678.259,20694.964,282040.0,222262.0,ZN
2020-11-26,20748.727,21109.468,20680.934,21019.315,259921.0,223359.0,ZN
2020-11-27,20950.566,21167.54,20717.422,21025.264,323492.0,218233.0,ZN
2020-11-30,21065.351,21635.844,21034.693,21489.993,416624.0,222691.0,ZN
2020-12-01,21484.48,21558.61,21169.151,21263.21,296208.0,211971.0,ZN
2020-12-02,21277.372,21411.244,21058.759,21122.469,309018.0,205735.0,ZN
2020-12-03,20976.937,21077.972,20742.398,20960.223,245882.0,200354.0,ZN
2020-12-04,20987.575,21097.648,20775.266,21003.461,230612.0,199030.0,ZN
2020-12-07,20913.469,21004.004,20694.242,20987.945,305941.0,197392.0,ZN
2020-12-08,20978.606,21286.912,20950.286,21225.649,246973.0,206405.0,ZN
2020-12-09,21218.781,21522.27,21104.286,21388.518,298671.0,213121.0,ZN
2020-12-10,21418.791,21557.181,21249.898,21381.71,261236.0,207169.0,ZN
2020-12-11,21384.746,21907.875,21345.384,21477.268,390337.0,204367.0,ZN
2020-12-14,21468.862,21568.259,21251.921,21311.151,251042.0,199960.0,ZN
2020-12-15,21343.058,21472.792,21271.769,21398.164,196763.0,197569.0,ZN
2020-12-16,21478.43,21603.389,21288.489,21571.129,252631.0,199845.0,ZN
2020-12-17,21541.244,21879.294,21415.89,21867.468,256936.0,212243.0,ZN
2020-12-18,21830.331,22032.121,21700.856,21905.502,313003.0,222024.0,ZN
2020-12-21,21857.025,22277.289,21753.163,22161.047,351604.0,232551.0,ZN
2020-12-22,21901.988,21990.679,21434.605,21491.014,373035.0,211544.0,ZN
2020-12-23,21546.138,21617.853,21165.419,21305.708,302384.0,204580.0,ZN
2020-12-24,21380.949,21519.693,21360.509,21424.693,196275.0,202564.0,ZN
2020-12-25,21523.14,21777.421,21461.183,21678.907,155520.0,205537.0,ZN
2020-12-28,21666.376,21885.555,21430.238,21476.932,191872.0,198456.0,ZN
2020-12-29,21517.117,21649.774,20925.933,20991.513,283293.0,189128.0,ZN
2020-12-30,20964.292,21054.212,20699.601,20915.166,251593.0,188434.0,ZN
2020-12-31,20867.808,20975.275,20593.182,20659.766,246267.0,184762.0,ZN
2021-01-04,20855.655,20960.75,20723.904,20898.621,135014.0,180036.0,ZN
2021-01-05,21031.942,21167.871,20895.538,21136.098,193577.0,174295.0,ZN
2021-01-06,21104.407,21427.219,21067.388,21366.711,175318.0,173746.0,ZN
2021-01-07,21427.244,21686.738,21234.612,21610.765,226605.0,177620.0,ZN
2021-01-08,21509.235,21766.244,21489.31,21607.308,180613.0,177415.0,ZN
2021-01-11,21495.774,21499.012,20920.602,20995.521,293243.0,166930.0,ZN
2021-01-12,20963.355,21041.016,20635.398,20866.266,238630.0,160581.0,ZN
2021-01-13,20878.994,20954.929,20616.25,20742.372,215255.0,166339.0,ZN
2021-01-14,20709.69,20876.78,20393.715,20399.765,262334.0,177915.0,ZN
2021-01-15,20395.627,20802.643,20295.845,20301.156,296295.0,180868.0,ZN
2021-01-18,20312.898,20445.875,20135.057,20407.389,291163.0,177960.0,ZN
2021-01-19,20333.737,20408.762,20242.734,20295.176,171728.0,175772.0,ZN
2021-01-20,20313.633,20453.914,20186.18,20384.141,245457.0,170377.0,ZN
2021-01-21,20398.669,20654.936,20370.145,20535.57,190398.0,162286.0,ZN
2021-01-22,20576.024,20600.44,19975.452,20003.6,241236.0,177399.0,ZN
2021-01-25,20060.755,20494.822,20056.604,20436.965,212615.0,164201.0,ZN
2021-01-26,20342.517,20406.491,20000.504,20003.599,217734.0,168081.0,ZN
2021-01-27,20007.44,20071.2,19709.569,19788.355,265170.0,180535.0,ZN
2021-01-28,19586.143,19697.402,19328.446,19514.182,299379.0,183267.0,ZN
2021-01-29,19536.449,19712.814,19360.989,19425.922,241173.0,181976.0,ZN
2021-02-01,19494.461,19865.422,19485.489,19621.605,264097.0,167622.0,ZN
2021-02-02,19460.288,19591.585,19349.785,19486.3,196777.0,171511.0,ZN
2021-02-03,19512.945,19724.956,19449.105,19630.64,218974.0,170407.0,ZN
2021-02-04,19744.142,19951.429,19674.554,19906.613,207908.0,161029.0,ZN
2021-02-05,19867.081,20133.816,19782.78,20057.651,196510.0,159911.0,ZN
2021-02-08,20105.76,20277.138,19917.351,20018.29,184431.0,164059.0,ZN
2021-02-09,20001.676,20208.863,19879.465,20156.269,195740.0,163307.0,ZN
2021-02-10,20216.024,20482.212,20140.879,20471.198,197942.0,152810.0,ZN
2021-02-18,20835.565,21276.058,20821.184,21254.631,155240.0,152102.0,ZN
2021-02-19,21395.214,21639.197,21306.993,21601.749,220107.0,158557.0,ZN
2021-02-22,21623.069,22202.307,21488.223,21953.555,345412.0,161343.0,ZN
2021-02-23,21831.518,21941.32,21580.035,21821.104,319503.0,158543.0,ZN
2021-02-24,21629.2,21692.813,21175.554,21281.263,324562.0,161492.0,ZN
2021-02-25,21385.1,21941.652,21235.508,21659.883,394814.0,152695.0,ZN
2021-02-26,21795.295,21974.916,21307.411,21454.901,383607.0,143651.0,ZN
2021-03-01,21450.352,21487.642,21022.659,21317.411,312454.0,145171.0,ZN
2021-03-02,21294.628,21621.524,21068.192,21537.146,284891.0,149801.0,ZN
2021-03-03,21585.102,21807.46,21516.486,21687.921,237757.0,152229.0,ZN
2021-03-04,21397.743,21429.629,20932.707,20939.092,286780.0,151512.0,ZN
2021-03-05,20942.105,21306.427,20772.105,21192.734,345122.0,146273.0,ZN
2021-03-08,21160.573,21442.507,21079.278,21222.398,254873.0,143674.0,ZN
2021-03-09,21331.806,21642.337,21225.892,21234.872,289668.0,143921.0,ZN
2021-03-10,21235.296,21431.057,21158.038,21166.126,217085.0,143169.0,ZN
2021-03-11,21215.41,21837.702,21080.757,21736.037,287354.0,155963.0,ZN
2021-03-12,21626.875,21888.854,21483.518,21830.909,266471.0,161008.0,ZN
2021-03-15,21776.457,21916.974,21479.969,21812.214,269423.0,155494.0,ZN
2021-03-16,21800.213,21969.141,21548.512,21551.12,237677.0,147780.0,ZN
2021-03-17,21571.93,21754.803,21440.876,21668.692,201476.0,145500.0,ZN
2021-03-18,21651.444,21848.609,21360.295,21402.985,253981.0,147620.0,ZN
2021-03-19,21462.62,21573.53,21240.083,21419.394,291612.0,140244.0,ZN
2021-03-22,21462.831,22303.803,21425.102,22087.787,477991.0,174958.0,ZN
2021-03-23,22091.219,22436.202,21497.446,21843.078,472695.0,164848.0,ZN
2021-03-24,21872.666,21910.671,21560.144,21615.794,260866.0,159714.0,ZN
2021-03-25,21647.324,21696.364,21379.34,21395.259,283200.0,157773.0,ZN
2021-03-26,21391.486,21742.852,21322.649,21592.968,273033.0,155546.0,ZN
2021-03-29,21610.285,21851.387,21575.67,21775.617,234685.0,156996.0,ZN
2021-03-30,21802.842,21951.635,21731.318,21835.67,223964.0,153648.0,ZN
2021-03-31,21829.3,21882.317,21408.465,21537.036,228611.0,145449.0,ZN
2021-04-01,21589.352,21728.431,21398.333,21401.308,237773.0,146010.0,ZN
2021-04-02,21407.675,21535.872,21293.528,21444.69,280033.0,151158.0,ZN
2021-04-06,21465.978,21867.003,21375.401,21740.198,190252.0,145292.0,ZN
2021-04-07,21794.751,21930.953,21761.715,21842.059,203130.0,152020.0,ZN
2021-04-08,21778.365,22000.117,21711.44,21993.236,258359.0,163100.0,ZN
2021-04-09,21999.918,22187.73,21835.247,21892.425,269704.0,158775.0,ZN
2021-04-12,21915.33,22010.748,21474.521,21514.737,265869.0,146363.0,ZN
2021-04-13,21488.33,21519.76,21254.448,21322.377,251525.0,155642.0,ZN
2021-04-14,21457.418,21506.473,21295.067,21320.212,192757.0,160950.0,ZN
2021-04-15,21549.696,21709.492,21481.159,21665.609,238047.0,146829.0,ZN
2021-04-16,21581.642,21897.693,21535.881,21876.914,244120.0,145157.0,ZN
2021-04-19,21969.719,21994.24,21717.009,21930.312,216533.0,147530.0,ZN
2021-04-20,21939.889,21941.932,21713.633,21739.997,208107.0,145987.0,ZN
2021-04-21,21736.797,21758.853,21348.927,21425.472,290226.0,154777.0,ZN
2021-04-22,21383.415,21522.53,21353.936,21364.442,222344.0,161169.0,ZN
2021-04-23,21404.601,21520.867,21225.517,21377.902,297280.0,163442.0,ZN
2021-04-26,21410.824,21918.646,21387.378,21870.29,305663.0,146702.0,ZN
2021-04-27,21963.894,22412.968,21916.228,22225.75,346578.0,167296.0,ZN
2021-04-28,22102.957,22303.756,21932.11,22125.407,281002.0,166284.0,ZN
2021-04-29,22272.187,22599.269,22050.899,22260.599,366490.0,175656.0,ZN
2021-04-30,22280.432,22355.961,21721.271,21788.656,339885.0,151391.0,ZN
2021-05-06,21858.605,22104.166,21764.447,22018.755,195484.0,156965.0,ZN
2021-05-07,22080.828,22467.682,21906.953,22415.951,327480.0,167001.0,ZN
2021-05-10,22548.401,23063.92,22495.428,22805.326,483337.0,177283.0,ZN
2021-05-11,22861.889,22905.159,22208.655,22510.577,355011.0,161861.0,ZN
2021-05-12,22534.832,22556.904,22331.501,22530.104,239438.0,167216.0,ZN
2021-05-13,22335.373,22396.718,21892.988,21994.319,387626.0,160659.0,ZN
2021-05-14,21814.161,22124.68,21759.459,22009.78,320877.0,153784.0,ZN
2021-05-17,22020.93,22402.487,21960.243,22368.008,297936.0,154588.0,ZN
2021-05-18,22404.371,23482.733,22369.528,23203.028,490169.0,180128.0,ZN
2021-05-19,23221.542,23381.122,22743.683,22751.297,378434.0,167485.0,ZN
2021-05-20,22589.54,22632.114,22083.537,22490.722,425868.0,144665.0,ZN
2021-05-21,22412.734,22589.641,22198.806,22418.298,350833.0,151786.0,ZN
2021-05-24,22660.027,22782.222,21917.065,22136.547,402738.0,141403.0,ZN
2021-05-25,22174.033,22375.405,22110.957,22134.021,234251.0,141201.0,ZN
2021-05-26,22180.416,22468.052,22119.099,22290.919,235391.0,143805.0,ZN
2021-05-27,22279.97,22672.079,22156.33,22579.466,283516.0,151474.0,ZN
2021-05-28,22533.805,23078.794,22490.13,23024.024,338679.0,168027.0,ZN
2021-05-31,22903.075,23105.456,22775.744,22882.926,243571.0,163998.0,ZN
2021-06-01,22815.387,23072.058,22588.409,23062.863,235013.0,166978.0,ZN
2021-06-02,22945.696,23194.532,22839.608,23130.791,318226.0,178264.0,ZN
2021-06-03,23129.534,23179.132,22771.967,22879.31,264542.0,173652.0,ZN
2021-06-04,22492.832,22584.748,22335.758,22510.557,263695.0,156625.0,ZN
2021-06-07,22585.113,22693.726,22393.669,22401.329,177708.0,154609.0,ZN
2021-06-08,22455.489,22769.765,22416.284,22494.283,264401.0,156972.0,ZN
2021-06-09,22488.195,22721.783,22410.733,22667.29,235033.0,159832.0,ZN
2021-06-10,22603.057,22694.868,22220.507,22386.254,245536.0,158231.0,ZN
2021-06-11,22409.038,22866.844,22331.173,22722.551,246642.0,154634.0,ZN
2021-06-15,22767.221,22825.543,22294.267,22445.54,199715.0,147541.0,ZN
2021-06-16,22424.935,22766.831,22277.269,22286.696,330967.0,153814.0,ZN
2021-06-17,22321.274,22792.645,22293.136,22613.159,347185.0,167640.0,ZN
2021-06-18,22419.314,22460.459,21834.58,21918.952,492586.0,160214.0,ZN
2021-06-21,21778.015,21789.079,21375.093,21489.639,373837.0,165431.0,ZN
2021-06-22,21491.741,21711.1,21465.27,21635.373,248572.0,159751.0,ZN
2021-06-23,21544.054,21832.703,21528.474,21805.038,312440.0,156502.0,ZN
2021-06-24,21881.913,21998.15,21690.822,21692.791,274918.0,157945.0,ZN
2021-06-25,21798.704,22014.943,21756.872,21759.995,302871.0,159199.0,ZN
2021-06-28,21825.265,21987.832,21713.491,21747.11,317085.0,161575.0,ZN
2021-06-29,21751.614,21949.817,21672.631,21900.935,247103.0,159381.0,ZN
2021-06-30,21916.458,22075.433,21809.096,21969.756,255366.0,148473.0,ZN
2021-07-01,22023.669,22247.593,21988.425,22175.934,257579.0,153329.0,ZN
2021-07-02,22140.309,22189.91,21929.623,22015.358,224618.0,148242.0,ZN
2021-07-05,22073.975,22328.357,21822.472,22192.209,353008.0,150848.0,ZN
2021-07-06,22149.308,22315.179,22083.804,22280.132,210173.0,151087.0,ZN
2021-07-07,22330.023,22391.479,21958.135,22334.86,295286.0,154493.0,ZN
2021-07-08,22275.963,22348.776,22091.803,22178.09,234966.0,146949.0,ZN
2021-07-09,22187.727,22403.097,22139.784,22342.93,239312.0,159308.0,ZN
2021-07-12,22425.624,22671.937,22150.522,22168.641,297768.0,159412.0,ZN
2021-07-13,22151.247,22216.862,21977.986,21985.065,227200.0,152231.0,ZN
2021-07-14,21909.865,22014.777,21763.437,21967.953,258695.0,151073.0,ZN
2021-07-15,21933.859,22128.859,21778.056,22115.837,236776.0,145796.0,ZN
2021-07-16,22086.395,22472.332,22061.211,22448.283,255893.0,152589.0,ZN
2021-07-19,22472.021,22605.789,22392.557,22469.962,238539.0,168950.0,ZN
2021-07-20,22277.737,22579.912,22257.919,22514.45,225108.0,188456.0,ZN
2021-07-21,22411.003,22572.172,22089.803,22159.831,278859.0,168179.0,ZN
2021-07-22,22188.017,22219.759,22099.825,22172.721,187418.0,158583.0,ZN
2021-07-23,22161.709,22318.535,22058.017,22206.385,253017.0,155049.0,ZN
2021-07-26,22288.428,22539.327,22215.627,22374.419,291722.0,155636.0,ZN
2021-07-27,22381.755,22669.583,22324.999,22363.847,321246.0,162305.0,ZN
2021-07-28,22389.831,22405.241,22214.005,22238.479,225201.0,155904.0,ZN
2021-07-29,22269.012,22379.28,22204.751,22359.721,216511.0,152711.0,ZN
2021-07-30,22328.712,22536.602,22292.133,22490.109,223147.0,157710.0,ZN
2021-08-02,22607.56,22693.026,22439.799,22564.66,286593.0,164449.0,ZN
2021-08-03,22653.457,22657.415,22108.289,22121.925,299006.0,149241.0,ZN
2021-08-04,22009.78,22132.616,21968.826,22053.491,208979.0,145075.0,ZN
2021-08-05,22044.192,22176.681,21993.682,22085.544,307938.0,145704.0,ZN
2021-08-06,22205.42,22593.571,22179.794,22567.964,287629.0,148590.0,ZN
2021-08-09,22431.806,22489.82,22247.335,22389.626,230970.0,141190.0,ZN
2021-08-10,22212.301,22437.835,22193.578,22421.965,205983.0,135910.0,ZN
2021-08-11,22428.701,22534.377,22352.965,22508.834,188506.0,142635.0,ZN
2021-08-12,22641.538,22807.098,22572.682,22781.392,259179.0,170264.0,ZN
2021-08-13,22622.888,22645.048,22300.395,22357.208,272189.0,142852.0,ZN
2021-08-16,22469.389,22660.906,22323.672,22389.311,250941.0,143496.0,ZN
2021-08-17,22498.497,22827.691,22475.383,22769.33,291759.0,172807.0,ZN
2021-08-18,22546.487,22781.067,22506.205,22625.614,250251.0,162836.0,ZN
2021-08-19,22603.654,22636.2,22386.191,22409.651,231588.0,152857.0,ZN
2021-08-20,22197.608,22490.301,22163.14,22427.389,306183.0,150577.0,ZN
2021-08-23,22314.387,22424.929,22202.26,22223.521,281879.0,153713.0,ZN
2021-08-24,22283.996,22393.825,22112.348,22326.978,288989.0,145727.0,ZN
2021-08-25,22456.544,22600.516,22425.022,22580.841,223983.0,151515.0,ZN
2021-08-26,22708.395,22731.395,22437.563,22503.864,207242.0,155856.0,ZN
2021-08-27,22467.409,22514.203,22239.376,22381.903,274998.0,151303.0,ZN
2021-08-30,22373.222,22648.949,22317.826,22627.004,265473.0,151512.0,ZN
2021-08-31,22624.495,22629.068,22284.016,22348.66,213452.0,145670.0,ZN
2021-09-01,22474.667,22493.827,22159.641,22163.117,229368.0,157114.0,ZN
2021-09-02,22165.746,22294.866,22009.694,22265.162,208727.0,157440.0,ZN
2021-09-03,22210.155,22498.401,22176.44,22405.867,225788.0,147809.0,ZN
2021-09-06,22410.199,22584.508,22355.794,22579.439,246707.0,149881.0,ZN
2021-09-07,22552.752,22587.788,22391.713,22500.335,192693.0,147570.0,ZN
2021-09-08,22615.163,22716.389,22525.769,22625.405,277721.0,169117.0,ZN
2021-09-09,22699.987,22969.494,22640.973,22948.992,362291.0,187468.0,ZN
2021-09-10,22927.26,22978.115,22738.903,22933.458,273483.0,186372.0,ZN
2021-09-13,22995.994,23215.329,22855.817,22882.195,357188.0,192680.0,ZN
2021-09-14,22953.072,23002.298,22566.104,22575.798,279258.0,174229.0,ZN
2021-09-15,22504.779,22624.38,22464.374,22568.98,225781.0,163537.0,ZN
2021-09-16,22637.585,22740.382,22501.404,22512.224,239695.0,163836.0,ZN
2021-09-17,22589.699,22867.871,22580.885,22769.182,285266.0,167792.0,ZN
2021-09-22,22449.505,22798.539,22357.701,22776.023,210712.0,164803.0,ZN
2021-09-23,22765.612,22826.47,22526.391,22659.491,239231.0,152475.0,ZN
2021-09-24,22747.121,23040.654,22668.624,22977.105,351671.0,177712.0,ZN
2021-09-27,23032.567,23268.268,22848.05,23003.662,452800.0,190457.0,ZN
2021-09-28,22889.841,22949.835,22652.454,22708.475,295932.0,166128.0,ZN
2021-09-29,22700.05,22781.081,22613.444,22687.352,214534.0,158139.0,ZN
2021-09-30,22627.113,22697.433,22348.992,22369.164,236408.0,143711.0,ZN
2021-10-08,22535.223,22969.195,22535.165,22937.289,229813.0,152558.0,ZN
2021-10-11,23052.722,23430.959,22975.967,23234.966,342258.0,173892.0,ZN
2021-10-12,23458.42,23880.256,23382.016,23732.554,407021.0,197121.0,ZN
2021-10-13,23812.1,24001.83,23526.035,23998.229,390209.0,205425.0,ZN
2021-10-14,24458.576,25703.13,24432.274,25703.065,578789.0,220736.0,ZN
2021-10-15,25637.412,26051.759,25415.024,25717.101,574186.0,209398.0,ZN
2021-10-18,27424.064,27715.465,26857.597,27715.422,711583.0,203194.0,ZN
2021-10-19,27363.753,27587.723,26908.069,27285.384,587832.0,191713.0,ZN
2021-10-20,26815.914,26873.994,25101.04,25434.045,771503.0,185385.0,ZN
2021-10-21,25631.751,26207.184,25387.701,25396.319,589752.0,183879.0,ZN
2021-10-22,25182.595,25381.985,24086.939,24681.999,730074.0,164096.0,ZN
2021-10-25,24687.299,25096.325,24028.382,24740.741,537864.0,164748.0,ZN
2021-10-26,24747.398,24918.959,24121.537,24434.289,463955.0,160951.0,ZN
2021-10-27,24391.029,24776.451,23858.093,23893.231,536403.0,154690.0,ZN
2021-10-28,23688.146,24196.445,23343.606,23862.821,492869.0,146516.0,ZN
2021-10-29,23780.251,23900.987,23328.383,23449.264,364755.0,148338.0,ZN
2021-11-01,23534.737,24441.203,23462.714,24050.492,459123.0,156232.0,ZN
2021-11-02,24069.865,24164.897,23461.587,23613.539,267780.0,159883.0,ZN
2021-11-03,23621.673,24012.579,23398.987,23779.2,244306.0,162524.0,ZN
2021-11-04,23649.221,23982.051,23155.305,23825.464,300662.0,164644.0,ZN
2021-11-05,23647.98,23702.076,22618.248,22838.961,343166.0,164670.0,ZN
2021-11-08,22717.795,23113.018,22657.157,22923.356,252615.0,163148.0,ZN
2021-11-09,22998.718,23245.546,22800.449,23176.398,209571.0,170802.0,ZN
2021-11-10,23334.1,23543.285,22967.112,23322.959,311140.0,178465.0,ZN
2021-11-11,23338.539,23547.786,23180.294,23498.332,226154.0,174581.0,ZN
2021-11-12,23411.83,23457.001,23146.736,23198.649,235547.0,174558.0,ZN
2021-11-15,23233.602,23387.321,22997.951,23069.105,252989.0,175998.0,ZN
2021-11-16,23071.754,23105.671,22593.916,22638.954,264411.0,177723.0,ZN
2021-11-17,22704.997,22976.277,22649.825,22898.983,265596.0,174682.0,ZN
2021-11-18,22853.16,22874.238,22278.694,22331.443,263925.0,189006.0,ZN
2021-11-19,22398.773,22939.033,22304.628,22824.861,267860.0,171956.0,ZN
2021-11-22,22679.22,23159.446,22637.481,22933.875,256572.0,169523.0,ZN
2021-11-23,22964.781,23974.919,22954.432,23715.287,427862.0,182242.0,ZN
2021-11-24,23810.485,23835.62,23534.327,23761.919,263734.0,182485.0,ZN
2021-11-25,23835.842,23907.669,23641.96,23789.214,267937.0,180734.0,ZN
2021-11-26,23858.285,23868.19,23400.491,23467.846,307838.0,178072.0,ZN
2021-11-29,23076.996,23138.914,22714.369,22936.418,337961.0,164951.0,ZN
2021-11-30,22953.06,23049.694,22821.739,22883.248,211269.0,164890.0,ZN
2021-12-01,23134.297,23303.947,22904.807,23051.017,299248.0,164448.0,ZN
2021-12-02,23053.382,23212.644,22917.802,22916.134,291048.0,161175.0,ZN
2021-12-03,23087.27,23337.872,22865.841,23272.538,312247.0,165226.0,ZN
2021-12-06,23210.628,23222.895,22686.879,22739.327,267579.0,165337.0,ZN
2021-12-07,22760.853,22981.963,22743.412,22878.884,177472.0,162024.0,ZN
2021-12-08,23109.798,23235.528,23029.194,23191.602,200970.0,158886.0,ZN
2021-12-09,23303.837,23608.296,23242.205,23507.799,230891.0,173600.0,ZN
2021-12-10,23524.81,23622.373,23399.246,23462.532,153386.0,173906.0,ZN
2021-12-13,23434.747,23801.024,23317.81,23788.331,217486.0,183619.0,ZN
2021-12-14,23763.409,23765.933,23368.111,23591.668,193448.0,184639.0,ZN
2021-12-15,23565.615,23567.971,23008.672,23067.338,211652.0,177492.0,ZN
2021-12-16,23044.155,23466.547,22908.502,23440.285,217935.0,175121.0,ZN
2021-12-17,23582.214,24193.562,23534.778,24181.452,363043.0,205651.0,ZN
2021-12-20,24039.031,24164.951,23513.264,23534.861,317773.0,198915.0,ZN
2021-12-21,23572.69,23618.44,23352.224,23552.653,207760.0,198549.0,ZN
2021-12-22,23785.777,24091.053,23635.504,24014.295,280460.0,214054.0,ZN
2021-12-23,24291.222,24542.432,24239.226,24478.316,329181.0,229609.0,ZN
2021-12-24,24411.877,24471.972,24253.639,24331.636,249142.0,226463.0,ZN
2021-12-27,24442.123,24659.503,23961.957,23976.417,329655.0,223076.0,ZN
2021-12-28,24061.926,24247.639,23870.464,24121.343,191798.0,219796.0,ZN
2021-12-29,24092.961,24158.858,23869.393,24122.197,223243.0,224533.0,ZN
2021-12-30,24169.792,24224.954,23927.248,24182.751,274387.0,216963.0,ZN
2021-12-31,24236.517,24600.094,23960.114,24160.247,307808.0,210293.0,ZN
2022-01-04,24205.263,24324.967,24000.727,24079.035,163867.0,211318.0,ZN
2022-01-05,24206.821,24568.342,24124.438,24443.171,278115.0,220703.0,ZN
2022-01-06,24478.466,24608.922,24347.732,24424.857,248714.0,218304.0,ZN
2022-01-07,24496.12,24886.331,24233.435,24532.945,328481.0,223506.0,ZN
2022-01-10,24539.019,24571.377,24181.045,24309.689,261044.0,219414.0,ZN
2022-01-11,24278.714,24414.097,24029.358,24277.069,245284.0,214775.0,ZN
2022-01-12,24363.78,24989.615,24335.51,24923.472,326259.0,222849.0,ZN
2022-01-13,25040.557,25117.962,24723.375,24834.575,282456.0,222141.0,ZN
2022-01-14,24982.74,25068.619,24776.145,25012.382,261163.0,234989.0,ZN
2022-01-17,24920.812,24933.018,24460.391,24580.497,307409.0,226947.0,ZN
2022-01-18,24551.472,24664.981,24378.441,24640.001,245072.0,223494.0,ZN
2022-01-19,24633.465,24960.715,24581.898,24830.384,243666.0,232564.0,ZN
2022-01-20,24943.777,25350.904,24888.413,25189.688,346997.0,249955.0,ZN
2022-01-21,25323.899,25385.23,25049.272,25206.33,289338.0,252818.0,ZN
2022-01-24,25235.628,25405.386,24761.737,24851.192,319122.0,240144.0,ZN
2022-01-25,24772.021,24918.489,24664.327,24746.641,219645.0,239652.0,ZN
2022-01-26,24803.279,24989.178,24666.24,24968.176,295640.0,245961.0,ZN
2022-01-27,24947.611,25074.115,24585.165,24838.034,276949.0,244418.0,ZN
2022-01-28,25018.173,25538.363,25012.436,25334.666,308813.0,237820.0,ZN
2022-02-07,25383.037,25452.046,25022.158,25091.587,166297.0,244313.0,ZN
2022-02-08,25188.75,25576.223,25173.601,25522.144,254218.0,247053.0,ZN
2022-02-09,25450.073,25462.817,25075.543,25264.274,271750.0,250648.0,ZN
2022-02-10,25367.875,25874.949,25318.29,25784.08,248800.0,261150.0,ZN
2022-02-11,25985.787,26179.299,25542.581,25570.582,314607.0,260899.0,ZN
2022-02-14,25714.339,25844.193,25384.863,25464.108,235783.0,258193.0,ZN
2022-02-15,25460.085,25475.105,24937.771,25153.771,260560.0,254957.0,ZN
2022-02-16,25244.493,25283.459,24997.736,25051.436,187706.0,249302.0,ZN
2022-02-17,25188.481,25205.531,24862.809,24911.95,217419.0,254403.0,ZN
2022-02-18,25002.33,25354.375,24979.922,25287.416,220739.0,249892.0,ZN
2022-02-21,25217.956,25242.474,24656.228,24850.171,297576.0,252047.0,ZN
2022-02-22,24785.721,24958.022,24731.574,24865.773,235258.0,250135.0,ZN
2022-02-23,25005.483,25272.742,24998.892,25097.61,232344.0,244075.0,ZN
2022-02-24,25060.582,25083.567,24681.314,24737.513,280868.0,255217.0,ZN
2022-02-25,24987.22,25073.411,24534.206,24725.025,348532.0,258960.0,ZN
2022-02-28,24817.987,25098.927,24733.592,25041.217,250335.0,246584.0,ZN
2022-03-01,24993.436,25335.451,24954.988,25187.834,209635.0,240669.0,ZN
2022-03-02,25372.814,25766.425,25310.775,25739.891,253853.0,252258.0,ZN
2022-03-03,26026.233,26243.369,25806.157,26125.688,340217.0,254607.0,ZN
2022-03-04,26016.376,26120.788,25724.735,25879.458,280663.0,255556.0,ZN
2022-03-07,25849.508,27029.086,25661.688,26569.867,369455.0,267356.0,ZN
2022-03-08,26733.158,28470.95,26289.833,28190.234,566273.0,261337.0,ZN
2022-03-09,26406.102,26897.262,25728.621,26128.505,586427.0,228131.0,ZN
2022-03-10,25525.743,25825.993,25172.436,25538.054,361022.0,203122.0,ZN
2022-03-11,25507.615,25784.888,25415.893,25540.436,194613.0,197759.0,ZN
2022-03-14,25449.931,25526.278,25298.253,25316.168,181197.0,193588.0,ZN
2022-03-15,25223.09,25334.238,25120.161,25251.251,187826.0,186720.0,ZN
2022-03-16,25109.83,25460.207,24809.558,25457.838,270836.0,174410.0,ZN
2022-03-17,25504.74,25618.806,25197.136,25300.631,177524.0,176287.0,ZN
2022-03-18,25257.226,25602.131,25187.435,25534.015,197998.0,177334.0,ZN
2022-03-21,25415.506,25550.019,25233.981,25545.21,191483.0,177151.0,ZN
2022-03-22,25620.15,25792.179,25502.3,25510.165,167014.0,175560.0,ZN
2022-03-23,25679.354,25801.33,25546.704,25748.087,133286.0,177309.0,ZN
2022-03-24,26018.286,26441.184,25911.628,26137.241,236314.0,182425.0,ZN
2022-03-25,26172.755,26458.71,26066.227,26367.527,199564.0,185167.0,ZN
2022-03-28,26300.002,26377.611,25752.109,26306.362,179258.0,187720.0,ZN
2022-03-29,26314.794,26712.666,26256.051,26576.697,224606.0,194061.0,ZN
2022-03-30,26336.469,27014.242,26142.105,26762.92,272224.0,201462.0,ZN
2022-03-31,26818.743,27053.021,26707.604,26781.255,200513.0,202685.0,ZN
2022-04-01,26787.996,27147.066,26725.778,26869.978,221693.0,203263.0,ZN
2022-04-06,27276.623,27500.112,27158.031,27359.179,166162.0,210181.0,ZN
2022-04-07,27474.593,27528.506,27130.844,27257.776,204151.0,209331.0,ZN
2022-04-08,27106.202,27221.726,26900.448,27131.736,178083.0,205554.0,ZN
2022-04-11,27260.833,27557.087,27196.76,27229.233,233438.0,212271.0,ZN
2022-04-12,27370.045,27931.258,27055.626,27840.256,288808.0,232609.0,ZN
2022-04-13,27775.682,28959.2,27674.601,28374.735,412509.0,248696.0,ZN
2022-04-14,28426.52,28601.359,27800.979,27819.473,321017.0,238560.0,ZN
2022-04-15,27971.632,28358.204,27908.815,28295.314,278552.0,241345.0,ZN
2022-04-18,28200.385,28419.677,27854.365,28388.061,273284.0,239706.0,ZN
2022-04-19,28301.447,28982.304,28223.556,28504.91,353450.0,247816.0,ZN
2022-04-20,28507.369,28801.877,28258.934,28646.092,394022.0,252733.0,ZN
2022-04-21,28531.878,28677.918,28338.749,28379.42,269201.0,246475.0,ZN
2022-04-22,28490.372,28716.27,28320.484,28418.405,276509.0,243173.0,ZN
2022-04-25,28541.727,28695.257,27637.522,27644.999,491484.0,219859.0,ZN
2022-04-26,27408.473,27855.024,27064.337,27566.153,368076.0,212028.0,ZN
2022-04-27,27501.851,27718.174,27365.382,27583.451,302403.0,213292.0,ZN
2022-04-28,27631.312,27964.382,27521.641,27883.829,246854.0,211560.0,ZN
2022-04-29,27712.161,28057.107,27566.396,27939.77,259851.0,210021.0,ZN
2022-05-05,27515.608,27923.45,27308.609,27441.17,190778.0,205927.0,ZN
2022-05-06,27213.428,27331.838,26812.292,26833.664,331382.0,206653.0,ZN
2022-05-09,26517.787,26536.275,26088.817,26183.5,367325.0,201044.0,ZN
2022-05-10,25656.937,26012.859,25325.618,25737.722,396695.0,198011.0,ZN
2022-05-11,25474.92,25911.48,25217.007,25646.416,365307.0,200295.0,ZN
2022-05-12,25543.702,25970.842,25409.891,25511.525,277279.0,195059.0,ZN
2022-05-13,25232.201,25493.156,25024.876,25464.404,293751.0,201398.0,ZN
2022-05-16,25148.079,25723.179,25063.128,25428.94,298802.0,200344.0,ZN
2022-05-17,25643.254,25944.375,25568.397,25689.238,246587.0,190264.0,ZN
2022-05-18,25990.043,26051.479,25420.783,25426.515,248705.0,195278.0,ZN
2022-05-19,25404.121,25645.865,25302.983,25450.268,205980.0,195427.0,ZN
2022-05-20,25638.857,25845.665,25524.318,25640.556,236137.0,193122.0,ZN
2022-05-23,25652.987,25776.928,25332.543,25440.816,235028.0,194856.0,ZN
2022-05-24,25621.41,25662.729,25266.595,25294.946,266781.0,197675.0,ZN
2022-05-25,25266.83,25674.371,25249.351,25638.273,262794.0,192772.0,ZN
2022-05-26,25472.204,25566.892,25290.286,25383.936,247849.0,190961.0,ZN
2022-05-27,25409.163,25903.721,25361.958,25839.947,247278.0,188036.0,ZN
2022-05-30,25977.925,26270.304,25894.938,26053.76,246502.0,195189.0,ZN
2022-05-31,26169.148,26275.172,26050.118,26196.416,201073.0,198787.0,ZN
2022-06-01,26215.17,26306.477,25966.145,26163.354,242183.0,190963.0,ZN
2022-06-02,26282.149,26461.005,26098.359,26351.889,230800.0,191165.0,ZN
2022-06-06,26434.656,26745.834,26327.984,26666.23,153403.0,202106.0,ZN
2022-06-07,26461.059,26496.61,26021.789,26114.9,223309.0,208182.0,ZN
2022-06-08,25829.718,26408.059,25802.161,26239.624,210245.0,205616.0,ZN
2022-06-09,26306.769,26571.051,26263.856,26445.249,156337.0,203584.0,ZN
2022-06-10,26304.593,26308.946,26003.149,26087.621,189732.0,199664.0,ZN
2022-06-13,26069.331,26181.15,25786.321,25826.342,208090.0,202211.0,ZN
2022-06-14,25663.427,26060.526,25600.768,26035.733,220612.0,199586.0,ZN
2022-06-15,25879.635,26081.972,25734.944,25797.573,191392.0,197928.0,ZN
2022-06-16,25914.557,26257.864,25822.563,26030.115,232514.0,189688.0,ZN
2022-06-17,25784.621,25805.239,25492.414,25740.295,255732.0,189359.0,ZN
2022-06-20,25464.085,25580.643,25098.219,25207.666,341718.0,195285.0,ZN
2022-06-21,25141.533,25427.965,24769.525,25269.266,320347.0,191809.0,ZN
2022-06-22,25522.421,25758.146,25177.278,25190.0,319056.0,200761.0,ZN
2022-06-23,25156.336,25351.478,24852.0,25100.762,347331.0,198116.0,ZN
2022-06-24,24778.656,24866.29,23867.838,23903.747,524637.0,205796.0,ZN
2022-06-27,23719.775,23997.233,22531.183,23659.524,695858.0,196646.0,ZN
2022-06-28,23641.164,24248.451,23464.462,24215.719,341906.0,187665.0,ZN
2022-06-29,24158.035,24224.365,23711.321,24005.081,372976.0,195360.0,ZN
2022-06-30,24128.065,24533.865,23711.258,23730.452,269055.0,195862.0,ZN
2022-07-01,23181.035,23352.073,22656.687,22870.137,421550.0,198121.0,ZN
2022-07-04,22585.72,22888.689,22422.947,22708.788,343224.0,201958.0,ZN
2022-07-05,22846.243,23352.357,22733.295,23018.578,315072.0,211719.0,ZN
2022-07-06,22561.906,22752.677,22136.088,22725.53,437831.0,215646.0,ZN
2022-07-07,22862.038,23380.451,22602.932,23120.849,384097.0,206642.0,ZN
2022-07-08,23266.156,23519.995,23220.118,23290.298,293305.0,211856.0,ZN
2022-07-11,23236.55,23496.451,23080.496,23343.331,310090.0,217379.0,ZN
2022-07-12,23272.322,23692.303,22983.772,23243.75,304610.0,230410.0,ZN
2022-07-13,23222.866,23274.007,22295.826,22452.635,462096.0,224422.0,ZN
2022-07-14,22346.732,22428.125,21563.1,21796.043,562366.0,233480.0,ZN
2022-07-15,21722.196,21923.97,21383.291,21475.634,403126.0,233238.0,ZN
2022-07-18,21675.916,22436.198,21593.995,22375.344,417933.0,220877.0,ZN
2022-07-19,22460.335,22586.896,21994.319,22032.466,315935.0,223131.0,ZN
2022-07-20,22117.21,22608.253,21984.849,22490.751,336033.0,222360.0,ZN
2022-07-21,22632.367,22665.863,22213.231,22343.667,264808.0,224056.0,ZN
2022-07-22,22219.873,22477.087,22084.043,22433.956,284385.0,226634.0,ZN
2022-07-25,22354.01,22732.391,22311.32,22458.349,334065.0,234741.0,ZN
2022-07-26,22416.3,22829.318,22327.948,22814.094,297618.0,230896.0,ZN
2022-07-27,22829.197,22902.832,22466.882,22655.754,238847.0,223630.0,ZN
2022-07-28,22571.77,23556.626,22508.919,23529.864,291319.0,228106.0,ZN
2022-07-29,23545.356,23885.166,23334.532,23867.749,300097.0,227731.0,ZN
2022-08-01,24111.886,24289.709,23824.374,23952.43,312101.0,229544.0,ZN
2022-08-02,23948.683,24003.553,23593.024,23800.619,263279.0,229232.0,ZN
2022-08-03,23855.259,23942.056,23300.374,23585.055,297373.0,226134.0,ZN
2022-08-04,23514.054,23665.541,23395.32,23532.999,199137.0,231602.0,ZN
2022-08-05,23714.747,24744.899,23564.483,24468.292,444497.0,246952.0,ZN
2022-08-08,24293.43,24384.678,23711.213,24193.127,335118.0,240952.0,ZN
2022-08-09,24043.94,24210.07,23869.366,24113.687,239878.0,239217.0,ZN
2022-08-10,24403.319,24700.04,24368.871,24670.909,314584.0,252951.0,ZN
2022-08-11,24761.443,25190.856,24730.206,25043.597,299964.0,262478.0,ZN
2022-08-12,25153.866,25212.998,24796.799,24948.17,283767.0,258328.0,ZN
2022-08-15,24675.413,24694.439,24240.379,24329.465,295970.0,249339.0,ZN
2022-08-16,24346.651,24860.705,24112.079,24825.38,297472.0,258197.0,ZN
2022-08-17,25614.6,25673.397,25093.504,25151.56,419975.0,271438.0,ZN
2022-08-18,24856.899,24974.469,24260.161,24304.3,339873.0,264565.0,ZN
2022-08-19,24473.189,24734.103,24379.233,24541.027,285036.0,261817.0,ZN
2022-08-22,24494.546,24915.2,24337.719,24810.618,316466.0,254877.0,ZN
2022-08-23,24735.18,25193.751,24703.14,25025.503,280961.0,254495.0,ZN
2022-08-24,24824.031,25177.963,24785.699,25163.009,254111.0,255482.0,ZN
2022-08-25,25129.316,25338.32,24970.118,25309.085,305127.0,272979.0,ZN
2022-08-26,25224.901,25552.221,25171.139,25451.798,275081.0,282547.0,ZN
2022-08-29,25559.179,25690.662,24786.457,24966.094,364915.0,263784.0,ZN
2022-08-30,24953.685,25057.173,24597.193,24765.003,259380.0,257055.0,ZN
2022-08-31,24716.05,24975.505,24606.953,24868.443,213179.0,253217.0,ZN
2022-09-01,24729.463,24856.331,24148.816,24166.904,303335.0,244753.0,ZN
2022-09-02,23743.237,23831.669,23508.903,23595.384,367667.0,227738.0,ZN
2022-09-05,23298.419,24094.0,23205.147,24014.228,402839.0,217687.0,ZN
2022-09-06,24081.875,24234.243,23986.549,24153.597,212449.0,216600.0,ZN
2022-09-07,23939.251,24035.795,23569.813,23602.322,259410.0,213837.0,ZN
2022-09-08,23568.651,24050.992,23514.919,23941.865,254543.0,209472.0,ZN
2022-09-09,23861.883,24616.241,23792.517,24467.229,313166.0,215559.0,ZN
2022-09-13,24460.532,24726.59,24430.444,24540.304,155125.0,219507.0,ZN
2022-09-14,24539.632,24824.628,24366.27,24477.403,256768.0,223013.0,ZN
2022-09-15,24448.129,24680.13,24333.479,24395.33,285449.0,223274.0,ZN
2022-09-16,24297.237,24467.344,24009.514,24011.922,269082.0,217654.0,ZN
2022-09-19,23947.516,24526.8,23919.585,24152.115,264182.0,216220.0,ZN
2022-09-20,24033.998,24366.743,23997.631,24172.4,196832.0,214246.0,ZN
2022-09-21,24293.237,24514.159,24117.634,24406.953,259744.0,220569.0,ZN
2022-09-22,24300.662,24632.034,24053.452,24486.239,341343.0,223442.0,ZN
2022-09-23,24561.234,24832.738,24350.365,24370.775,282024.0,230529.0,ZN
2022-09-26,24110.712,24236.987,23823.882,23839.557,376925.0,224434.0,ZN
2022-09-27,23769.402,24129.361,23693.778,23921.212,339903.0,217693.0,ZN
2022-09-28,23892.589,23948.181,23196.745,23199.332,394805.0,211839.0,ZN
2022-09-29,23314.127,23734.06,23303.194,23670.188,266928.0,203281.0,ZN
2022-09-30,23970.967,24055.072,23523.221,23557.949,252262.0,194242.0,ZN
2022-10-10,23581.708,24248.634,23577.0,24130.385,212090.0,206914.0,ZN
2022-10-11,24188.065,24515.314,24078.515,24348.203,260954.0,220427.0,ZN
2022-10-12,24390.473,24446.453,24054.286,24334.514,232627.0,225219.0,ZN
2022-10-13,24319.902,24592.682,24149.546,24265.829,268710.0,233314.0,ZN
2022-10-14,24057.23,24706.929,23946.026,24675.008,283353.0,240329.0,ZN
2022-10-17,24532.176,24599.451,24156.38,24316.264,236573.0,235981.0,ZN
2022-10-18,24169.027,24270.122,23946.62,24042.068,221317.0,227474.0,ZN
2022-10-19,23942.811,24477.319,23893.341,24399.812,278639.0,246241.0,ZN
2022-10-20,24312.446,24705.039,24304.861,24544.487,296692.0,254827.0,ZN
2022-10-21,24581.625,25038.063,24192.845,24211.285,445201.0,257471.0,ZN
2022-10-24,24120.07,24419.929,24024.54,24325.014,399538.0,241146.0,ZN
2022-10-25,24202.873,24372.118,24113.593,24306.788,253817.0,233898.0,ZN
2022-10-26,24070.157,24177.778,23921.971,23996.308,320779.0,225519.0,ZN
2022-10-27,24079.874,24226.711,23983.859,24084.31,272078.0,226609.0,ZN
2022-10-28,24036.319,24267.254,23415.106,23430.43,350109.0,226164.0,ZN
2022-10-31,23389.254,23554.548,22388.797,22417.869,504293.0,234884.0,ZN
2022-11-01,22398.626,22548.988,21740.609,22490.175,550135.0,227283.0,ZN
2022-11-02,22549.412,22825.948,22352.479,22678.466,340973.0,219416.0,ZN
2022-11-03,22578.157,22726.319,22373.989,22497.938,263823.0,222341.0,ZN
2022-11-04,22170.763,23246.527,22115.366,23077.523,474470.0,215735.0,ZN
2022-11-07,23372.23,23648.221,22925.253,23313.732,398894.0,217382.0,ZN
2022-11-08,23333.338,23581.544,23125.887,23416.253,275047.0,218182.0,ZN
2022-11-09,23413.665,23632.703,23274.511,23563.161,258090.0,216136.0,ZN
2022-11-10,23316.285,23576.624,23138.324,23270.454,299839.0,208297.0,ZN
2022-11-11,23108.921,23904.177,23046.724,23653.198,387714.0,209704.0,ZN
2022-11-14,23677.462,23976.918,23526.005,23745.805,391878.0,206408.0,ZN
2022-11-15,23797.202,24279.033,23741.868,24202.501,294868.0,212511.0,ZN
2022-11-16,24122.936,24316.939,23956.416,24162.023,287397.0,206644.0,ZN
2022-11-17,24070.496,24200.44,23862.356,24155.325,278685.0,204333.0,ZN
2022-11-18,23945.323,24166.586,23906.164,24106.055,254712.0,204769.0,ZN
2022-11-21,23925.831,24364.429,23532.884,23876.092,327622.0,211005.0,ZN
2022-11-22,23708.522,23842.102,23346.762,23400.043,287427.0,204848.0,ZN
2022-11-23,23500.565,23642.12,23286.456,23398.647,313365.0,207520.0,ZN
2022-11-24,23386.209,23665.584,23358.828,23601.01,253067.0,212176.0,ZN
2022-11-25,23537.605,23725.202,23407.863,23673.986,211402.0,211882.0,ZN
2022-11-28,23729.174,23805.924,23372.076,23547.764,251584.0,208847.0,ZN
2022-11-29,23586.619,24052.119,23585.008,23949.822,229205.0,216702.0,ZN
2022-11-30,23824.101,23899.163,23650.049,23810.38,163225.0,207345.0,ZN
2022-12-01,23926.961,24463.078,23912.026,24449.907,249838.0,225479.0,ZN
2022-12-02,24354.486,24667.486,24317.725,24624.258,196439.0,228490.0,ZN
2022-12-05,24493.038,24755.737,24299.341,24463.207,228847.0,226200.0,ZN
2022-12-06,24431.039,24579.054,24307.457,24540.231,162649.0,225063.0,ZN
2022-12-07,24711.722,24848.955,24432.159,24516.46,251241.0,230157.0,ZN
2022-12-08,24509.408,24871.617,24485.286,24744.291,167399.0,233245.0,ZN
2022-12-09,24784.074,24896.318,24625.409,24878.175,179617.0,235274.0,ZN
2022-12-12,24753.717,24843.368,24452.038,24555.182,239747.0,228793.0,ZN
2022-12-13,24676.131,24934.022,24537.531,24627.812,227855.0,228463.0,ZN
2022-12-14,24649.983,24922.372,24568.93,24716.074,215685.0,227772.0,ZN
2022-12-15,24484.461,24506.954,24267.052,24483.878,219242.0,213731.0,ZN
2022-12-16,24412.23,24463.883,23982.515,24012.267,240602.0,199988.0,ZN
2022-12-19,23850.839,24031.739,23698.056,23711.383,253931.0,189922.0,ZN
2022-12-20,23703.813,23744.55,23147.308,23345.682,261576.0,180178.0,ZN
2022-12-21,23384.81,23542.305,23297.369,23417.131,205901.0,177462.0,ZN
2022-12-22,23291.594,23513.213,23252.019,23290.406,191333.0,177016.0,ZN
2022-12-23,23261.332,23322.782,23031.568,23164.748,207688.0,177393.0,ZN
2022-12-26,23208.687,23566.232,23174.668,23520.615,205145.0,174738.0,ZN
2022-12-27,23547.328,23874.157,23456.928,23794.7,137642.0,171943.0,ZN
2022-12-28,23802.264,23959.961,23655.876,23949.442,144051.0,172336.0,ZN
2022-12-29,23872.668,23931.22,23755.993,23793.372,105267.0,168332.0,ZN
2022-12-30,23729.329,23798.422,23583.124,23759.586,132537.0,165731.0,ZN
2023-01-03,23751.457,23764.136,23219.071,23442.257,141754.0,166647.0,ZN
2023-01-04,23328.35,23524.452,23073.428,23076.653,147585.0,171831.0,ZN
2023-01-05,23009.509,23206.465,22945.9,23139.591,138612.0,168576.0,ZN
2023-01-06,23225.283,23307.022,23081.335,23200.54,136225.0,166735.0,ZN
2023-01-09,23089.185,23602.926,22952.21,23488.899,210337.0,161858.0,ZN
2023-01-10,23630.382,23913.075,23558.627,23718.535,187683.0,161653.0,ZN
2023-01-11,23734.356,23799.325,23584.449,23658.032,156705.0,159790.0,ZN
2023-01-12,23659.658,23972.238,23620.421,23768.434,193881.0,162779.0,ZN
2023-01-13,23808.189,24221.658,23683.458,24153.662,245858.0,168668.0,ZN
2023-01-16,24171.297,24419.905,24037.517,24283.593,229701.0,174791.0,ZN
2023-01-17,24294.883,24317.222,24087.616,24100.425,181026.0,178128.0,ZN
2023-01-18,24177.816,24440.215,24112.262,24348.567,211619.0,188067.0,ZN
2023-01-19,24597.689,24697.517,24103.728,24320.926,203656.0,184149.0,ZN
2023-01-20,24282.809,24759.854,24245.988,24741.538,188053.0,189361.0,ZN
2023-01-30,24732.016,24796.279,24056.821,24164.037,152768.0,182699.0,ZN
2023-01-31,24243.285,24503.713,24213.25,24288.659,149454.0,180491.0,ZN
2023-02-01,24188.209,24497.379,24114.466,24433.468,126633.0,180707.0,ZN
2023-02-02,24366.945,24384.899,23994.026,24119.217,187615.0,172214.0,ZN
2023-02-03,24037.18,24293.415,24007.133,24102.554,161441.0,178042.0,ZN
2023-02-06,24006.999,24017.221,23306.135,23494.968,310687.0,170426.0,ZN
2023-02-07,23399.027,23471.578,23240.971,23349.078,185753.0,168677.0,ZN
2023-02-08,23292.788,23618.953,23194.36,23445.915,186437.0,166330.0,ZN
2023-02-09,23379.973,23390.684,23225.907,23272.771,138029.0,170743.0,ZN
2023-02-10,23287.369,23464.395,22995.985,23226.793,180403.0,174586.0,ZN
2023-02-13,23137.752,23162.013,22910.506,22947.3,170206.0,182649.0,ZN
2023-02-14,22832.393,23197.222,22724.378,23168.036,174165.0,182276.0,ZN
2023-02-15,23177.754,23272.297,22849.616,22851.251,177261.0,189620.0,ZN
2023-02-16,22826.361,22898.469,22650.838,22853.921,179532.0,185962.0,ZN
2023-02-17,22804.224,23035.537,22687.191,22833.81,161585.0,187498.0,ZN
2023-02-20,22795.876,23325.964,22783.849,23308.86,210179.0,189451.0,ZN
2023-02-21,23298.813,23575.283,23229.612,23516.565,192882.0,178827.0,ZN
2023-02-22,23557.861,23641.631,23462.134,23518.912,181061.0,180529.0,ZN
2023-02-23,23509.381,23571.93,23374.931,23477.811,141653.0,178417.0,ZN
2023-02-24,23468.951,23525.152,23361.696,23462.71,124998.0,179982.0,ZN
2023-02-27,23348.707,23359.611,22845.308,22848.112,227261.0,177278.0,ZN
2023-02-28,23007.446,23155.735,23003.191,23113.256,147334.0,165721.0,ZN
2023-03-01,23108.948,23501.665,23064.304,23482.933,168599.0,165580.0,ZN
2023-03-02,23466.733,23601.293,23357.839,23501.61,132691.0,162659.0,ZN
2023-03-03,23313.827,23469.872,23078.056,23430.518,201608.0,161133.0,ZN
2023-03-06,23390.147,23542.382,23138.825,23233.524,154301.0,159161.0,ZN
2023-03-07,23156.407,23511.599,23135.494,23422.967,130724.0,161322.0,ZN
2023-03-08,23243.388,23326.494,23131.56,23207.038,147172.0,160938.0,ZN
2023-03-09,23239.377,23320.195,23097.199,23131.842,143171.0,161185.0,ZN
2023-03-10,23175.709,23405.783,22761.612,22828.499,249130.0,167806.0,ZN
2023-03-13,22811.659,22999.046,22527.005,22924.527,279533.0,169935.0,ZN
2023-03-14,22607.343,22966.157,22548.314,22791.732,197554.0,169326.0,ZN
2023-03-15,22845.56,22963.493,22652.098,22657.124,158373.0,176354.0,ZN
2023-03-16,22383.479,22497.492,21929.711,21998.07,290495.0,191871.0,ZN
2023-03-17,22013.267,22514.155,21931.352,22421.138,243595.0,182015.0,ZN
2023-03-20,22411.867,22673.527,22242.127,22246.486,245065.0,184667.0,ZN
2023-03-21,22419.512,22495.094,22279.735,22305.519,190360.0,186125.0,ZN
2023-03-22,22336.606,22432.646,22135.347,22249.142,225002.0,183180.0,ZN
2023-03-23,22300.302,22350.55,22031.176,22038.481,201289.0,194279.0,ZN
2023-03-24,22083.175,22683.842,22024.642,22653.019,254801.0,183924.0,ZN
2023-03-27,22431.788,22573.702,22398.999,22511.469,183738.0,179099.0,ZN
2023-03-28,22565.88,22697.672,22430.82,22535.867,163245.0,177698.0,ZN
2023-03-29,22594.121,22772.378,22551.862,22688.705,147019.0,172223.0,ZN
2023-03-30,22963.203,23000.894,22711.783,22811.598,163158.0,169227.0,ZN
2023-03-31,22755.639,22809.949,22616.645,22718.115,140705.0,165925.0,ZN
2023-04-03,22573.364,22764.176,22428.97,22442.599,163019.0,167522.0,ZN
2023-04-04,22549.861,22641.68,22331.427,22396.584,144095.0,160773.0,ZN
2023-04-06,22106.557,22179.432,21958.974,22071.312,139405.0,171483.0,ZN
2023-04-07,21971.833,22100.484,21929.835,22068.203,142122.0,181056.0,ZN
2023-04-10,22107.772,22323.522,22022.244,22048.475,129768.0,182608.0,ZN
2023-04-11,22012.774,22118.493,21756.154,22028.345,197903.0,188344.0,ZN
2023-04-12,21913.814,22001.412,21786.937,21859.668,163023.0,198480.0,ZN
2023-04-13,21893.865,22024.533,21815.068,21899.61,149357.0,198507.0,ZN
2023-04-14,22123.008,22420.895,22078.749,22305.274,215452.0,185468.0,ZN
2023-04-17,22424.184,22466.527,22238.444,22406.803,214257.0,186485.0,ZN
2023-04-18,22326.938,22341.737,22178.212,22289.389,169346.0,186483.0,ZN
2023-04-19,22326.547,22410.492,22184.069,22263.931,170809.0,184514.0,ZN
2023-04-20,22005.189,22121.548,21950.909,22002.221,212608.0,189868.0,ZN
2023-04-21,21951.766,22114.77,21874.606,21890.862,284354.0,190012.0,ZN
2023-04-24,21842.767,21972.171,21418.498,21430.159,309752.0,214349.0,ZN
2023-04-25,21406.634,21596.97,21257.147,21342.066,262454.0,215227.0,ZN
2023-04-26,21208.069,21255.964,20804.699,21217.543,339145.0,216913.0,ZN
2023-04-27,21138.031,21352.717,21001.024,21054.675,258308.0,211979.0,ZN
2023-04-28,21004.062,21269.415,20953.06,21204.17,202925.0,201508.0,ZN
2023-05-04,21139.171,21324.33,20826.477,21030.308,229633.0,211009.0,ZN
2023-05-05,21014.714,21270.359,20883.064,21204.434,235439.0,215676.0,ZN
2023-05-08,21164.442,21488.148,21133.332,21442.209,237565.0,206872.0,ZN
2023-05-09,21424.594,21440.305,21282.816,21370.134,156440.0,200052.0,ZN
2023-05-10,21343.152,21431.11,21262.804,21324.24,165081.0,196292.0,ZN
2023-05-11,21226.392,21254.888,20899.527,20907.413,261389.0,203483.0,ZN
2023-05-12,20744.011,20876.345,20553.801,20573.035,309783.0,215633.0,ZN
2023-05-15,20615.326,21011.472,20596.731,20789.019,275312.0,210374.0,ZN
2023-05-16,20840.925,20937.851,20505.369,20525.582,249033.0,225284.0,ZN
2023-05-17,20448.558,20777.077,20418.269,20755.725,248611.0,218654.0,ZN
2023-05-18,20858.49,20949.84,20752.788,20864.095,213914.0,215460.0,ZN
2023-05-19,20684.441,20685.423,20438.734,20668.667,276475.0,220144.0,ZN
2023-05-22,20725.658,20802.508,20081.135,20168.112,364615.0,235863.0,ZN
2023-05-23,20222.131,20315.713,19701.405,19718.149,359588.0,251748.0,ZN
2023-05-24,19685.842,19748.607,19194.829,19471.596,416686.0,252997.0,ZN
2023-05-25,19474.979,19505.861,18827.095,19022.749,508818.0,267612.0,ZN
2023-05-26,18836.896,19303.801,18565.301,19249.542,587029.0,259122.0,ZN
2023-05-29,19281.035,19545.145,19206.797,19371.766,350683.0,249179.0,ZN
2023-05-30,19378.772,19412.287,19069.16,19246.054,308311.0,250639.0,ZN
2023-05-31,19314.607,19364.544,18910.435,19162.373,374769.0,250641.0,ZN
2023-06-01,18903.441,19315.053,18788.747,19231.012,408558.0,251296.0,ZN
2023-06-02,19207.817,19281.105,19030.105,19224.789,313312.0,251867.0,ZN
2023-06-05,19298.782,19411.818,18934.047,18972.0,343184.0,256191.0,ZN
2023-06-06,19021.682,19475.061,18983.362,19316.054,318866.0,250465.0,ZN
2023-06-07,19240.891,19556.284,19207.389,19461.235,300070.0,248133.0,ZN
2023-06-08,19605.791,19787.483,19505.048,19620.43,339923.0,245678.0,ZN
2023-06-09,19650.537,19855.145,19613.623,19830.067,242250.0,239763.0,ZN
2023-06-12,19819.932,19869.615,19564.839,19618.046,268925.0,241543.0,ZN
2023-06-13,19569.723,19748.462,19383.028,19722.319,242568.0,241304.0,ZN
2023-06-14,19793.343,20031.165,19735.688,19948.894,261681.0,238955.0,ZN
2023-06-15,20232.39,20319.18,20059.683,20199.122,286950.0,234061.0,ZN
2023-06-16,20279.947,20510.32,20188.745,20394.706,238220.0,232300.0,ZN
2023-06-19,20374.651,20382.29,20134.188,20273.97,216929.0,229188.0,ZN
2023-06-20,20169.962,20199.67,20035.793,20191.36,191064.0,226624.0,ZN
2023-06-21,20091.953,20171.841,19911.814,19987.595,235649.0,227031.0,ZN
2023-06-26,19939.834,19981.34,19750.256,19837.18,199907.0,229670.0,ZN
2023-06-27,19765.211,20058.176,19750.007,20010.004,224059.0,229072.0,ZN
2023-06-28,20024.033,20136.714,19860.358,19911.927,212773.0,223444.0,ZN
2023-06-29,19886.488,20016.496,19827.808,19928.923,165415.0,216148.0,ZN
2023-06-30,19766.685,20071.497,19703.601,19990.591,240520.0,216033.0,ZN
2023-07-03,20074.325,20211.913,20021.4,20092.439,209872.0,211157.0,ZN
2023-07-04,20061.798,20109.013,19885.316,20013.182,196672.0,205848.0,ZN
2023-07-05,20060.71,20254.412,20000.261,20005.225,211372.0,207289.0,ZN
2023-07-06,19908.075,20084.449,19832.219,20023.246,208067.0,208529.0,ZN
2023-07-07,20001.647,20172.973,19881.322,19893.349,206372.0,206863.0,ZN
2023-07-10,19868.172,19968.395,19787.01,19853.792,218168.0,219128.0,ZN
2023-07-11,19908.465,20129.563,19891.961,20119.953,255013.0,218431.0,ZN
2023-07-12,20055.753,20073.674,19829.3,19931.1,254701.0,213482.0,ZN
2023-07-13,20022.125,20429.463,20003.823,20423.112,355637.0,225536.0,ZN
2023-07-14,20528.306,20568.802,20282.75,20338.413,306878.0,220536.0,ZN
2023-07-17,20350.645,20379.35,20072.332,20095.942,247047.0,214624.0,ZN
2023-07-18,20031.343,20184.056,19945.761,20131.513,203236.0,217772.0,ZN
2023-07-19,19978.74,20132.001,19960.546,20084.496,188826.0,220353.0,ZN
2023-07-20,20085.645,20166.958,19994.623,20060.958,233825.0,221570.0,ZN
2023-07-21,20187.349,20281.058,20020.533,20182.055,272267.0,221338.0,ZN
2023-07-24,20092.467,20159.113,19964.384,20002.608,290805.0,214529.0,ZN
2023-07-25,20077.73,20457.17,20063.528,20450.958,351094.0,224996.0,ZN
2023-07-26,20495.808,20667.093,20397.515,20646.83,302381.0,220451.0,ZN
2023-07-27,20629.417,20871.225,20511.326,20715.023,283207.0,218043.0,ZN
2023-07-28,20649.68,20683.133,20402.906,20620.959,240985.0,210736.0,ZN
2023-07-31,20663.686,20918.303,20657.781,20846.264,271628.0,203733.0,ZN
2023-08-01,21048.424,21217.348,20997.581,21140.889,286827.0,201368.0,ZN
2023-08-02,21054.773,21239.291,20960.846,21009.784,246047.0,193426.0,ZN
2023-08-03,20951.108,21001.677,20748.894,20752.864,229094.0,189108.0,ZN
2023-08-04,20735.974,21056.559,20709.119,20923.42,206425.0,189131.0,ZN
2023-08-07,20965.73,21009.514,20775.66,20829.319,204811.0,184070.0,ZN
2023-08-08,20861.136,20975.841,20778.179,20800.065,173137.0,183532.0,ZN
2023-08-09,20546.296,20819.93,20492.882,20773.472,264537.0,178236.0,ZN
2023-08-10,20735.492,20898.582,20709.54,20890.115,190874.0,181826.0,ZN
2023-08-11,20793.817,20805.867,20577.44,20607.424,214013.0,183256.0,ZN
2023-08-14,20461.338,20492.571,20272.017,20276.597,253443.0,186143.0,ZN
2023-08-15,20169.519,20438.608,20125.302,20430.545,232815.0,184315.0,ZN
2023-08-16,20170.439,20228.781,19782.172,19791.006,399263.0,213476.0,ZN
2023-08-17,19760.99,19953.644,19692.957,19870.68,304866.0,217196.0,ZN
2023-08-18,19949.216,20052.641,19748.291,19761.151,267074.0,222164.0,ZN
2023-08-21,19771.786,20106.113,19751.832,20055.259,262029.0,213253.0,ZN
2023-08-22,20056.726,20204.137,19988.88,20163.576,238754.0,210409.0,ZN
2023-08-23,20184.134,20277.133,20091.967,20225.123,201576.0,206139.0,ZN
2023-08-24,20226.941,20500.067,20223.652,20378.618,271720.0,202139.0,ZN
2023-08-25,20406.882,20616.173,20395.226,20595.992,259717.0,211295.0,ZN
2023-08-28,20605.31,20774.705,20449.963,20537.69,305058.0,212571.0,ZN
2023-08-29,20538.609,20771.618,20519.209,20659.943,239662.0,217345.0,ZN
2023-08-30,20710.381,20898.416,20639.315,20889.157,207913.0,217812.0,ZN
2023-08-31,20909.157,21056.074,20802.582,20873.083,259437.0,215102.0,ZN
2023-09-01,20898.522,21200.084,20765.379,21180.742,299061.0,212346.0,ZN
2023-09-04,21275.895,21325.273,21033.523,21139.012,291986.0,212166.0,ZN
2023-09-05,21172.581,21337.686,20992.282,21108.623,226952.0,218028.0,ZN
2023-09-06,21167.171,21330.483,21133.239,21289.637,218123.0,219951.0,ZN
2023-09-07,21233.098,21386.913,21113.193,21249.539,283910.0,225363.0,ZN
2023-09-08,21233.148,21464.632,21110.738,21127.595,297199.0,226739.0,ZN
2023-09-11,21073.619,21331.886,20914.035,21324.26,247791.0,229962.0,ZN
2023-09-12,21351.982,21662.897,21326.329,21599.331,314363.0,240178.0,ZN
2023-09-13,21579.355,21617.497,21297.687,21404.572,248707.0,233581.0,ZN
2023-09-14,21437.429,21820.368,21423.554,21767.964,308520.0,244816.0,ZN
2023-09-15,21914.732,21922.621,21616.808,21727.496,275047.0,238771.0,ZN
2023-09-18,21670.237,21683.679,21478.618,21641.594,288151.0,230154.0,ZN
2023-09-19,21620.771,21719.639,21455.656,21512.548,237580.0,227873.0,ZN
2023-09-20,21553.056,21616.778,21285.494,21416.747,271061.0,221237.0,ZN
2023-09-21,21573.877,21771.11,21417.68,21429.435,304310.0,224070.0,ZN
2023-09-22,21276.888,21858.158,21267.08,21849.184,335119.0,244148.0,ZN
2023-09-25,21882.933,21903.754,21576.792,21708.356,289582.0,230166.0,ZN
2023-09-26,21736.666,22040.245,21668.454,21851.643,304846.0,232229.0,ZN
2023-09-27,21803.219,21828.899,21477.931,21547.432,270866.0,217952.0,ZN
2023-09-28,21506.462,21611.782,21379.494,21548.551,233477.0,195443.0,ZN
2023-10-09,21559.655,21890.448,21553.353,21809.984,172264.0,204404.0,ZN
2023-10-10,21700.288,21712.383,21124.073,21148.369,341049.0,190264.0,ZN
2023-10-11,21119.306,21338.85,21082.88,21212.508,217304.0,186158.0,ZN
2023-10-12,21176.541,21312.932,21080.873,21242.51,212599.0,181358.0,ZN
2023-10-13,21161.274,21179.303,20911.89,21141.374,217818.0,177096.0,ZN
2023-10-16,21148.773,21257.5,21007.425,21242.726,179322.0,173226.0,ZN
2023-10-17,21236.762,21276.93,20744.558,20760.953,269173.0,174428.0,ZN
2023-10-18,20705.812,21181.011,20690.621,21043.54,249434.0,170917.0,ZN
2023-10-19,21040.292,21159.834,20905.545,20925.491,202182.0,169896.0,ZN
2023-10-20,20943.725,21006.785,20725.031,20807.461,209659.0,171964.0,ZN
2023-10-23,20886.504,20998.898,20689.394,20739.346,226971.0,170283.0,ZN
2023-10-24,20770.336,21009.329,20750.406,20983.378,242818.0,167691.0,ZN
2023-10-25,20985.203,21220.749,20842.767,21163.929,278214.0,172877.0,ZN
2023-10-26,21189.009,21231.378,20998.225,21111.099,190257.0,168958.0,ZN
2023-10-27,20976.424,21079.695,20884.139,21064.95,221973.0,166661.0,ZN
2023-10-30,21130.421,21318.986,21101.205,21286.424,217953.0,169340.0,ZN
2023-10-31,21296.572,21335.187,21011.345,21138.649,206624.0,160253.0,ZN
2023-11-01,21055.131,21074.016,20854.18,20899.819,197758.0,160622.0,ZN
2023-11-02,21151.822,21580.557,21149.378,21498.875,399829.0,177605.0,ZN
2023-11-03,21527.546,21546.386,21260.984,21419.297,223137.0,172090.0,ZN
2023-11-06,21464.309,21480.738,21275.161,21411.024,181470.0,168513.0,ZN
2023-11-07,21655.687,21748.739,21497.905,21504.282,225909.0,177822.0,ZN
2023-11-08,21489.069,21717.548,21428.947,21714.601,200467.0,181034.0,ZN
2023-11-09,21802.134,21825.068,21611.063,21697.115,201556.0,185935.0,ZN
2023-11-10,21650.068,21706.592,21544.716,21659.296,167995.0,183249.0,ZN
2023-11-13,21652.031,21676.161,21432.816,21578.489,223297.0,174522.0,ZN
2023-11-14,21484.79,21673.179,21424.289,21612.718,175588.0,174676.0,ZN
2023-11-15,21599.283,21896.837,21593.588,21857.244,232494.0,194710.0,ZN
2023-11-16,21991.283,22009.825,21541.421,21609.704,271352.0,187647.0,ZN
2023-11-17,21507.392,21529.498,21323.745,21406.089,279778.0,177186.0,ZN
2023-11-20,21342.123,21434.678,21263.301,21389.835,217432.0,173892.0,ZN
2023-11-21,21361.243,21508.942,21176.461,21182.547,242290.0,171153.0,ZN
2023-11-22,21135.039,21197.117,20882.064,20923.493,242544.0,175733.0,ZN
2023-11-23,20928.794,21001.387,20825.487,20935.556,218959.0,172426.0,ZN
2023-11-24,20938.26,21101.62,20880.447,21080.285,188902.0,166372.0,ZN
2023-11-27,21099.154,21204.303,21007.809,21183.325,176777.0,155905.0,ZN
2023-11-28,21195.203,21206.636,21070.34,21162.681,189049.0,151724.0,ZN
2023-11-29,21133.37,21223.067,20906.25,20918.362,201952.0,153872.0,ZN
2023-11-30,20889.657,20927.522,20669.699,20751.425,231719.0,160097.0,ZN
2023-12-01,20701.541,20815.03,20581.794,20586.044,156899.0,169598.0,ZN
2023-12-04,20674.607,20922.139,20657.495,20726.678,144279.0,164135.0,ZN
2023-12-05,20631.197,20701.892,20269.047,20365.313,177030.0,179324.0,ZN
2023-12-06,20330.493,20664.368,20302.239,20646.986,172256.0,178346.0,ZN
2023-12-07,20600.634,20640.593,20374.446,20612.708,165417.0,186383.0,ZN
2023-12-08,20508.419,20692.842,20416.825,20644.422,189519.0,191184.0,ZN
2023-12-11,20576.909,20698.801,20318.211,20514.28,178804.0,197470.0,ZN
2023-12-12,20459.683,20775.057,20364.518,20714.255,172945.0,194347.0,ZN
2023-12-13,20693.496,20844.039,20473.399,20500.093,180792.0,195217.0,ZN
2023-12-14,20560.191,20851.25,20532.762,20726.313,162679.0,187914.0,ZN
2023-12-15,20821.539,20927.201,20712.03,20806.882,220766.0,177781.0,ZN
2023-12-18,20882.333,20904.932,20765.605,20866.776,169215.0,169925.0,ZN
2023-12-19,20895.225,20946.1,20750.127,20887.559,173823.0,162051.0,ZN
2023-12-20,20959.154,21244.605,20906.183,21224.175,196055.0,169728.0,ZN
2023-12-21,21145.977,21173.018,21053.308,21158.917,143744.0,167659.0,ZN
2023-12-22,21143.301,21318.258,21089.063,21230.579,147886.0,169116.0,ZN
2023-12-25,21325.894,21410.564,21221.454,21303.598,146775.0,168428.0,ZN
2023-12-26,21312.606,21461.202,21278.643,21425.812,114101.0,172422.0,ZN
2023-12-27,21439.256,21455.326,21238.598,21440.874,135381.0,171127.0,ZN
2023-12-28,21411.503,21554.806,21393.083,21513.286,144422.0,173160.0,ZN
2023-12-29,21453.18,21608.013,21405.1,21537.486,140709.0,170780.0,ZN
2024-01-02,21567.037,21621.749,21354.7,21607.632,108860.0,172689.0,ZN
2024-01-03,21543.514,21614.315,21404.948,21612.245,136454.0,173095.0,ZN
2024-01-04,21491.538,21527.367,21262.332,21289.573,147950.0,168888.0,ZN
2024-01-05,21247.074,21278.809,21088.128,21231.123,137364.0,160756.0,ZN
2024-01-08,21172.717,21350.18,21142.4,21221.243,134346.0,159501.0,ZN
2024-01-09,21110.481,21265.769,21033.388,21190.519,148651.0,154676.0,ZN
2024-01-10,21161.77,21200.498,21019.6,21045.992,152131.0,162335.0,ZN
2024-01-11,21076.081,21205.147,20986.278,21177.005,131996.0,163423.0,ZN
2024-01-12,21140.511,21170.998,21040.032,21107.324,126314.0,163941.0,ZN
2024-01-15,21063.751,21232.015,20992.375,21219.085,202015.0,172599.0,ZN
2024-01-16,21283.078,21391.849,21154.47,21168.928,172289.0,170493.0,ZN
2024-01-17,21185.991,21284.822,21086.47,21091.901,147705.0,171654.0,ZN
2024-01-18,21022.395,21035.058,20734.009,20763.191,219919.0,175154.0,ZN
2024-01-19,20696.998,20800.622,20653.147,20674.386,143935.0,174421.0,ZN
2024-01-22,20703.77,20811.829,20665.906,20679.305,131448.0,173007.0,ZN
2024-01-23,20684.032,20900.554,20671.227,20881.083,155732.0,176891.0,ZN
2024-01-24,20920.421,21271.003,20887.092,21240.486,188337.0,168695.0,ZN
2024-01-25,21326.758,21383.255,21285.073,21352.805,173130.0,170237.0,ZN
2024-01-26,21422.41,21475.837,21332.698,21390.838,152292.0,172160.0,ZN
2024-01-29,21398.934,21502.642,21325.879,21387.101,172555.0,176810.0,ZN
2024-01-30,21379.459,21410.219,21224.318,21264.247,123784.0,174801.0,ZN
2024-01-31,21292.832,21397.721,21260.533,21292.277,114498.0,172793.0,ZN
2024-02-01,21210.8,21295.835,20850.006,20878.821,181745.0,175492.0,ZN
2024-02-02,20850.152,20874.593,20655.172,20704.056,149956.0,179235.0,ZN
2024-02-05,20714.897,20754.64,20519.286,20528.502,149044.0,180737.0,ZN
2024-02-06,20501.616,20622.463,20432.453,20547.544,137725.0,183936.0,ZN
2024-02-07,20503.766,20605.887,20430.376,20539.469,134757.0,184724.0,ZN
2024-02-08,20457.968,20543.523,20379.859,20492.809,119507.0,183822.0,ZN
2024-02-19,20422.876,20467.062,20206.91,20250.469,147441.0,203881.0,ZN
2024-02-20,20222.294,20412.761,20196.801,20206.103,198014.0,221063.0,ZN
2024-02-21,20143.188,20445.924,20117.283,20401.178,201200.0,226613.0,ZN
2024-02-22,20361.349,20393.618,20236.154,20360.447,161042.0,229628.0,ZN
2024-02-23,20360.888,20414.562,20279.944,20360.039,163413.0,236750.0,ZN
2024-02-26,20345.9,20496.198,20254.143,20483.429,201349.0,239421.0,ZN
2024-02-27,20501.065,20656.018,20472.115,20628.143,201467.0,232271.0,ZN
2024-02-28,20666.319,20690.744,20476.602,20489.645,158677.0,233227.0,ZN
2024-02-29,20437.221,20609.92,20370.96,20587.849,165538.0,231509.0,ZN
2024-03-01,20528.167,20604.748,20484.271,20545.995,129027.0,230060.0,ZN
2024-03-04,20487.598,20615.038,20457.15,20595.546,152339.0,231824.0,ZN
2024-03-05,20642.779,20688.859,20588.518,20639.804,150478.0,224100.0,ZN
2024-03-06,20691.443,20779.042,20637.18,20764.19,183650.0,224005.0,ZN
2024-03-07,20834.513,21041.204,20827.243,21031.187,181684.0,218842.0,ZN
2024-03-08,21143.909,21278.335,21097.456,21277.775,189812.0,218384.0,ZN
2024-03-11,21288.235,21313.598,21066.055,21204.228,201947.0,215441.0,ZN
2024-03-12,21286.652,21362.377,21255.757,21330.854,161270.0,214927.0,ZN
2024-03-13,21351.042,21412.519,21182.887,21359.25,183181.0,212535.0,ZN
2024-03-14,21399.276,21613.41,21331.965,21390.55,233031.0,218196.0,ZN
2024-03-15,21343.223,21496.683,21280.242,21465.735,183307.0,218339.0,ZN
2024-03-18,21442.354,21471.407,21228.414,21311.566,213339.0,213700.0,ZN
2024-03-19,21325.982,21466.767,21061.271,21103.58,222856.0,211737.0,ZN
2024-03-20,21089.348,21253.128,21069.781,21166.342,165585.0,211334.0,ZN
2024-03-21,21129.961,21497.773,21098.638,21493.458,189121.0,214066.0,ZN
2024-03-22,21447.423,21452.471,21175.713,21210.013,180418.0,207221.0,ZN
2024-03-25,21154.598,21281.816,21120.285,21132.066,182908.0,209491.0,ZN
2024-03-26,21106.576,21247.11,21008.753,21013.069,180387.0,206795.0,ZN
2024-03-27,20993.999,21016.558,20719.761,20783.714,229082.0,205466.0,ZN
2024-03-28,20705.359,20939.236,20665.71,20866.55,181288.0,205773.0,ZN
2024-03-29,20797.883,20943.716,20779.609,20919.27,136908.0,203966.0,ZN
2024-04-01,20889.158,21044.755,20814.003,21029.194,129779.0,206385.0,ZN
2024-04-02,21030.344,21147.561,20961.093,21100.781,144573.0,205421.0,ZN
2024-04-03,21208.864,21334.736,21158.879,21260.955,175689.0,196871.0,ZN
2024-04-08,21746.382,21837.702,21495.502,21725.206,269066.0,201773.0,ZN
2024-04-09,21949.797,21982.804,21742.98,21842.955,270971.0,204585.0,ZN
2024-04-10,22057.931,22621.979,22018.041,22619.869,366241.0,236340.0,ZN
2024-04-11,22604.721,22949.696,22233.587,22830.634,491146.0,249048.0,ZN
2024-04-12,22775.026,23053.05,22508.796,23004.007,404995.0,259624.0,ZN
2024-04-15,23094.29,23342.852,22640.359,22773.909,501337.0,250609.0,ZN
2024-04-16,22741.594,22845.239,22217.226,22271.867,451110.0,234380.0,ZN
2024-04-17,22254.749,22618.58,22227.217,22563.907,288801.0,232296.0,ZN
2024-04-18,22664.035,22961.818,22452.955,22818.638,369739.0,235897.0,ZN
2024-04-19,22712.005,22823.024,22403.974,22725.943,372936.0,229192.0,ZN
2024-04-22,22773.522,23025.703,22477.947,22530.434,444125.0,231892.0,ZN
2024-04-23,22447.457,22676.972,22264.718,22270.544,340344.0,222402.0,ZN
2024-04-24,22204.179,22660.484,22139.083,22562.401,309671.0,225861.0,ZN
2024-04-25,22590.074,22791.768,22418.641,22770.762,313817.0,224397.0,ZN
2024-04-26,22990.701,23021.451,22635.391,22920.721,346120.0,220586.0,ZN
2024-04-29,22808.434,23159.238,22664.213,23015.346,325959.0,217627.0,ZN
2024-04-30,23119.641,23722.807,23062.491,23532.057,494736.0,226117.0,ZN
2024-05-06,23265.357,23435.339,23103.346,23329.101,176572.0,224657.0,ZN
2024-05-07,23333.846,23550.071,23246.978,23297.675,256405.0,230597.0,ZN
2024-05-08,23395.024,23600.994,23092.845,23144.52,350935.0,227628.0,ZN
2024-05-09,23032.485,23321.328,22941.499,23205.113,262192.0,226500.0,ZN
2024-05-10,23299.574,23806.45,23276.929,23739.145,342841.0,239239.0,ZN
2024-05-13,23645.005,23674.582,23289.49,23571.988,349433.0,236806.0,ZN
2024-05-14,23677.511,24067.656,23606.789,23748.588,402432.0,234702.0,ZN
2024-05-15,23700.179,24008.026,23520.076,23974.739,350491.0,246668.0,ZN
2024-05-16,23836.442,23984.105,23555.848,23670.182,439695.0,235490.0,ZN
2024-05-17,23586.342,23937.014,23550.88,23859.017,314560.0,234463.0,ZN
2024-05-20,23957.42,24549.295,23883.714,24240.853,435925.0,234738.0,ZN
2024-05-21,24255.283,24970.455,24213.55,24800.353,522021.0,237380.0,ZN
2024-05-22,24950.793,25177.009,24603.734,24914.063,407299.0,237882.0,ZN
2024-05-23,24612.021,24669.224,24206.385,24346.832,405763.0,233795.0,ZN
2024-05-24,24470.771,24795.095,24453.951,24725.76,321472.0,237186.0,ZN
2024-05-27,24672.528,24873.593,24539.794,24703.355,269245.0,235999.0,ZN
2024-05-28,24782.963,25138.852,24725.042,24822.641,303797.0,232183.0,ZN
2024-05-29,24944.868,25384.789,24786.961,25367.94,439417.0,244647.0,ZN
2024-05-30,25157.391,25354.123,24729.576,24742.249,414456.0,226353.0,ZN
2024-05-31,24649.428,24963.172,24604.656,24921.697,327322.0,224493.0,ZN
2024-06-03,24939.398,25038.891,24148.374,24205.831,414493.0,220432.0,ZN
2024-06-04,24371.646,24521.617,24131.272,24404.481,337995.0,217018.0,ZN
2024-06-05,24250.355,24281.354,24006.99,24026.715,321274.0,218596.0,ZN
2024-06-06,23896.898,24190.42,23748.705,24078.671,369488.0,208694.0,ZN
2024-06-07,24062.972,24330.693,24040.529,24167.627,255273.0,203180.0,ZN
2024-06-11,23848.11,23906.048,23617.366,23674.471,227412.0,199554.0,ZN
2024-06-12,23457.226,23618.221,23367.324,23524.903,250665.0,195033.0,ZN
2024-06-13,23775.513,23947.809,23483.33,23666.62,295993.0,190374.0,ZN
2024-06-14,23775.882,23867.064,23517.17,23521.092,254786.0,192714.0,ZN
2024-06-17,23308.59,23432.758,23163.021,23184.294,331248.0,190591.0,ZN
2024-06-18,23314.285,23633.204,23296.812,23393.053,267106.0,186264.0,ZN
2024-06-19,23239.449,23825.259,23217.705,23817.691,267186.0,191136.0,ZN
2024-06-20,23873.609,23911.642,23684.628,23824.933,222824.0,190320.0,ZN
2024-06-21,23813.201,24004.509,23760.719,23775.257,227826.0,190988.0,ZN
2024-06-24,23692.373,23939.023,23622.769,23653.119,290207.0,191807.0,ZN
2024-06-25,23777.586,23908.609,23535.386,23655.092,254271.0,183930.0,ZN
2024-06-26,23724.92,24144.405,23581.638,24122.528,303436.0,192927.0,ZN
2024-06-27,24303.051,24373.151,24045.406,24120.541,407824.0,192316.0,ZN
2024-06-28,24221.31,24806.496,24139.251,24662.575,363857.0,209644.0,ZN
2024-07-01,24655.413,24678.759,24291.37,24374.106,268097.0,193179.0,ZN
2024-07-02,24574.702,24597.236,24299.442,24450.824,211697.0,195834.0,ZN
2024-07-03,24538.48,24616.85,24371.728,24556.592,229383.0,192318.0,ZN
2024-07-04,24745.127,24817.366,24610.267,24684.475,224329.0,199760.0,ZN
2024-07-05,24789.729,24943.504,24588.747,24679.798,292715.0,203640.0,ZN
2024-07-08,24770.962,24791.567,24352.107,24395.36,312658.0,200644.0,ZN
2024-07-09,24457.27,24560.699,24353.232,24431.218,220416.0,194791.0,ZN
2024-07-10,24337.427,24370.262,24128.531,24139.243,233216.0,190875.0,ZN
2024-07-11,24232.822,24598.879,24227.868,24521.023,244927.0,190948.0,ZN
2024-07-12,24612.116,24641.927,24135.873,24182.024,262245.0,193383.0,ZN
2024-07-15,24165.095,24454.254,24097.929,24266.435,242217.0,187772.0,ZN
2024-07-16,24295.258,24440.007,24172.141,24276.397,204086.0,186090.0,ZN
2024-07-17,24081.21,24179.152,23722.3,23724.738,310673.0,188997.0,ZN
2024-07-18,23783.378,23844.54,23517.967,23714.032,307175.0,185393.0,ZN
2024-07-19,23455.073,23596.471,23317.688,23435.264,300881.0,182475.0,ZN
2024-07-22,23320.417,23533.931,23308.521,23404.815,251264.0,184461.0,ZN
2024-07-23,23132.437,23417.969,23054.111,23070.169,286203.0,183626.0,ZN
2024-07-24,22970.994,23102.452,22775.0,23002.605,320478.0,183688.0,ZN
2024-07-25,23004.039,23029.861,22366.77,22542.403,368905.0,181083.0,ZN
2024-07-26,22516.058,22845.288,22454.574,22577.058,289479.0,180938.0,ZN
2024-07-29,22572.301,22864.932,22543.863,22764.946,256526.0,181636.0,ZN
2024-07-30,22675.561,22732.043,22392.508,22470.234,229147.0,186317.0,ZN
2024-07-31,22417.622,22820.239,22331.916,22807.864,291842.0,183813.0,ZN
2024-08-01,22845.503,23029.734,22717.845,22764.115,263869.0,185092.0,ZN
2024-08-02,22810.345,23003.838,22624.78,22892.667,276876.0,183671.0,ZN
2024-08-05,22817.986,22853.472,22074.258,22105.045,395560.0,197320.0,ZN
2024-08-06,21942.231,22390.265,21822.859,21963.68,379137.0,190152.0,ZN
2024-08-07,21941.747,22155.181,21779.282,21799.096,291002.0,192729.0,ZN
2024-08-08,21829.95,21934.716,21730.421,21779.091,231944.0,193820.0,ZN
2024-08-09,21965.592,22617.242,21953.328,22533.501,333045.0,186599.0,ZN
2024-08-12,22773.906,23103.541,22711.855,23066.804,326725.0,188621.0,ZN
2024-08-13,23017.656,23136.917,22848.711,22960.39,275684.0,193402.0,ZN
2024-08-14,22797.194,22869.479,22506.124,22528.284,330769.0,194650.0,ZN
2024-08-15,22762.042,22937.374,22594.127,22813.387,324079.0,192021.0,ZN
2024-08-16,22965.135,23330.24,22894.629,23223.735,318961.0,194070.0,ZN
2024-08-19,23070.047,23363.5,23012.499,23277.791,263235.0,199029.0,ZN
2024-08-20,23345.118,23362.597,23036.636,23239.234,223956.0,199189.0,ZN
2024-08-21,23399.976,23503.927,23176.492,23497.804,258592.0,205965.0,ZN
2024-08-22,23621.702,23742.717,23453.173,23619.265,292746.0,221441.0,ZN
2024-08-23,23674.766,23969.147,23591.553,23939.432,336088.0,245883.0,ZN
2024-08-26,23942.454,24169.486,23816.713,24146.988,306071.0,247729.0,ZN
2024-08-27,24124.371,24138.59,23843.898,23938.146,262425.0,236908.0,ZN
2024-08-28,24013.491,24221.781,23919.465,23956.481,259033.0,244056.0,ZN
2024-08-29,23839.482,24092.722,23774.346,24012.397,315631.0,245925.0,ZN
2024-08-30,23894.968,24080.611,23836.803,23958.458,293840.0,235764.0,ZN
2024-09-02,23951.323,23970.336,23509.458,23527.717,282464.0,229740.0,ZN
2024-09-03,23491.924,23643.63,23412.393,23426.222,227023.0,231456.0,ZN
2024-09-04,23360.663,23608.901,23283.213,23306.549,311457.0,227509.0,ZN
2024-09-05,23231.998,23365.485,22548.874,22559.612,383832.0,229048.0,ZN
2024-09-06,22643.819,22789.762,22407.345,22685.102,400088.0,223979.0,ZN
2024-09-09,22766.567,22866.521,22410.469,22657.718,364370.0,224378.0,ZN
2024-09-10,22727.708,22784.168,22497.718,22607.134,264652.0,215437.0,ZN
2024-09-11,22554.147,22771.101,22360.563,22754.324,367645.0,211685.0,ZN
2024-09-12,22848.001,23475.961,22657.195,23412.865,399556.0,207658.0,ZN
2024-09-13,23488.151,23733.158,23423.568,23655.196,344210.0,202062.0,ZN
2024-09-18,23880.395,23960.842,23618.958,23752.869,224553.0,207923.0,ZN
2024-09-19,23823.262,24078.532,23535.928,24069.001,339134.0,212944.0,ZN
2024-09-20,24077.15,24171.091,23852.765,24006.581,286298.0,216214.0,ZN
2024-09-23,23887.528,23911.839,23447.667,23471.781,325667.0,210044.0,ZN
2024-09-24,23553.24,24007.959,23539.675,23989.362,310321.0,216276.0,ZN
2024-09-25,24129.644,24733.754,24063.657,24429.343,401135.0,214525.0,ZN
2024-09-26,24417.544,24672.554,24312.951,24658.804,323171.0,211612.0,ZN
2024-09-27,24899.255,25096.918,24787.598,24942.202,414537.0,208552.0,ZN
2024-09-30,24885.559,25321.598,24783.491,25088.325,339860.0,201002.0,ZN
2024-10-08,25693.294,25949.379,25196.192,25218.67,264135.0,208035.0,ZN
2024-10-09,25271.361,25304.03,24854.813,24956.142,318000.0,212148.0,ZN
2024-10-10,24796.35,24950.284,24557.795,24706.632,304763.0,209337.0,ZN
2024-10-11,24909.97,25448.048,24899.256,25255.592,311665.0,223322.0,ZN
2024-10-14,25396.239,25666.226,25120.409,25266.665,330561.0,226836.0,ZN
2024-10-15,24992.763,25122.503,24814.044,24874.989,308391.0,221159.0,ZN
2024-10-16,24704.476,25263.251,24683.044,25218.585,303567.0,219814.0,ZN
2024-10-17,25250.352,25346.279,24440.557,24489.052,347605.0,209325.0,ZN
2024-10-18,24567.528,25149.224,24545.289,24983.635,364143.0,213791.0,ZN
2024-10-21,25132.828,25434.707,24995.959,25205.835,352941.0,222436.0,ZN
2024-10-22,25087.846,25130.527,24744.429,24984.576,311506.0,215419.0,ZN
2024-10-23,25114.076,25200.191,24859.027,24983.216,320226.0,226786.0,ZN
2024-10-24,24894.113,25832.561,24825.518,25831.471,450732.0,275988.0,ZN
2024-10-25,25575.569,25650.375,24871.13,24999.058,467019.0,258701.0,ZN
2024-10-28,24860.733,25033.788,24730.588,24926.79,313862.0,248270.0,ZN
2024-10-29,24903.781,25141.081,24891.953,24959.181,294429.0,258072.0,ZN
2024-10-30,25030.51,25172.96,24845.335,24971.52,276204.0,267127.0,ZN
2024-10-31,24915.189,25377.367,24865.124,25179.227,374892.0,283957.0,ZN
2024-11-01,25126.5,25163.895,24722.93,24767.271,317669.0,274220.0,ZN
2024-11-04,24863.675,25250.363,24764.325,25016.27,379902.0,278406.0,ZN
2024-11-05,24817.724,25015.607,24543.209,24937.35,339567.0,270575.0,ZN
2024-11-06,24952.83,25156.604,24755.399,24844.107,309648.0,269007.0,ZN
2024-11-07,24558.038,25093.224,24492.601,25040.452,326092.0,270943.0,ZN
2024-11-08,25183.472,25302.94,24763.029,24895.597,316171.0,267053.0,ZN
2024-11-11,24659.344,24942.175,24621.036,24833.387,269008.0,261147.0,ZN
2024-11-12,24760.059,24973.674,24490.471,24667.885,311487.0,266607.0,ZN
2024-11-13,24499.748,24650.204,24267.819,24370.937,297995.0,263499.0,ZN
2024-11-14,24447.45,24736.702,24191.946,24210.605,392989.0,269221.0,ZN
2024-11-15,24259.453,24596.644,24253.236,24405.103,310655.0,264985.0,ZN
2024-11-18,24587.987,24634.48,24087.582,24438.004,396893.0,259351.0,ZN
2024-11-19,24290.627,24662.555,24210.473,24580.88,276510.0,262234.0,ZN
2024-11-20,24448.725,24964.627,24433.472,24910.824,253247.0,271977.0,ZN
2024-11-21,24846.674,24948.21,24741.691,24865.174,223514.0,276999.0,ZN
2024-11-22,24824.248,25011.903,24751.564,24809.901,301661.0,277464.0,ZN
2024-11-25,24687.375,24958.746,24646.396,24929.181,269808.0,278703.0,ZN
2024-11-26,24938.237,25388.284,24894.688,25193.397,385632.0,313138.0,ZN
2024-11-27,25385.997,25833.462,25279.699,25809.528,527305.0,362889.0,ZN
2024-11-28,25724.067,26248.728,25222.964,25321.469,856394.0,362664.0,ZN
2024-11-29,25176.707,25312.586,25058.068,25204.666,500116.0,340293.0,ZN
2024-12-02,25333.203,25617.811,25237.931,25411.684,468884.0,338451.0,ZN
2024-12-03,25476.133,25509.384,25095.295,25264.517,330075.0,325213.0,ZN
2024-12-04,25344.066,25456.016,25163.278,25432.812,311378.0,323321.0,ZN
2024-12-05,25354.359,25575.079,25254.66,25521.769,278597.0,324974.0,ZN
2024-12-06,25589.846,25702.509,25412.191,25463.165,326668.0,322657.0,ZN
2024-12-09,25392.196,25541.576,25210.736,25522.135,312284.0,316789.0,ZN
2024-12-10,25766.203,25912.523,25595.814,25705.314,300174.0,327197.0,ZN
2024-12-11,25698.645,25974.784,25638.315,25766.537,267074.0,337660.0,ZN
2024-12-12,25687.665,25867.203,25656.537,25824.325,219846.0,341154.0,ZN
2024-12-13,25661.03,25729.788,25391.137,25685.382,337817.0,320749.0,ZN
2024-12-16,25725.395,25826.73,25477.382,25619.039,259791.0,314852.0,ZN
2024-12-17,25592.036,25627.54,25363.561,25463.287,240496.0,305167.0,ZN
2024-12-18,25381.108,25415.078,25001.206,25033.65,274616.0,291247.0,ZN
2024-12-19,25078.765,25146.88,24820.063,24990.806,269284.0,281256.0,ZN
2024-12-20,24985.33,25095.212,24897.957,24983.702,223863.0,275923.0,ZN
2024-12-23,24895.894,25089.547,24696.05,25045.067,289235.0,272937.0,ZN
2024-12-24,25089.062,25282.006,24975.091,25247.883,235138.0,286461.0,ZN
2024-12-25,25340.919,25483.78,25293.549,25441.689,222963.0,291073.0,ZN
2024-12-26,25477.785,25641.299,25338.467,25405.453,220504.0,298734.0,ZN
2024-12-27,25440.041,25520.882,25165.728,25202.942,235831.0,293806.0,ZN
2024-12-30,25175.259,25420.021,25158.426,25347.508,224722.0,295563.0,ZN
2024-12-31,25313.96,25452.475,25189.475,25447.124,230936.0,289113.0,ZN
2025-01-02,25228.233,25289.14,25088.321,25240.671,199993.0,286587.0,ZN
2025-01-03,24923.123,25013.994,24513.339,24664.176,356405.0,257433.0,ZN
2025-01-06,24492.084,24579.015,24380.461,24467.655,280331.0,244140.0,ZN
2025-01-07,24666.996,24738.272,24286.705,24378.031,272921.0,238384.0,ZN
2025-01-08,24339.375,24400.804,24063.387,24193.869,256431.0,238126.0,ZN
2025-01-09,24027.338,24170.547,23798.427,24091.034,320322.0,235442.0,ZN
2025-01-10,24154.916,24244.271,24015.87,24124.028,214395.0,231900.0,ZN
2025-01-13,24267.973,24335.789,24064.221,24251.162,291468.0,232035.0,ZN
2025-01-14,24280.793,24296.361,24002.45,24013.457,266290.0,236415.0,ZN
2025-01-15,24105.972,24201.592,23467.335,23544.963,388426.0,258168.0,ZN
2025-01-16,23576.24,23902.568,23554.662,23755.634,357277.0,250592.0,ZN
2025-01-17,23753.915,24226.075,23602.31,24205.028,351373.0,227934.0,ZN
2025-01-20,24254.508,24350.568,24008.221,24197.909,355972.0,213664.0,ZN
2025-01-21,24203.022,24399.807,24109.35,24182.078,249288.0,203281.0,ZN
2025-01-22,24104.109,24222.198,24047.782,24103.532,196345.0,194872.0,ZN
2025-01-23,24056.666,24158.33,23641.189,23698.697,238220.0,191413.0,ZN
2025-01-24,23732.481,23947.707,23669.733,23866.454,180710.0,180306.0,ZN
2025-01-27,23868.413,23888.751,23477.604,23650.679,216452.0,172622.0,ZN
2025-02-05,23592.696,23704.481,23169.007,23236.961,201759.0,185026.0,ZN
2025-02-06,23143.59,23679.628,22992.096,23635.823,281896.0,187717.0,ZN
2025-02-07,23587.456,24059.062,23562.772,23964.627,249679.0,184087.0,ZN
2025-02-10,23965.352,23987.251,23668.119,23774.363,211544.0,184552.0,ZN
2025-02-11,23709.994,23794.178,23565.096,23707.389,179749.0,186801.0,ZN
2025-02-12,23555.813,23812.314,23440.307,23770.035,186720.0,188040.0,ZN
2025-02-13,23812.845,23893.942,23696.752,23746.956,182873.0,186176.0,ZN
2025-02-14,23705.513,24100.382,23634.588,24086.735,240146.0,188046.0,ZN
2025-02-17,24062.202,24081.652,23556.326,23825.068,296184.0,183447.0,ZN
2025-02-18,23809.144,23965.069,23778.905,23865.2,175873.0,178276.0,ZN
2025-02-19,23966.621,24014.757,23850.308,23911.449,162701.0,178459.0,ZN
2025-02-20,23946.957,24133.981,23824.404,24120.711,199677.0,183125.0,ZN
2025-02-21,24133.442,24201.709,23931.109,23985.863,239889.0,177682.0,ZN
2025-02-24,23941.298,24123.735,23894.684,23968.53,242797.0,177999.0,ZN
2025-02-25,23835.152,23855.348,23559.453,23584.637,272484.0,180754.0,ZN
2025-02-26,23508.825,23653.361,23491.494,23554.692,194345.0,180131.0,ZN
2025-02-27,23594.743,23632.446,23425.203,23539.039,177860.0,180301.0,ZN
2025-02-28,23630.626,23650.593,23287.049,23406.701,228966.0,186585.0,ZN
2025-03-03,23459.598,23771.056,23439.803,23696.628,261718.0,174830.0,ZN
2025-03-04,23718.971,23825.316,23597.647,23647.467,201823.0,170749.0,ZN
2025-03-05,23699.489,23750.609,23450.858,23596.455,219354.0,176762.0,ZN
2025-03-06,23749.211,24000.295,23638.675,23940.903,274540.0,187778.0,ZN
2025-03-07,24047.971,24108.033,23889.39,23919.147,250111.0,199733.0,ZN
2025-03-10,23854.283,23939.534,23694.364,23784.897,238463.0,193580.0,ZN
2025-03-11,23750.796,23791.041,23484.985,23780.956,238859.0,193074.0,ZN
2025-03-12,23915.413,23949.113,23797.942,23813.487,224369.0,195073.0,ZN
2025-03-13,24085.325,24135.175,23928.935,24010.522,278186.0,211641.0,ZN
2025-03-14,23996.367,24238.522,23940.496,24129.678,318172.0,223825.0,ZN
2025-03-17,24176.993,24233.316,24047.925,24176.663,258640.0,227467.0,ZN
2025-03-18,24127.962,24133.48,23713.147,23752.311,305408.0,219967.0,ZN
2025-03-19,23791.942,23936.502,23714.163,23877.462,244082.0,218529.0,ZN
2025-03-20,23821.353,23884.075,23620.689,23834.612,299320.0,219667.0,ZN
2025-03-21,23769.758,23911.377,23681.666,23746.178,250718.0,219525.0,ZN
2025-03-24,23795.318,24197.004,23789.95,24162.254,355991.0,236083.0,ZN
2025-03-25,24228.347,24239.126,24041.935,24097.09,218488.0,232689.0,ZN
2025-03-26,24126.337,24244.308,24056.373,24139.527,272276.0,233129.0,ZN
2025-03-27,24073.877,24163.036,24027.744,24091.136,205560.0,227827.0,ZN
2025-03-28,23978.12,23986.829,23686.114,23754.5,302157.0,217184.0,ZN
2025-03-31,23699.526,23771.823,23317.401,23428.59,349644.0,225779.0,ZN
2025-04-01,23420.199,23625.525,23324.297,23576.695,272033.0,219195.0,ZN
2025-04-02,23433.068,23500.687,23194.109,23335.133,333237.0,231796.0,ZN
2025-04-03,23177.784,23230.77,22910.759,23113.858,387015.0,232536.0,ZN
2025-04-07,21813.675,22804.683,21574.5,22445.693,605417.0,234002.0,ZN
2025-04-08,22247.324,22712.215,22054.001,22156.749,486056.0,223906.0,ZN
2025-04-09,22166.958,22255.122,21539.261,21769.455,478573.0,226115.0,ZN
2025-04-10,21641.047,22620.289,21596.257,22517.776,502796.0,208600.0,ZN
2025-04-11,22353.116,22524.335,22233.625,22452.2,337359.0,208896.0,ZN
2025-04-14,22502.261,22622.546,22397.01,22547.018,268890.0,210920.0,ZN
2025-04-15,22438.37,22470.479,22276.587,22343.249,249231.0,219985.0,ZN
2025-04-16,22319.165,22403.866,21855.522,21939.354,308251.0,235061.0,ZN
2025-04-17,21850.548,22200.305,21792.628,22006.896,287049.0,233473.0,ZN
2025-04-18,21952.772,22122.275,21879.257,22059.718,222808.0,235209.0,ZN
2025-04-21,22073.975,22452.686,21927.115,22389.207,280941.0,229560.0,ZN
2025-04-22,22403.361,22427.767,22066.319,22270.486,239290.0,236507.0,ZN
2025-04-23,22321.914,22581.638,22185.594,22427.976,321068.0,235540.0,ZN
2025-04-24,22512.034,22587.907,22403.902,22539.556,279177.0,231305.0,ZN
2025-04-25,22573.885,22839.646,22493.538,22687.342,308657.0,225979.0,ZN
2025-04-28,22565.398,22581.811,22309.215,22440.172,234101.0,220135.0,ZN
2025-04-29,22427.491,22519.757,22377.437,22467.456,161885.0,214581.0,ZN
2025-04-30,22516.947,22553.943,22261.871,22342.059,184284.0,202437.0,ZN
2025-05-06,22279.542,22469.818,22186.784,22238.131,181218.0,215039.0,ZN
2025-05-07,22177.821,22393.983,22093.352,22097.667,246775.0,227466.0,ZN
2025-05-08,22116.267,22301.633,21941.209,22044.299,343030.0,230362.0,ZN
2025-05-09,22036.999,22222.109,21946.894,22054.135,219523.0,230169.0,ZN
2025-05-12,22202.622,22410.109,21989.882,22388.756,400992.0,232447.0,ZN
2025-05-13,22448.198,22551.697,22060.76,22234.466,297299.0,229795.0,ZN
2025-05-14,22173.423,22660.084,22065.654,22610.922,395778.0,226052.0,ZN
2025-05-15,22784.523,22807.789,22445.019,22497.492,283218.0,222896.0,ZN
2025-05-16,22390.811,22531.892,22334.346,22383.876,220436.0,222618.0,ZN
2025-05-19,22349.005,22438.462,22227.622,22296.34,242552.0,222642.0,ZN
2025-05-20,22284.486,22334.274,22205.184,22260.696,199183.0,223895.0,ZN
2025-05-21,22347.663,22494.179,22322.993,22427.424,230535.0,226378.0,ZN
2025-05-22,22358.193,22364.888,22183.501,22264.686,233746.0,227497.0,ZN
2025-05-23,22294.859,22377.358,22210.715,22221.737,197405.0,227250.0,ZN
2025-05-26,22149.203,22291.946,22092.127,22186.348,220925.0,228230.0,ZN
2025-05-27,22169.084,22654.212,22158.275,22312.564,530668.0,224596.0,ZN
2025-05-28,22337.583,22435.381,22163.437,22174.194,249396.0,229140.0,ZN
2025-05-29,22239.98,22452.93,22154.766,22423.01,300772.0,228008.0,ZN
2025-05-30,22358.002,22378.484,22071.342,22138.946,281970.0,226674.0,ZN
2025-06-03,22225.167,22395.651,21984.257,22072.894,241198.0,238690.0,ZN
2025-06-04,22139.291,22381.11,22136.416,22333.523,265851.0,238266.0,ZN
2025-06-05,22272.907,22355.697,22173.04,22261.272,224684.0,240856.0,ZN
2025-06-06,22221.463,22326.476,22159.821,22297.135,283663.0,235010.0,ZN
2025-06-09,22157.452,22222.794,21752.026,21805.464,417812.0,276994.0,ZN
2025-06-10,21808.119,21830.993,21641.769,21721.651,279728.0,284872.0,ZN
2025-06-11,21752.859,22045.733,21728.314,21984.472,287252.0,275660.0,ZN
2025-06-12,21944.563,22000.385,21810.47,21913.451,214554.0,277184.0,ZN
2025-06-13,21803.608,21896.787,21548.908,21608.791,356046.0,300051.0,ZN
2025-06-16,21519.199,21732.22,21438.932,21646.424,313582.0,293993.0,ZN
2025-06-17,21769.779,21798.569,21594.859,21721.796,232278.0,280453.0,ZN
2025-06-18,21692.624,21927.613,21647.071,21857.634,237450.0,264967.0,ZN
2025-06-19,21776.042,21842.69,21627.099,21700.209,227402.0,264737.0,ZN
2025-06-20,21746.17,21841.74,21680.359,21686.99,234081.0,259316.0,ZN
2025-06-23,21768.613,21813.573,21642.075,21782.527,240859.0,259577.0,ZN
2025-06-24,21856.406,22013.809,21812.247,21919.165,321650.0,255728.0,ZN
2025-06-25,21972.86,22075.154,21854.875,22028.239,253310.0,259880.0,ZN
2025-06-26,22058.236,22352.782,22002.923,22210.582,273966.0,264399.0,ZN
2025-06-27,22303.876,22533.748,22230.128,22380.977,351780.0,270233.0,ZN
2025-06-30,22316.096,22502.482,22300.904,22469.019,253373.0,274868.0,ZN
2025-07-01,22355.694,22385.141,22073.423,22218.927,272142.0,268763.0,ZN
2025-07-02,22212.591,22271.231,22109.247,22195.422,190802.0,263829.0,ZN
2025-07-03,22265.265,22363.924,22208.078,22287.224,200886.0,264239.0,ZN
2025-07-04,22271.798,22401.644,22220.117,22365.543,229371.0,262733.0,ZN
2025-07-07,22300.941,22313.125,21996.076,22050.187,241300.0,261401.0,ZN
2025-07-08,22032.438,22066.038,21802.865,21988.373,255709.0,253618.0,ZN
2025-07-09,22108.569,22127.088,21939.486,22065.718,250714.0,250347.0,ZN
2025-07-10,22078.117,22390.046,22061.481,22347.744,250979.0,253668.0,ZN
2025-07-11,22353.563,22448.351,22299.506,22355.577,224473.0,252089.0,ZN
2025-07-14,22197.444,22247.314,22122.007,22232.607,233090.0,238274.0,ZN
2025-07-15,22094.235,22180.008,22033.869,22070.363,216448.0,236504.0,ZN
2025-07-16,22028.393,22049.45,21949.634,22023.57,183628.0,231613.0,ZN
2025-07-17,21968.855,22150.214,21949.635,22110.089,194120.0,223286.0,ZN
2025-07-18,22154.041,22358.949,22123.039,22285.175,244249.0,226362.0,ZN
2025-07-21,22407.123,22922.74,22401.728,22903.899,413035.0,238350.0,ZN
2025-07-22,22861.145,22966.807,22742.455,22927.31,280368.0,237168.0,ZN
2025-07-23,22837.588,23003.13,22801.412,22951.728,249667.0,241605.0,ZN
2025-07-24,22983.681,23053.9,22889.902,22999.256,230054.0,242784.0,ZN
2025-07-25,22902.756,22920.868,22739.636,22868.321,229103.0,234624.0,ZN
2025-07-28,22890.698,22946.778,22568.157,22636.912,289780.0,224395.0,ZN
2025-07-29,22646.606,22717.304,22573.69,22649.732,197911.0,217976.0,ZN
2025-07-30,22631.044,22771.767,22606.975,22674.614,217408.0,223752.0,ZN
2025-07-31,22629.774,22687.875,22303.309,22352.786,282733.0,214027.0,ZN
2025-08-01,22318.955,22428.795,22279.952,22319.405,164997.0,214582.0,ZN
2025-08-04,22220.783,22262.71,22117.749,22249.507,191511.0,211200.0,ZN
2025-08-05,22306.284,22388.152,22244.908,22380.093,139619.0,205615.0,ZN
2025-08-06,22368.012,22401.977,22248.426,22369.796,143665.0,202046.0,ZN
2025-08-07,22456.886,22623.477,22420.657,22585.064,223562.0,209722.0,ZN
2025-08-08,22545.756,22566.843,22442.481,22514.698,140513.0,208866.0,ZN
2025-08-11,22487.368,22673.909,22434.432,22597.606,157190.0,213578.0,ZN
2025-08-12,22494.056,22658.179,22459.089,22636.858,141903.0,211490.0,ZN
2025-08-13,22711.343,22776.726,22609.9,22620.181,148195.0,213489.0,ZN
2025-08-14,22612.385,22649.093,22434.898,22488.008,151391.0,209862.0,ZN
2025-08-15,22524.436,22588.423,22475.786,22520.247,167794.0,215451.0,ZN
2025-08-18,22436.101,22460.211,22317.639,22352.522,197788.0,212220.0,ZN
2025-08-19,22314.746,22338.633,22179.256,22209.362,197159.0,214601.0,ZN
2025-08-20,22222.501,22276.536,22160.484,22266.427,182089.0,216150.0,ZN
